         -2416  -45.10041356
         -2415   -45.0240007
         -2414  -44.94758784
         -2413  -44.87123588
         -2412  -44.79499506
         -2411  -44.71890458
         -2410  -44.64293467
         -2409  -44.56707411
         -2408  -44.49132228
         -2407  -44.41571157
         -2406  -44.34022676
         -2405  -44.26484893
         -2404  -44.18957746
         -2403  -44.11444201
         -2402  -44.03943372
         -2401  -43.96453009
         -2400  -43.88973051
         -2399  -43.81506585
         -2398  -43.74052567
         -2397  -43.66608787
         -2396  -43.59175185
         -2395  -43.51755357
         -2394  -43.44347324
         -2393  -43.36949304
         -2392   -43.2956124
         -2391  -43.22187616
         -2390  -43.14824755
         -2389  -43.07471689
         -2388  -43.00128626
         -2387  -42.92800507
         -2386  -42.85482023
         -2385  -42.78173117
         -2384  -42.70875542
         -2383  -42.63591228
         -2382  -42.56316336
         -2381  -42.49050812
         -2380  -42.41798303
         -2379  -42.34557021
         -2378  -42.27324954
         -2377  -42.20102256
         -2376  -42.12894186
         -2375  -42.05695177
         -2374  -41.98505178
         -2373  -41.91326853
         -2372  -41.84160511
         -2371   -41.7700303
         -2370  -41.69854358
         -2369  -41.62719997
         -2368  -41.55594648
         -2367  -41.48477962
         -2366  -41.41372685
         -2365  -41.34279087
         -2364  -41.27194007
         -2363  -41.20117636
         -2362  -41.13055412
         -2361  -41.06001564
         -2360  -40.98956044
         -2359    -40.919227
         -2358  -40.84899714
         -2357  -40.77884915
         -2356  -40.70880037
         -2355  -40.63887546
         -2354  -40.56903105
         -2353  -40.49926667
         -2352  -40.42964162
         -2351  -40.36009719
         -2350  -40.29063143
         -2349  -40.22128673
         -2348  -40.15203872
         -2347  -40.08286805
         -2346  -40.01380198
         -2345  -39.94484688
         -2344   -39.8759678
         -2343  -39.80717868
         -2342  -39.73851302
         -2341  -39.66992208
         -2340  -39.60140823
         -2339  -39.53302857
         -2338  -39.46472235
         -2337  -39.39648913
         -2336  -39.32838508
         -2335   -39.2603602
         -2334  -39.19240707
         -2333  -39.12457415
         -2332  -39.05682729
         -2331  -38.98915093
         -2330  -38.92158751
         -2329  -38.85411537
         -2328   -38.7867125
         -2327  -38.71941696
         -2326  -38.65221629
         -2325  -38.58508367
         -2324  -38.51805441
         -2323  -38.45112199
         -2322  -38.38425642
         -2321  -38.31749184
         -2320  -38.25082448
         -2319   -38.1842228
         -2318  -38.11772131
         -2317  -38.05131588
         -2316  -37.98497496
         -2315  -37.91873499
         -2314  -37.85258838
         -2313  -37.78650513
         -2312  -37.72052513
         -2311  -37.65463427
         -2310  -37.58880564
         -2309  -37.52308405
         -2308  -37.45744591
         -2307  -37.39186887
         -2306  -37.32640416
         -2305  -37.26101574
         -2304  -37.19568733
         -2303  -37.13047797
         -2302  -37.06533631
         -2301  -37.00025405
         -2300  -36.93529804
         -2299  -36.87040021
         -2298  -36.80557104
         -2297  -36.74085703
         -2296  -36.67620014
         -2295  -36.61162257
         -2294  -36.54714769
         -2293  -36.48272888
         -2292  -36.41840141
         -2291  -36.35416282
         -2290  -36.28997926
         -2289  -36.22590042
         -2288  -36.16189532
         -2287  -36.09794422
         -2286  -36.03411255
         -2285  -35.97033816
         -2284  -35.90662952
         -2283   -35.8430308
         -2282  -35.77948438
         -2281  -35.71602074
         -2280  -35.65264827
         -2279  -35.58932711
         -2278  -35.52610702
         -2277  -35.46295811
         -2276  -35.39985954
         -2275  -35.33688158
         -2274  -35.27395357
         -2273  -35.21109615
         -2272  -35.14833769
         -2271  -35.08562795
         -2270  -35.02301054
         -2269  -34.96046871
         -2268  -34.89797464
         -2267  -34.83559584
         -2266  -34.77326805
         -2265  -34.71100803
         -2264  -34.64884552
         -2263  -34.58672921
         -2262  -34.52470572
         -2261  -34.46275309
         -2260  -34.40084736
         -2259  -34.33905743
         -2258  -34.27731217
         -2257  -34.21564091
         -2256  -34.15405678
         -2255  -34.09251643
         -2254  -34.03107829
         -2253  -33.96969749
         -2252   -33.9083754
         -2251  -33.84715323
         -2250  -33.78597334
         -2249  -33.72488235
         -2248  -33.66385955
         -2247  -33.60288361
         -2246  -33.54201695
         -2245  -33.48119114
         -2244   -33.4204443
         -2243  -33.35977312
         -2242  -33.29914194
         -2241  -33.23862288
         -2240  -33.17814484
         -2239  -33.11773918
         -2238  -33.05741338
         -2237  -32.99712617
         -2236  -32.93694632
         -2235  -32.87680988
         -2234  -32.81674245
         -2233  -32.75675588
         -2232  -32.69680653
         -2231  -32.63696298
         -2230  -32.57716205
         -2229  -32.51742997
         -2228  -32.45777659
         -2227  -32.39815907
         -2226  -32.33864895
         -2225  -32.27917756
         -2224  -32.21977794
         -2223  -32.16045182
         -2222  -32.10116239
         -2221  -32.04198068
         -2220  -31.98283296
         -2219  -31.92376296
         -2218  -31.86475827
         -2217  -31.80579752
         -2216    -31.746935
         -2215  -31.68810518
         -2214    -31.629362
         -2213  -31.57067299
         -2212  -31.51203813
         -2211   -31.4534891
         -2210  -31.39497151
         -2209  -31.33655236
         -2208  -31.27817341
         -2207  -31.21986166
         -2206  -31.16162052
         -2205  -31.10341586
         -2204  -31.04531172
         -2203  -30.98723729
         -2202  -30.92924591
         -2201  -30.87130716
         -2200  -30.81342197
         -2199  -30.75561811
         -2198  -30.69784275
         -2197  -30.64016903
         -2196  -30.58252726
         -2195  -30.52495883
         -2194  -30.46744987
         -2193  -30.40998643
         -2192   -30.3526095
         -2191   -30.2952594
         -2190  -30.23800506
         -2189  -30.18078572
         -2188  -30.12363548
         -2187  -30.06654613
         -2186  -30.00949971
         -2185  -29.95253958
         -2184  -29.89560467
         -2183  -29.83876501
         -2182  -29.78195808
         -2181  -29.72522137
         -2180  -29.66854167
         -2179  -29.61190761
         -2178  -29.55535439
         -2177  -29.49882482
         -2176   -29.4423952
         -2175  -29.38599091
         -2174  -29.32966309
         -2173  -29.27338332
         -2172  -29.21715701
         -2171  -29.16100104
         -2170  -29.10487596
         -2169  -29.04884305
         -2168  -28.99283182
         -2167  -28.93690835
         -2166  -28.88101901
         -2165  -28.82519592
         -2164  -28.76942775
         -2163  -28.71370476
         -2162  -28.65805705
         -2161  -28.60243389
         -2160  -28.54690592
         -2159  -28.49139771
         -2158  -28.43597337
         -2157  -28.38058377
         -2156  -28.32525842
         -2155  -28.26998672
         -2154  -28.21476009
         -2153   -28.1596056
         -2152  -28.10447742
         -2151  -28.04943944
         -2150  -27.99441939
         -2149  -27.93948728
         -2148  -27.88458263
         -2147  -27.82974816
         -2146  -27.77495823
         -2145  -27.72022113
         -2144  -27.66554524
         -2143  -27.61090523
         -2142  -27.55634272
         -2141  -27.50179953
         -2140  -27.44734971
         -2139  -27.39291563
         -2138   -27.3385653
         -2137  -27.28424285
         -2136  -27.22998854
         -2135  -27.17577706
         -2134  -27.12161852
         -2133  -27.06751735
         -2132  -27.01345431
         -2131   -26.9594628
         -2130  -26.90549499
         -2129  -26.85161249
         -2128  -26.79774363
         -2127  -26.74396552
         -2126  -26.69020464
         -2125  -26.63652098
         -2124  -26.58286744
         -2123  -26.52927798
         -2122  -26.47573114
         -2121  -26.42223562
         -2120  -26.36879484
         -2119    -26.315393
         -2118  -26.26205766
         -2117  -26.20874926
         -2116  -26.15551873
         -2115  -26.10230349
         -2114  -26.04917715
         -2113  -25.99606171
         -2112  -25.94303206
         -2111  -25.89001983
         -2110  -25.83708259
         -2109  -25.78417295
         -2108  -25.73132787
         -2107  -25.67852021
         -2106  -25.62576704
         -2105  -25.57306076
         -2104  -25.52039925
         -2103  -25.46779374
         -2102  -25.41522364
         -2101   -25.3627183
         -2100  -25.31023937
         -2099  -25.25783361
         -2098  -25.20544559
         -2097  -25.15313881
         -2096  -25.10084146
         -2095  -25.04863308
         -2094  -24.99643233
         -2093  -24.94431558
         -2092   -24.8922123
         -2091  -24.84018549
         -2090  -24.78817909
         -2089  -24.73624197
         -2088  -24.68433188
         -2087  -24.63248422
         -2086  -24.58066987
         -2085  -24.52891141
         -2084  -24.47719222
         -2083  -24.42552273
         -2082  -24.37389814
         -2081  -24.32231738
         -2080  -24.27078682
         -2079  -24.21929455
         -2078  -24.16785746
         -2077  -24.11645344
         -2076  -24.06510926
         -2075  -24.01379326
         -2074  -23.96254144
         -2073  -23.91131321
         -2072   -23.8601532
         -2071  -23.80901251
         -2070  -23.75794375
         -2069  -23.70689038
         -2068  -23.65591232
         -2067  -23.60494602
         -2066  -23.55405813
         -2065  -23.50317867
         -2064  -23.45238041
         -2063  -23.40158756
         -2062  -23.35087838
         -2061  -23.30017191
         -2060  -23.24955129
         -2059  -23.19893277
         -2058  -23.14839836
         -2057  -23.09786757
         -2056  -23.04741884
         -2055  -22.99697525
         -2054  -22.94661198
         -2053  -22.89625506
         -2052  -22.84597702
         -2051  -22.79570626
         -2050  -22.74551322
         -2049  -22.69532809
         -2048  -22.64521984
         -2047  -22.59511983
         -2046  -22.54509613
         -2045  -22.49508073
         -2044  -22.44514135
         -2043  -22.39521006
         -2042  -22.34535478
         -2041  -22.29550708
         -2040  -22.24573569
         -2039  -22.19597108
         -2038  -22.14628335
         -2037  -22.09660133
         -2036  -22.04699703
         -2035  -21.99739711
         -2034  -21.94787603
         -2033   -21.8983577
         -2032  -21.84891962
         -2031   -21.7994824
         -2030  -21.75012709
         -2029  -21.70077178
         -2028  -21.65149774
         -2027  -21.60222499
         -2026  -21.55303086
         -2025  -21.50384045
         -2024  -21.45472575
         -2023  -21.40561746
         -2022  -21.35658171
         -2021  -21.30755533
         -2020  -21.25859805
         -2019  -21.20965335
         -2018  -21.16077407
         -2017  -21.11191085
         -2016  -21.06310909
         -2015  -21.01432714
         -2014  -20.96560243
         -2013  -20.91690152
         -2012  -20.86825339
         -2011  -20.81963332
         -2010  -20.77106132
         -2009  -20.72252187
         -2008  -20.67402552
         -2007  -20.62556649
         -2006  -20.57714534
         -2005  -20.52876651
         -2004   -20.4804201
         -2003  -20.43212125
         -2002  -20.38384913
         -2001  -20.33563007
         -2000  -20.28743178
         -1999  -20.23929229
         -1998  -20.19116739
         -1997  -20.14310727
         -1996   -20.0950553
         -1995  -20.04707434
         -1994  -19.99909486
         -1993  -19.95119285
         -1992  -19.90329084
         -1991  -19.85546216
         -1990  -19.80763889
         -1989  -19.75988162
         -1988  -19.71213689
         -1987  -19.66445059
         -1986   -19.6167842
         -1985  -19.56916843
         -1984  -19.52158017
         -1983   -19.4740345
         -1982  -19.42652417
         -1981  -19.37904818
         -1980  -19.33161558
         -1979  -19.28420883
         -1978  -19.23685375
         -1977  -19.18951583
         -1976  -19.14223808
         -1975  -19.09496855
         -1974  -19.04776792
         -1973  -19.00056729
         -1972  -18.95344266
         -1971  -18.90631896
         -1970   -18.8592617
         -1969  -18.81221472
         -1968   -18.7652244
         -1967  -18.71825395
         -1966  -18.67133016
         -1965  -18.62443604
         -1964  -18.57757838
         -1963  -18.53076039
         -1962  -18.48396845
         -1961  -18.43722639
         -1960  -18.39049976
         -1959  -18.34383344
         -1958  -18.29717171
         -1957  -18.25058094
         -1956  -18.20399017
         -1955   -18.1574683
         -1954  -18.11095288
         -1953  -18.06449492
         -1952  -18.01805466
         -1951  -17.97166021
         -1950  -17.92529491
         -1949  -17.87896359
         -1948  -17.83267306
         -1947  -17.78640447
         -1946  -17.74018852
         -1945  -17.69398227
         -1944   -17.6478407
         -1943  -17.60169914
         -1942  -17.55562904
         -1941  -17.50956167
         -1940  -17.46355294
         -1939  -17.41755958
         -1938  -17.37161185
         -1937  -17.32569231
         -1936  -17.27980519
         -1935  -17.23395928
         -1934   -17.1881324
         -1933  -17.14235992
         -1932  -17.09659291
         -1931  -17.05089368
         -1930  -17.00519445
         -1929  -16.95955999
         -1928  -16.91393383
         -1927  -16.86835829
         -1926  -16.82280501
         -1925  -16.77728803
         -1924  -16.73180744
         -1923  -16.68634865
         -1922  -16.64094057
         -1921   -16.5955396
         -1920  -16.55020384
         -1919  -16.50486808
         -1918  -16.45959672
         -1917   -16.4143331
         -1916  -16.36911865
         -1915  -16.32392699
         -1914   -16.2787691
         -1913  -16.23364921
         -1912  -16.18854752
         -1911  -16.14349922
         -1910  -16.09845338
         -1909  -16.05347649
         -1908   -16.0084996
         -1907  -15.96358048
         -1906  -15.91867481
         -1905  -15.87381065
         -1904  -15.82897604
         -1903   -15.7841665
         -1902  -15.73940275
         -1901  -15.69464747
         -1900  -15.64995441
         -1899  -15.60526136
         -1898  -15.56063051
         -1897  -15.51600797
         -1896  -15.47143052
         -1895  -15.42687831
         -1894  -15.38235392
         -1893  -15.33787186
         -1892   -15.2934002
         -1891  -15.24898812
         -1890  -15.20457604
         -1889  -15.16022657
         -1888  -15.11588429
         -1887  -15.07158669
         -1886  -15.02731404
         -1885  -14.98306799
         -1884  -14.93886478
         -1883  -14.89466994
         -1882  -14.85053602
         -1881  -14.80640209
         -1880  -14.76232724
         -1879  -14.71826241
         -1878  -14.67423794
         -1877  -14.63024204
         -1876  -14.58626764
         -1875  -14.54234049
         -1874  -14.49841583
         -1873  -14.45455727
         -1872  -14.41069871
         -1871  -14.36689187
         -1870  -14.32310172
         -1869  -14.27934381
         -1868  -14.23562189
         -1867  -14.19191259
         -1866  -14.14825875
         -1865  -14.10460491
         -1864   -14.0610118
         -1863  -14.01742586
         -1862  -13.97388056
         -1861  -13.93036235
         -1860  -13.88686456
         -1859   -13.8434139
         -1858   -13.7999633
         -1857  -13.75658004
         -1856  -13.71319677
         -1855  -13.66986028
         -1854  -13.62654424
         -1853  -13.58325416
         -1852  -13.54000518
         -1851  -13.49676121
         -1850  -13.45357911
         -1849  -13.41039701
         -1848  -13.36726557
         -1847   -13.3241502
         -1846   -13.2810641
         -1845  -13.23801528
         -1844  -13.19497422
         -1843  -13.15199179
         -1842  -13.10900936
         -1841  -13.06607928
         -1840  -13.02316308
         -1839  -12.98027728
         -1838  -12.93742714
         -1837  -12.89458534
         -1836  -12.85180109
         -1835  -12.80901685
         -1834  -12.76628449
         -1833  -12.72356598
         -1832  -12.68087687
         -1831  -12.63822393
         -1830  -12.59557779
         -1829  -12.55299026
         -1828  -12.51040273
         -1827  -12.46786451
         -1826  -12.42534223
         -1825  -12.38284625
         -1824  -12.34038905
         -1823  -12.29793502
         -1822  -12.25554276
         -1821  -12.21315049
         -1820  -12.17080289
         -1819  -12.12847539
         -1818  -12.08616903
         -1817  -12.04390613
         -1816  -12.00164324
         -1815  -11.95944228
         -1814  -11.91724383
         -1813   -11.8750834
         -1812  -11.83294924
         -1811  -11.79082905
         -1810  -11.74875902
         -1809  -11.70668899
         -1808  -11.66467276
         -1807   -11.6226667
         -1806  -11.58069002
         -1805  -11.53874777
         -1804  -11.49681037
         -1803  -11.45493179
         -1802   -11.4130532
         -1801  -11.37121832
         -1800  -11.32940324
         -1799  -11.28760695
         -1798  -11.24585521
         -1797  -11.20410348
         -1796  -11.16240872
         -1795  -11.12072017
         -1794  -11.07906333
         -1793  -11.03743781
         -1792  -10.99581863
         -1791    -10.954256
         -1790  -10.91269337
         -1789  -10.87117431
         -1788  -10.82967441
         -1787  -10.78819234
         -1786  -10.74675501
         -1785  -10.70531768
         -1784  -10.66393477
         -1783  -10.62255986
         -1782  -10.58121328
         -1781  -10.53990064
         -1780  -10.49859013
         -1779  -10.45733961
         -1778   -10.4160891
         -1777  -10.37487638
         -1776  -10.33368783
         -1775  -10.29251053
         -1774   -10.2513838
         -1773  -10.21025707
         -1772  -10.16917662
         -1771  -10.12811155
         -1770  -10.08706588
         -1769  -10.04606233
         -1768  -10.00505878
         -1767  -9.964109017
         -1766  -9.923166829
         -1765  -9.882251219
         -1764  -9.841370248
         -1763  -9.800489277
         -1762  -9.759668643
         -1761   -9.71884874
         -1760  -9.678061628
         -1759  -9.637302645
         -1758  -9.596548816
         -1757  -9.555850606
         -1756  -9.515152396
         -1755   -9.47449224
         -1754  -9.433854655
         -1753  -9.393227165
         -1752   -9.35265006
         -1751  -9.312072954
         -1750  -9.271538229
         -1749  -9.231021456
         -1748  -9.190518787
         -1747    -9.1500622
         -1746  -9.109605613
         -1745  -9.069194812
         -1744  -9.028798266
         -1743  -8.988418918
         -1742  -8.948082268
         -1741  -8.907745619
         -1740  -8.867457248
         -1739   -8.82718035
         -1738  -8.786922835
         -1737  -8.746705546
         -1736  -8.706488256
         -1735  -8.666320837
         -1734  -8.626163012
         -1733   -8.58602586
         -1732  -8.545927356
         -1731  -8.505828852
         -1730  -8.465780924
         -1729  -8.425741599
         -1728  -8.385723355
         -1727  -8.345743066
         -1726  -8.305762777
         -1725  -8.265832893
         -1724  -8.225911499
         -1723  -8.186010723
         -1722  -8.146148081
         -1721   -8.10628544
         -1720  -8.066472169
         -1719   -8.02666814
         -1718  -7.986883407
         -1717   -7.94713785
         -1716  -7.907392292
         -1715  -7.867694217
         -1714  -7.828006992
         -1713  -7.788336892
         -1712  -7.748707859
         -1711  -7.709078825
         -1710  -7.669494545
         -1709  -7.629923564
         -1708  -7.590366703
         -1707  -7.550853637
         -1706   -7.51134057
         -1705  -7.471868697
         -1704  -7.432413407
         -1703  -7.392968403
         -1702   -7.35357075
         -1701  -7.314173098
         -1700   -7.27481226
         -1699  -7.235472107
         -1698  -7.196137595
         -1697  -7.156854806
         -1696  -7.117572017
         -1695  -7.078320856
         -1694  -7.039095294
         -1693  -6.999869921
         -1692  -6.960701449
         -1691  -6.921532978
         -1690   -6.88239015
         -1689  -6.843278632
         -1688  -6.804167115
         -1687  -6.765106364
         -1686  -6.726051666
         -1685  -6.687015841
         -1684  -6.648017827
         -1683  -6.609019814
         -1682   -6.57006527
         -1681  -6.531123807
         -1680  -6.492193668
         -1679   -6.45330862
         -1678  -6.414423572
         -1677  -6.375573929
         -1676  -6.336745162
         -1675  -6.297919409
         -1674  -6.259146791
         -1673  -6.220374173
         -1672  -6.181628136
         -1671  -6.142911534
         -1670  -6.104194931
         -1669  -6.065528157
         -1668  -6.026867438
         -1667  -5.988223725
         -1666  -5.949618756
         -1665  -5.911013788
         -1664  -5.872448571
         -1663  -5.833899221
         -1662  -5.795356566
         -1661  -5.756862704
         -1660  -5.718368843
         -1659  -5.679903923
         -1658  -5.641465418
         -1657  -5.603026914
         -1656  -5.564639287
         -1655  -5.526256009
         -1654  -5.487890138
         -1653  -5.449561957
         -1652  -5.411233775
         -1651  -5.372944449
         -1650  -5.334671234
         -1649  -5.296403179
         -1648  -5.258184801
         -1647  -5.219966423
         -1646  -5.181774172
         -1645  -5.143610503
         -1644  -5.105446833
         -1643  -5.067329953
         -1642  -5.029220863
         -1641  -4.991124473
         -1640  -4.953069834
         -1639  -4.915015195
         -1638  -4.876993446
         -1637  -4.838993131
         -1636  -4.800992816
         -1635  -4.763045282
         -1634  -4.725099164
         -1633  -4.687171351
         -1632  -4.649279301
         -1631  -4.611387252
         -1630  -4.573532935
         -1629  -4.535694829
         -1628  -4.497859771
         -1627  -4.460075481
         -1626  -4.422291191
         -1625  -4.384528916
         -1624  -4.346798316
         -1623  -4.309067717
         -1622  -4.271377809
         -1621  -4.233700775
         -1620  -4.196029381
         -1619  -4.158405786
         -1618  -4.120782192
         -1617  -4.083182463
         -1616  -4.045612184
         -1615  -4.008041905
         -1614  -3.970513431
         -1613  -3.932996343
         -1612  -3.895485649
         -1611  -3.858021628
         -1610  -3.820557607
         -1609  -3.783117477
         -1608  -3.745706399
         -1607  -3.708295321
         -1606  -3.670925352
         -1605  -3.633567094
         -1604  -3.596214183
         -1603  -3.558908623
         -1602  -3.521603062
         -1601  -3.484319631
         -1600  -3.447066645
         -1599  -3.409813659
         -1598  -3.372599307
         -1597  -3.335398774
         -1596  -3.298200775
         -1595  -3.261052572
         -1594   -3.22390437
         -1593   -3.18677478
         -1592  -3.149678787
         -1591  -3.112582793
         -1590   -3.07552122
         -1589  -3.038477315
         -1588   -3.00143341
         -1587  -2.964439462
         -1586  -2.927447524
         -1585  -2.890468964
         -1584  -2.853528874
         -1583  -2.816588784
         -1582  -2.779677192
         -1581  -2.742788829
         -1580  -2.705900467
         -1579  -2.669055457
         -1578  -2.632218702
         -1577  -2.595388402
         -1576  -2.558603135
         -1575  -2.521817869
         -1574  -2.485053504
         -1573  -2.448319607
         -1572   -2.41158571
         -1571    -2.3748869
         -1570  -2.338204254
         -1569  -2.301521608
         -1568  -2.264887974
         -1567  -2.228256461
         -1566  -2.191636611
         -1565  -2.155056114
         -1564  -2.118475616
         -1563  -2.081920309
         -1562  -2.045390708
         -1561  -2.008861108
         -1560   -1.97236997
         -1559   -1.93589115
         -1558  -1.899413146
         -1557   -1.86298499
         -1556  -1.826556833
         -1555  -1.790142374
         -1554  -1.753764765
         -1553  -1.717387156
         -1552  -1.681035874
         -1551  -1.644708696
         -1550  -1.608381518
         -1549  -1.572093046
         -1548  -1.535816183
         -1547  -1.499539958
         -1546  -1.463313295
         -1545  -1.427086632
         -1544  -1.390872606
         -1543  -1.354696028
         -1542   -1.31851945
         -1541  -1.282367261
         -1540  -1.246240654
         -1539  -1.210114046
         -1538  -1.174023336
         -1537  -1.137946584
         -1536  -1.101869832
         -1535  -1.065840243
         -1534  -1.029813233
         -1533 -0.9937947818
         -1532 -0.9578173993
         -1531 -0.9218400168
         -1530 -0.8858820911
         -1529 -0.8499542231
         -1528 -0.8140263552
         -1527 -0.7781286023
         -1526 -0.7422501358
         -1525 -0.7063716694
         -1524 -0.6705337386
         -1523  -0.634704561
         -1522  -0.598876927
         -1521 -0.5630969258
         -1520 -0.5273169246
         -1519 -0.4915485287
         -1518 -0.4558175919
         -1517 -0.4200866551
         -1516 -0.3843771515
         -1515 -0.3486951674
         -1514 -0.3130131832
         -1513  -0.277362228
         -1512 -0.2417290851
         -1511 -0.2060959422
         -1510  -0.170503193
         -1509 -0.1349187804
         -1508-0.09933527713
         -1507 -0.0637994839
         -1506-0.02826369067
         -1505 0.007262175598
         -1504 0.04274945979
         -1503 0.07823674399
         -1502  0.1137053108
         -1501  0.1491441961
         -1500  0.1845830813
         -1499  0.2199946846
         -1498  0.2553852806
         -1497  0.2907758767
         -1496  0.3261308505
         -1495  0.3614732669
         -1494  0.3968156832
         -1493  0.4321143601
         -1492  0.4674087059
         -1491  0.5026993784
         -1490  0.5379457624
         -1489  0.5731921464
         -1488  0.6084270735
         -1487  0.6436256042
         -1486  0.6788241349
         -1485  0.7140036445
         -1484    0.74915443
         -1483  0.7843052156
         -1482  0.8194296339
         -1481  0.8545327822
         -1480  0.8896359305
         -1479   0.924705582
         -1478  0.9597612006
         -1477  0.9948168192
         -1476   1.029832027
         -1475   1.064840223
         -1474   1.099848419
         -1473   1.134809505
         -1472   1.169770385
         -1471   1.204724877
         -1470   1.239638548
         -1469    1.27455222
         -1468   1.309453121
         -1467    1.34431969
         -1466   1.379186259
         -1465   1.414033886
         -1464   1.448853458
         -1463    1.48367303
         -1462   1.518467699
         -1461    1.55324038
         -1460   1.588013061
         -1459   1.622755085
         -1458   1.657480981
         -1457   1.692206876
         -1456   1.726896567
         -1455   1.761575782
         -1454   1.796254997
         -1453   1.830892666
         -1452   1.865525306
         -1451   1.900157733
         -1450   1.934743901
         -1449   1.969330069
         -1448   2.003910987
         -1447   2.038450787
         -1446   2.072990588
         -1445   2.107520302
         -1444    2.14201384
         -1443   2.176507377
         -1442   2.210986193
         -1441   2.245433571
         -1440   2.279880949
         -1439   2.314309169
         -1438    2.34871049
         -1437   2.383111811
         -1436   2.417489738
         -1435   2.451845106
         -1434   2.486200474
         -1433   2.520528407
         -1432   2.554837924
         -1431   2.589147441
         -1430    2.62342568
         -1429   2.657689448
         -1428   2.691953216
         -1427   2.726182058
         -1426   2.760400179
         -1425   2.794618301
         -1424   2.828798041
         -1423   2.862970618
         -1422   2.897143195
         -1421   2.931274128
         -1420   2.965401262
         -1419   2.999528395
         -1418   3.033610814
         -1417   3.067692606
         -1416   3.101772042
         -1415   3.135808593
         -1414   3.169845143
         -1413   3.203876546
         -1412   3.237867956
         -1411   3.271859366
         -1410   3.305843023
         -1409   3.339789393
         -1408   3.373735763
         -1407   3.407671963
         -1406   3.441573393
         -1405   3.475474822
         -1404    3.50936385
         -1403    3.54322044
         -1402   3.577077029
         -1401   3.610919169
         -1400   3.644731018
         -1399   3.678542866
         -1398   3.712338402
         -1397   3.746105609
         -1396   3.779872815
         -1395   3.813622029
         -1394   3.847344692
         -1393   3.881067356
         -1392   3.914770527
         -1391   3.948448746
         -1390   3.982126965
         -1389   4.015784373
         -1388   4.049418246
         -1387   4.083052119
         -1386   4.116664041
         -1385   4.150253666
         -1384   4.183843291
         -1383   4.217410003
         -1382   4.250955477
         -1381   4.284500952
         -1380   4.318022728
         -1379   4.351524151
         -1378   4.385025573
         -1377   4.418502687
         -1376   4.451960154
         -1375    4.48541762
         -1374   4.518850344
         -1373   4.552263952
         -1372    4.58567756
         -1371   4.619066165
         -1370   4.652436011
         -1369   4.685805857
         -1368   4.719150611
         -1367   4.752476792
         -1366   4.785802972
         -1365   4.819104144
         -1364   4.852386755
         -1363   4.885669366
         -1362   4.918927222
         -1361   4.952166359
         -1360   4.985405497
         -1359   5.018620302
         -1358   5.051816062
         -1357   5.085011821
         -1356    5.11818384
         -1355   5.151336316
         -1354   5.184488793
         -1353   5.217618288
         -1352   5.250727576
         -1351   5.283836865
         -1350   5.316924098
         -1349   5.349990293
         -1348   5.383056489
         -1347   5.416101718
         -1346   5.449124915
         -1345   5.482148112
         -1344   5.515151598
         -1343   5.548131891
         -1342   5.581112183
         -1341   5.614074183
         -1340   5.647011665
         -1339   5.679949147
         -1338   5.712869916
         -1337   5.745764681
         -1336   5.778659446
         -1335    5.81153924
         -1334   5.844391382
         -1333   5.877243523
         -1332   5.910082595
         -1331   5.942892207
         -1330   5.975701818
         -1329    6.00850042
         -1328   6.041267595
         -1327   6.074034769
         -1326   6.106793153
         -1325   6.139517982
         -1324   6.172242811
         -1323   6.204961226
         -1322   6.237643803
         -1321    6.27032638
         -1320   6.303005075
         -1319   6.335645492
         -1318   6.368285908
         -1317   6.400925131
         -1316   6.433523479
         -1315   6.466121827
         -1314   6.498720175
         -1313   6.531278194
         -1312   6.563834565
         -1311   6.596390936
         -1310   6.628910064
         -1309    6.66142455
         -1308   6.693939035
         -1307   6.726419517
         -1306   6.758892207
         -1305   6.791364898
         -1304   6.823806975
         -1303   6.856237962
         -1302   6.888668949
         -1301   6.921072862
         -1300   6.953462236
         -1299    6.98585161
         -1298   7.018217599
         -1297   7.050565449
         -1296     7.0829133
         -1295   7.115241604
         -1294   7.147548022
         -1293    7.17985444
         -1292   7.212145295
         -1291    7.24441037
         -1290   7.276675445
         -1289   7.308929088
         -1288    7.34115291
         -1287   7.373376731
         -1286   7.405593398
         -1285   7.437776054
         -1284   7.469958711
         -1283   7.502138635
         -1282   7.534280217
         -1281   7.566421798
         -1280    7.59856338
         -1279   7.630665807
         -1278   7.662766402
         -1277   7.694866997
         -1276   7.726933234
         -1275   7.758992931
         -1274   7.791052629
         -1273   7.823082905
         -1272   7.855101793
         -1271    7.88712068
         -1270   7.919115226
         -1269   7.951093392
         -1268   7.983071558
         -1267     8.0150306
         -1266   8.046968132
         -1265   8.078905664
         -1264    8.11082943
         -1263   8.142726416
         -1262   8.174623401
         -1261   8.206512116
         -1260   8.238368643
         -1259    8.27022517
         -1258   8.302079058
         -1257   8.333895213
         -1256   8.365711368
         -1255   8.397527522
         -1254   8.429306523
         -1253   8.461082392
         -1252   8.492858262
         -1251   8.524602968
         -1250   8.556338639
         -1249    8.58807431
         -1248   8.619784942
         -1247   8.651480501
         -1246   8.683176059
         -1245   8.714852838
         -1244    8.74650837
         -1243   8.778163903
         -1242   8.809807046
         -1241   8.841422639
         -1240   8.873038231
         -1239   8.904647957
         -1238   8.936223695
         -1237   8.967799432
         -1236    8.99937517
         -1235   9.030911925
         -1234   9.062447894
         -1233   9.093983862
         -1232   9.125487717
         -1231   9.156984001
         -1230   9.188480285
         -1229   9.219951454
         -1228   9.251408139
         -1227   9.282864824
         -1226   9.314303519
         -1225   9.345720689
         -1224   9.377137859
         -1223   9.408544293
         -1222   9.439922033
         -1221   9.471299773
         -1220   9.502674156
         -1219   9.534012551
         -1218   9.565350945
         -1217   9.596689339
         -1216   9.627992619
         -1215   9.659291752
         -1214   9.690590884
         -1213   9.721862616
         -1212    9.75312257
         -1211   9.784382524
         -1210   9.815622915
         -1209   9.846843774
         -1208   9.878064633
         -1207    9.90927389
         -1206   9.940455738
         -1205   9.971637586
         -1204   10.00281591
         -1203   10.03395883
         -1202   10.06510175
         -1201   10.09624467
         -1200   10.12735343
         -1199    10.1584575
         -1198   10.18956158
         -1197    10.2206399
         -1196   10.25170521
         -1195   10.28277052
         -1194    10.3138186
         -1193   10.34484523
         -1192   10.37587186
         -1191   10.40688991
         -1190   10.43787794
         -1189   10.46886597
         -1188     10.499854
         -1187    10.5308037
         -1186   10.56175322
         -1185   10.59270273
         -1184   10.62362287
         -1183   10.65453395
         -1182   10.68544503
         -1181   10.71633582
         -1180   10.74720854
         -1179   10.77808127
         -1178    10.8089429
         -1177   10.83977735
         -1176    10.8706118
         -1175   10.90144447
         -1174   10.93224073
         -1173   10.96303699
         -1172   10.99383325
         -1171   11.02459904
         -1170   11.05535719
         -1169   11.08611534
         -1168   11.11685263
         -1167   11.14757275
         -1166   11.17829288
         -1165   11.20900187
         -1164   11.23968404
         -1163   11.27036621
         -1162   11.30104709
         -1161   11.33169139
         -1160    11.3623357
         -1159      11.39298
         -1158   11.42359517
         -1157   11.45420168
         -1156    11.4848082
         -1155   11.51539572
         -1154   11.54596452
         -1153   11.57653332
         -1152   11.60709339
         -1151   11.63762456
         -1150   11.66815573
         -1149    11.6986869
         -1148   11.72918214
         -1147   11.75967576
         -1146   11.79016939
         -1145   11.82063762
         -1144   11.85109377
         -1143   11.88154992
         -1142   11.91199132
         -1141   11.94241008
         -1140   11.97282884
         -1139   12.00324361
         -1138   12.03362505
         -1137   12.06400649
         -1136   12.09438794
         -1135   12.12473902
         -1134   12.15508322
         -1133   12.18542743
         -1132   12.21575232
         -1131   12.24605937
         -1130   12.27636642
         -1129    12.3066653
         -1128   12.33693527
         -1127   12.36720523
         -1126    12.3974752
         -1125   12.42771125
         -1124   12.45794421
         -1123   12.48817718
         -1122   12.51838766
         -1121    12.5485837
         -1120   12.57877974
         -1119   12.60896482
         -1118   12.63912401
         -1117   12.66928321
         -1116    12.6994424
         -1115    12.7295655
         -1114   12.75968792
         -1113   12.78981034
         -1112   12.81990848
         -1111   12.84999421
         -1110   12.88007994
         -1109   12.91015329
         -1108    12.9402024
         -1107   12.97025151
         -1106   13.00030026
         -1105   13.03031283
         -1104    13.0603254
         -1103   13.09033797
         -1102   13.12032581
         -1101   13.15030192
         -1100   13.18027803
         -1099   13.21024168
         -1098    13.2401814
         -1097   13.27012112
         -1096   13.30006076
         -1095   13.32996417
         -1094   13.35986758
         -1093   13.38977098
         -1092   13.41965055
         -1091   13.44951772
         -1090   13.47938488
         -1089   13.50924085
         -1088   13.53907186
         -1087   13.56890287
         -1086   13.59873388
         -1085   13.62853033
         -1084   13.65832525
         -1083   13.68812017
         -1082   13.71789344
         -1081   13.74765235
         -1080   13.77741127
         -1079   13.80716152
         -1078   13.83688449
         -1077   13.86660747
         -1076   13.89633044
         -1075   13.92602199
         -1074    13.9557091
         -1073   13.98539621
         -1072   14.01506515
         -1071   14.04471647
         -1070    14.0743678
         -1069   14.10401429
         -1068    14.1336299
         -1067   14.16324552
         -1066   14.19286113
         -1065    14.2224497
         -1064   14.25202967
         -1063   14.28160965
         -1062   14.31117617
         -1061   14.34072058
         -1060   14.37026499
         -1059    14.3998094
         -1058   14.42931855
         -1057   14.45882747
         -1056   14.48833639
         -1055   14.51782389
         -1054    14.5472974
         -1053    14.5767709
         -1052   14.60623691
         -1051   14.63567507
         -1050   14.66511323
         -1049   14.69455139
         -1048    14.7239608
         -1047   14.75336369
         -1046   14.78276657
         -1045   14.81215489
         -1044   14.84152258
         -1043   14.87089027
         -1042   14.90025765
         -1041   14.92959021
         -1040   14.95892277
         -1039   14.98825533
         -1038   15.01756688
         -1037   15.04686438
         -1036   15.07616189
         -1035   15.10545288
         -1034   15.13471541
         -1033   15.16397794
         -1032   15.19324047
         -1031   15.22247615
         -1030   15.25170377
         -1029   15.28093138
         -1028   15.31014689
         -1027   15.33933968
         -1026   15.36853246
         -1025   15.39772524
         -1024   15.42688596
         -1023   15.45604398
         -1022   15.48520199
         -1021   15.51434292
         -1020   15.54346625
         -1019   15.57258957
         -1018   15.60171085
         -1017   15.63079955
         -1016   15.65988825
         -1015   15.68897695
         -1014   15.71804419
         -1013   15.74709834
         -1012   15.77615248
         -1011   15.80520045
         -1010   15.83422012
         -1009   15.86323979
         -1008   15.89225945
         -1007   15.92125389
         -1006   15.95023915
         -1005    15.9792244
         -1004   16.00819993
         -1003   16.03715085
         -1002   16.06610177
         -1001   16.09505269
         -1000   16.12397519
          -999   16.15289184
          -998   16.18180849
          -997   16.21071245
          -996    16.2395949
          -995   16.26847735
          -994    16.2973598
          -993   16.32621124
          -992   16.35505956
          -991   16.38390788
          -990   16.41274114
          -989    16.4415554
          -988   16.47036967
          -987   16.49918393
          -986   16.52796516
          -985   16.55674544
          -984   16.58552571
          -983   16.61428912
          -982   16.64303547
          -981   16.67178182
          -980   16.70052755
          -979   16.72924006
          -978   16.75795256
          -977   16.78666506
          -976   16.81535947
          -975   16.84403819
          -974   16.87271691
          -973   16.90139399
          -972   16.93003899
          -971     16.958684
          -970   16.98732901
          -969   17.01595525
          -968   17.04456662
          -967   17.07317798
          -966   17.10178724
          -965   17.13036503
          -964   17.15894282
          -963    17.1875206
          -962   17.21607952
          -961    17.2446238
          -960   17.27316808
          -959   17.30171035
          -958   17.33022119
          -957   17.35873203
          -956   17.38724287
          -955   17.41573527
          -954   17.44421274
          -953   17.47269021
          -952   17.50116632
          -951   17.52961048
          -950   17.55805465
          -949   17.58649882
          -948   17.61492552
          -947   17.64333645
          -946   17.67174738
          -945   17.70015813
          -944   17.72853589
          -943   17.75691365
          -942   17.78529141
          -941   17.81365323
          -940   17.84199789
          -939   17.87034255
          -938   17.89868722
          -937   17.92700037
          -936     17.955312
          -935   17.98362363
          -934   18.01192136
          -933   18.04020002
          -932   18.06847868
          -931   18.09675734
          -930   18.12500687
          -929   18.15325263
          -928   18.18149839
          -927   18.20973282
          -926   18.23794575
          -925   18.26615867
          -924    18.2943716
          -923   18.32255829
          -922   18.35073845
          -921   18.37891861
          -920   18.40709053
          -919   18.43523799
          -918   18.46338544
          -917    18.4915329
          -916   18.51965754
          -915   18.54777236
          -914   18.57588718
          -913   18.60399737
          -912   18.63207962
          -911   18.66016187
          -910   18.68824413
          -909   18.71630748
          -908   18.74435723
          -907   18.77240698
          -906    18.8004562
          -905   18.82847351
          -904   18.85649082
          -903   18.88450813
          -902   18.91251097
          -901   18.94049591
          -900   18.96848084
          -899   18.99646578
          -898   19.02442249
          -897   19.05237512
          -896   19.08032775
          -895   19.10827083
          -894   19.13619122
          -893    19.1641116
          -892   19.19203199
          -891   19.21992938
          -890   19.24781759
          -889    19.2757058
          -888   19.30358987
          -887   19.33144597
          -886   19.35930206
          -885   19.38715816
          -884   19.41499698
          -883   19.44282103
          -882   19.47064508
          -881   19.49846912
          -880   19.52626295
          -879   19.55405501
          -878   19.58184707
          -877   19.60962806
          -876   19.63738821
          -875   19.66514835
          -874   19.69290849
          -873   19.72064491
          -872    19.7483732
          -871   19.77610149
          -870   19.80382538
          -869   19.83152187
          -868   19.85921837
          -867   19.88691486
          -866   19.91459462
          -865   19.94225938
          -864   19.96992415
          -863   19.99758891
          -862   20.02522477
          -861   20.05285787
          -860   20.08049097
          -859   20.10811478
          -858   20.13571627
          -857   20.16331777
          -856   20.19091927
          -855    20.2184996
          -854   20.24606956
          -853   20.27363952
          -852    20.3012081
          -851   20.32874658
          -850   20.35628506
          -849   20.38382354
          -848   20.41134906
          -847   20.43885613
          -846    20.4663632
          -845   20.49387027
          -844   20.52135298
          -843   20.54882869
          -842   20.57630441
          -841   20.60377583
          -840   20.63122026
          -839   20.65866469
          -838   20.68610912
          -837   20.71353813
          -836   20.74095133
          -835   20.76836454
          -834   20.79577774
          -833   20.82316458
          -832   20.85054662
          -831   20.87792867
          -830   20.90530468
          -829   20.93265562
          -828   20.96000656
          -827   20.98735749
          -826   21.01469174
          -825   21.04201164
          -824   21.06933154
          -823   21.09665144
          -822   21.12394416
          -821   21.15123308
          -820   21.17852201
          -819   21.20580435
          -818   21.23306235
          -817   21.26032036
          -816   21.28757836
          -815   21.31481958
          -814   21.34204673
          -813   21.36927388
          -812   21.39650103
          -811   21.42370134
          -810    21.4508977
          -809   21.47809406
          -808   21.50528443
          -807   21.53245006
          -806   21.55961568
          -805   21.58678131
          -804   21.61393118
          -803   21.64106614
          -802   21.66820109
          -801   21.69533604
          -800   21.72244564
          -799   21.74954998
          -798   21.77665432
          -797   21.80375443
          -796   21.83082822
          -795   21.85790201
          -794    21.8849758
          -793   21.91203602
          -792   21.93907932
          -791   21.96612262
          -790   21.99316592
          -789   22.02018648
          -788   22.04719935
          -787   22.07421222
          -786   22.10122371
          -785   22.12820622
          -784   22.15518872
          -783   22.18217122
          -782   22.20914343
          -781   22.23609562
          -780   22.26304782
          -779   22.29000001
          -778   22.31693317
          -777   22.34385511
          -776   22.37077705
          -775   22.39769899
          -774   22.42459332
          -773   22.45148507
          -772   22.47837682
          -771   22.50526267
          -770   22.53212429
          -769   22.55898591
          -768   22.58584753
          -767   22.61269492
          -766   22.63952647
          -765   22.66635801
          -764   22.69318956
          -763   22.71999872
          -762   22.74680025
          -761   22.77360179
          -760   22.80040287
          -759   22.82717445
          -758   22.85394604
          -757   22.88071762
          -756   22.90748084
          -755   22.93422252
          -754   22.96096421
          -753    22.9877059
          -752   23.01443147
          -751   23.04114332
          -750   23.06785517
          -749   23.09456702
          -748   23.12125515
          -747   23.14793723
          -746    23.1746193
          -745   23.20129993
          -744   23.22795229
          -743   23.25460464
          -742     23.281257
          -741   23.30790055
          -740   23.33452325
          -739   23.36114594
          -738   23.38776864
          -737   23.41437533
          -736   23.44096843
          -735   23.46756152
          -734   23.49415461
          -733   23.52072466
          -732    23.5472882
          -731   23.57385175
          -730   23.60041484
          -729    23.6269489
          -728   23.65348297
          -727   23.68001703
          -726   23.70654383
          -725   23.73304846
          -724   23.75955309
          -723   23.78605773
          -722   23.81254844
          -721    23.8390237
          -720   23.86549897
          -719   23.89197423
          -718   23.91842906
          -717   23.94487501
          -716   23.97132096
          -715   23.99776691
          -714   24.02418607
          -713   24.05060277
          -712   24.07701946
          -711   24.10343235
          -710   24.12981984
          -709   24.15620734
          -708   24.18259483
          -707    24.2089724
          -706   24.23533075
          -705    24.2616891
          -704   24.28804745
          -703   24.31438991
          -702   24.34071917
          -701   24.36704844
          -700    24.3933777
          -699   24.41968524
          -698   24.44598547
          -697   24.47228571
          -696   24.49858595
          -695   24.52485877
          -694   24.55113003
          -693   24.57740129
          -692   24.60366851
          -691   24.62991086
          -690   24.65615321
          -689   24.68239555
          -688    24.7086284
          -687   24.73484189
          -686   24.76105538
          -685   24.78726886
          -684   24.81346754
          -683   24.83965222
          -682    24.8658369
          -681   24.89202159
          -680   24.91818628
          -679   24.94434222
          -678   24.97049815
          -677   24.99665409
          -676     25.022785
          -675   25.04891224
          -674   25.07503949
          -673   25.10116545
          -672   25.12726406
          -671   25.15336267
          -670   25.17946127
          -669   25.20555379
          -668   25.23162382
          -667   25.25769385
          -666   25.28376387
          -665   25.30982314
          -664   25.33586464
          -663   25.36190614
          -662   25.38794764
          -661   25.41397385
          -660   25.43998688
          -659   25.46599991
          -658   25.49201294
          -657   25.51800628
          -656    25.5439909
          -655   25.56997551
          -654   25.59596013
          -653   25.62192079
          -652   25.64787705
          -651    25.6738333
          -650   25.69978956
          -649   25.72571774
          -648   25.75164569
          -647   25.77757364
          -646   25.80349778
          -645   25.82939748
          -644   25.85529718
          -643   25.88119688
          -642   25.90708885
          -641   25.93296035
          -640   25.95883186
          -639   25.98470336
          -638   26.01056336
          -637   26.03640672
          -636   26.06225009
          -635   26.08809345
          -634   26.11392166
          -633   26.13973694
          -632   26.16555221
          -631   26.19136749
          -630    26.2171641
          -629   26.24295135
          -628   26.26873859
          -627   26.29452583
          -626   26.32029103
          -625   26.34605029
          -624   26.37180956
          -623   26.39756882
          -622   26.42330279
          -621   26.44903413
          -620   26.47476547
          -619   26.50049626
          -618   26.52619973
          -617    26.5519032
          -616   26.57760666
          -615   26.60330654
          -614   26.62898219
          -613   26.65465784
          -612   26.68033349
          -611   26.70600264
          -610   26.73165052
          -609    26.7572984
          -608   26.78294629
          -607   26.80858488
          -606   26.83420506
          -605   26.85982523
          -604    26.8854454
          -603   26.91105363
          -602   26.93664614
          -601   26.96223865
          -600   26.98783117
          -599    27.0134092
          -598   27.03897411
          -597   27.06453902
          -596   27.09010393
          -595   27.11565195
          -594   27.14118931
          -593   27.16672667
          -592   27.19226402
          -591   27.21778221
          -590   27.24329207
          -589   27.26880193
          -588   27.29431179
          -587   27.31980032
          -586   27.34528273
          -585   27.37076514
          -584   27.39624755
          -583    27.4217066
          -582   27.44716162
          -581   27.47261664
          -580   27.49807166
          -579    27.5235014
          -578   27.54892908
          -577   27.57435675
          -576   27.59978443
          -575   27.62518505
          -574   27.65058543
          -573   27.67598582
          -572   27.70138472
          -571   27.72675787
          -570   27.75213102
          -569   27.77750417
          -568   27.80287424
          -567    27.8282202
          -566   27.85356616
          -565   27.87891213
          -564   27.90425354
          -563   27.92957237
          -562    27.9548912
          -561   27.98021003
          -560   28.00552295
          -559   28.03081469
          -558   28.05610644
          -557   28.08139819
          -556   28.10668279
          -555   28.13194751
          -554   28.15721223
          -553   28.18247695
          -552    28.2077334
          -551   28.23297115
          -550   28.25820889
          -549   28.28344663
          -548    28.3086751
          -547   28.33388592
          -546   28.35909673
          -545   28.38430755
          -544   28.40950821
          -543   28.43469215
          -542   28.45987609
          -541   28.48506003
          -540   28.51023306
          -539   28.53539017
          -538   28.56054728
          -537    28.5857044
          -536   28.61084995
          -535   28.63598029
          -534   28.66111063
          -533   28.68624097
          -532   28.71135922
          -531   28.73646284
          -530   28.76156645
          -529   28.78667007
          -528   28.81176118
          -527   28.83683812
          -526   28.86191507
          -525   28.88699201
          -524   28.91205614
          -523   28.93710647
          -522   28.96215679
          -521   28.98720711
          -520   29.01224444
          -519   29.03726819
          -518   29.06229194
          -517   29.08731569
          -516   29.11232637
          -515    29.1373236
          -514   29.16232083
          -513   29.18731806
          -512   29.21230225
          -511   29.23727302
          -510   29.26224378
          -509   29.28721454
          -508   29.31217241
          -507   29.33711675
          -506   29.36206109
          -505   29.38700543
          -504   29.41193714
          -503   29.43685511
          -502   29.46177308
          -501   29.48669105
          -500   29.51159676
          -499   29.53648841
          -498   29.56138006
          -497   29.58627171
          -496   29.61115158
          -495   29.63601696
          -494   29.66088233
          -493   29.68574771
          -492    29.7106019
          -491   29.73544106
          -490   29.76028022
          -489   29.78511938
          -488   29.80994804
          -487   29.83476103
          -486   29.85957401
          -485     29.884387
          -484    29.9091903
          -483   29.93397717
          -482   29.95876403
          -481   29.98355089
          -480   30.00832899
          -479   30.03308978
          -478   30.05785057
          -477   30.08261136
          -476    30.1073644
          -475   30.13209917
          -474   30.15683394
          -473   30.18156871
          -472   30.20629685
          -471   30.23100564
          -470   30.25571444
          -469   30.28042323
          -468   30.30512664
          -467    30.3298095
          -466   30.35449237
          -465   30.37917524
          -464   30.40385406
          -463   30.42851105
          -462   30.45316803
          -461   30.47782502
          -460   30.50247941
          -459   30.52711057
          -458   30.55174173
          -457   30.57637289
          -456     30.601003
          -455   30.62560838
          -454   30.65021376
          -453   30.67481914
          -452   30.69942452
          -451   30.72400477
          -450   30.74858442
          -449   30.77316407
          -448   30.79774372
          -447   30.82230004
          -446     30.846854
          -445   30.87140797
          -444   30.89596193
          -443   30.92049448
          -442   30.94502281
          -441   30.96955114
          -440   30.99407947
          -439   31.01858839
          -438   31.04309113
          -437   31.06759387
          -436   31.09209661
          -435   31.11658205
          -434   31.14105926
          -433   31.16553646
          -432   31.19001366
          -431   31.21447577
          -430   31.23892749
          -429    31.2633792
          -428   31.28783091
          -427   31.31226984
          -426   31.33669611
          -425   31.36112238
          -424   31.38554864
          -423   31.40996454
          -422   31.43436541
          -421   31.45876628
          -420   31.48316715
          -419   31.50756016
          -418   31.53193569
          -417   31.55631121
          -416   31.58068673
          -415     31.605057
          -414   31.62940722
          -413   31.65375744
          -412   31.67810766
          -411   31.70245534
          -410    31.7267803
          -409   31.75110527
          -408   31.77543024
          -407    31.7997552
          -406   31.82405522
          -405   31.84835498
          -404   31.87265474
          -403    31.8969545
          -402   31.92123225
          -401   31.94550685
          -400   31.96978145
          -399   31.99405605
          -398   32.01831169
          -397   32.04256117
          -396   32.06681066
          -395   32.09106015
          -394   32.11529381
          -393   32.13951823
          -392   32.16374265
          -391   32.18796707
          -390    32.2121789
          -389    32.2363783
          -388    32.2605777
          -387    32.2847771
          -386   32.30896723
          -385   32.33314166
          -384   32.35731609
          -383   32.38149052
          -382    32.4056591
          -381    32.4298086
          -380    32.4539581
          -379    32.4781076
          -378   32.50225478
          -377    32.5263794
          -376   32.55050402
          -375   32.57462864
          -374   32.59875326
          -373   32.62285433
          -372   32.64695411
          -371    32.6710539
          -370   32.69515368
          -369   32.71923367
          -368   32.74330866
          -367   32.76738366
          -366   32.79145866
          -365   32.81551769
          -364   32.83956795
          -363    32.8636182
          -362   32.88766846
          -361   32.91170668
          -360   32.93573224
          -359    32.9597578
          -358   32.98378336
          -357    33.0078009
          -356   33.03180181
          -355   33.05580272
          -354   33.07980363
          -353   33.10380064
          -352   33.12777694
          -351   33.15175324
          -350   33.17572955
          -349   33.19970585
          -348   33.22365789
          -347   33.24760964
          -346   33.27156138
          -345   33.29551313
          -344   33.31944495
          -343   33.34337218
          -342   33.36729941
          -341   33.39122664
          -340   33.41513837
          -339   33.43904113
          -338   33.46294389
          -337   33.48684665
          -336   33.51073843
          -335   33.53461677
          -334   33.55849511
          -333   33.58237344
          -332    33.6062454
          -331   33.63009936
          -330   33.65395332
          -329   33.67780728
          -328   33.70165954
          -327   33.72548917
          -326   33.74931879
          -325   33.77314842
          -324   33.79697805
          -323   33.82078646
          -322    33.8445918
          -321   33.86839714
          -320   33.89220247
          -319   33.91599151
          -318    33.9397726
          -317    33.9635537
          -316   33.98733479
          -315   34.01110457
          -314   34.03486147
          -313   34.05861836
          -312   34.08237526
          -311   34.10612592
          -310   34.12985866
          -309    34.1535914
          -308   34.17732414
          -307    34.2010558
          -306   34.22476443
          -305   34.24847306
          -304   34.27218169
          -303   34.29589032
          -302   34.31957906
          -301   34.34326362
          -300   34.36694818
          -299   34.39063275
          -298   34.41430279
          -297   34.43796333
          -296   34.46162388
          -295   34.48528442
          -294    34.5089359
          -293   34.53257246
          -292   34.55620903
          -291   34.57984559
          -290   34.60347863
          -289   34.62709126
          -288   34.65070389
          -287   34.67431653
          -286   34.69792916
          -285   34.72151999
          -284   34.74510874
          -283   34.76869748
          -282   34.79228622
          -281   34.81585891
          -280   34.83942381
          -279   34.86298871
          -278    34.8865536
          -277   34.91010828
          -276   34.93364937
          -275   34.95719047
          -274   34.98073156
          -273   35.00426835
          -272   35.02778568
          -271   35.05130302
          -270   35.07482035
          -269   35.09833769
          -268   35.12183299
          -267   35.14532661
          -266   35.16882023
          -265   35.19231385
          -264   35.21579155
          -263    35.2392615
          -262   35.26273144
          -261   35.28620139
          -260   35.30966161
          -259   35.33310793
          -258   35.35655425
          -257   35.38000057
          -256   35.40344343
          -255   35.42686616
          -254    35.4502889
          -253   35.47371164
          -252   35.49713437
          -251   35.52053645
          -250   35.54393564
          -249   35.56733483
          -248   35.59073403
          -247   35.61411903
          -246   35.63749473
          -245   35.66087042
          -244   35.68424612
          -243   35.70761416
          -242    35.7309664
          -241   35.75431864
          -240   35.77767088
          -239   35.80102209
          -238   35.82435092
          -237   35.84767975
          -236   35.87100857
          -235    35.8943374
          -234   35.91764853
          -233   35.94095398
          -232   35.96425944
          -231   35.98756489
          -230   36.01085947
          -229   36.03414159
          -228   36.05742372
          -227   36.08070585
          -226   36.10398399
          -225   36.12724283
          -224   36.15050167
          -223   36.17376051
          -222   36.19701935
          -221   36.22025793
          -220   36.24349353
          -219   36.26672912
          -218   36.28996472
          -217   36.31318714
          -216   36.33639954
          -215   36.35961193
          -214   36.38282433
          -213    36.4060307
          -212   36.42921994
          -211   36.45240918
          -210   36.47559842
          -209   36.49878766
          -208   36.52195499
          -207   36.54512111
          -206   36.56828723
          -205   36.59145335
          -204   36.61460491
          -203   36.63774796
          -202     36.660891
          -201   36.68403405
          -200   36.70716995
          -199   36.73028996
          -198   36.75340998
          -197   36.77652999
          -196      36.79965
          -195   36.82274737
          -194    36.8458444
          -193   36.86894142
          -192   36.89203844
          -191   36.91512042
          -190    36.9381945
          -189   36.96126857
          -188   36.98434264
          -187   37.00740935
          -186   37.03046051
          -185   37.05351168
          -184   37.07656284
          -183   37.09961401
          -182   37.12264269
          -181   37.14567099
          -180   37.16869928
          -179   37.19172758
          -178   37.21474125
          -177   37.23774673
          -176    37.2607522
          -175   37.28375767
          -174   37.30675645
          -173   37.32973913
          -172   37.35272182
          -171   37.37570451
          -170    37.3986872
          -169   37.42164844
          -168   37.44460839
          -167   37.46756834
          -166   37.49052828
          -165   37.51347489
          -164   37.53641213
          -163   37.55934938
          -162   37.58228662
          -161   37.60521871
          -160   37.62813329
          -159   37.65104787
          -158   37.67396246
          -157   37.69687704
          -156   37.71977208
          -155   37.74266405
          -154   37.76555601
          -153   37.78844797
          -152   37.81132875
          -151   37.83419814
          -150   37.85706752
          -149   37.87993691
          -148   37.90280352
          -147   37.92565037
          -146   37.94849722
          -145   37.97134406
          -144   37.99419091
          -143   38.01702098
          -142   38.03984532
          -141   38.06266967
          -140   38.08549402
          -139   38.10831018
          -138   38.13111207
          -137   38.15391396
          -136   38.17671585
          -135   38.19951775
          -134   38.22229769
          -133   38.24507717
          -132   38.26785664
          -131   38.29063611
          -130   38.31340241
          -129   38.33615951
          -128    38.3589166
          -127    38.3816737
          -126   38.40442645
          -125   38.42716121
          -124   38.44989597
          -123   38.47263073
          -122   38.49536549
          -121    38.5180825
          -120   38.54079496
          -119   38.56350743
          -118   38.58621989
          -117    38.6089236
          -116   38.63161381
          -115   38.65430402
          -114   38.67699423
          -113   38.69968443
          -112   38.72235273
          -111   38.74502073
          -110   38.76768872
          -109   38.79035671
          -108   38.81301196
          -107   38.83565777
          -106   38.85830359
          -105    38.8809494
          -104    38.9035917
          -103   38.92621538
          -102   38.94883906
          -101   38.97146274
          -100   38.99408641
           -99   39.01669377
           -98   39.03929535
           -97   39.06189693
           -96   39.08449851
           -95   39.10709316
           -94   39.12967269
           -93   39.15225221
           -92   39.17483173
           -91   39.19741125
           -90   39.21997128
           -89   39.24252879
           -88   39.26508629
           -87    39.2876438
           -86   39.31019136
           -85   39.33272689
           -84   39.35526242
           -83   39.37779794
           -82   39.40033314
           -81   39.42284673
           -80   39.44536031
           -79    39.4678739
           -78   39.49038749
           -77   39.51288852
           -76   39.53538021
           -75    39.5578719
           -74   39.58036358
           -73   39.60285249
           -72   39.62532232
           -71   39.64779214
           -70   39.67026197
           -69   39.69273179
           -68   39.71518685
           -67   39.73763485
           -66   39.76008286
           -65   39.78253086
           -64   39.80497403
           -63   39.82740025
           -62   39.84982647
           -61   39.87225268
           -60    39.8946789
           -59   39.91708854
           -58   39.93949301
           -57   39.96189748
           -56   39.98430196
           -55   40.00669993
           -54    40.0290827
           -53   40.05146547
           -52   40.07384824
           -51   40.09623101
           -50   40.11859576
           -49   40.14095686
           -48   40.16331796
           -47   40.18567906
           -46   40.20803238
           -45   40.23037186
           -44   40.25271133
           -43    40.2750508
           -42   40.29739027
           -41   40.31971068
           -40   40.34202856
           -39   40.36434644
           -38   40.38666432
           -37   40.40897353
           -36   40.43126986
           -35   40.45356619
           -34   40.47586252
           -33   40.49815885
           -32   40.52043544
           -31   40.54271026
           -30   40.56498507
           -29   40.58725989
           -28   40.60952551
           -27   40.63177885
           -26   40.65403219
           -25   40.67628553
           -24   40.69853887
           -23   40.72077218
           -22   40.74300409
           -21   40.76523599
           -20   40.78746789
           -19   40.80969046
           -18   40.83190096
           -17   40.85411147
           -16   40.87632197
           -15   40.89853248
           -14   40.92072303
           -13   40.94291217
           -12   40.96510131
           -11   40.98729046
           -10   41.00947049
            -9   41.03163831
            -8   41.05380613
            -7   41.07597394
            -6   41.09814176
            -5   41.12029008
            -4   41.14243661
            -3   41.16458314
            -2   41.18672968
            -1   41.20886769
             0   41.23099298
             1   41.25311826
             2   41.27524355
             3   41.29736883
             4   41.31947543
             5    41.3415795
             6   41.36368357
             7   41.38578765
             8   41.40788416
             9   41.42996706
            10   41.45204996
            11   41.47413286
            12   41.49621576
            13   41.51828115
            14   41.54034291
            15   41.56240468
            16   41.58446644
            17   41.60652196
            18   41.62856263
            19    41.6506033
            20   41.67264396
            21   41.69468463
            22   41.71670931
            23   41.73872892
            24   41.76074852
            25   41.78276813
            26   41.80478316
            27   41.82678174
            28   41.84878032
            29    41.8707789
            30   41.89277748
            31   41.91476196
            32   41.93673956
            33   41.95871715
            34   41.98069474
            35   42.00266979
            36   42.02462643
            37   42.04658307
            38   42.06853972
            39   42.09049636
            40   42.11244114
            41   42.13437687
            42    42.1563126
            43   42.17824833
            44   42.20018388
            45   42.22209874
            46   42.24401359
            47   42.26592844
            48    42.2878433
            49   42.30974887
            50   42.33164288
            51    42.3535369
            52   42.37543091
            53   42.39732492
            54   42.41920067
            55   42.44107388
            56   42.46294709
            57    42.4848203
            58   42.50668716
            59    42.5285396
            60   42.55039204
            61   42.57224449
            62   42.59409693
            63   42.61593424
            64   42.63776596
            65   42.65959767
            66   42.68142938
            67     42.703258
            68   42.72506902
            69   42.74688004
            70   42.76869106
            71   42.79050208
            72   42.81230143
            73    42.8340918
            74   42.85588216
            75   42.87767252
            76   42.89946288
            77   42.92123313
            78   42.94300287
            79   42.96477261
            80   42.98654235
            81   43.00830423
            82   43.03005338
            83   43.05180254
            84   43.07355169
            85   43.09530084
            86   43.11703389
            87   43.13876249
            88    43.1604911
            89    43.1822197
            90   43.20394458
            91   43.22565267
            92   43.24736077
            93   43.26906886
            94   43.29077695
            95   43.31247326
            96   43.33416088
            97   43.35584849
            98   43.37753611
            99   43.39922372
           100   43.42089162
           101    43.4425588
           102   43.46422597
           103   43.48589314
           104   43.50755319
           105   43.52919996
           106   43.55084673
           107   43.57249349
           108   43.59414026
           109   43.61577217
           110   43.63739857
           111   43.65902496
           112   43.68065136
           113   43.70227561
           114   43.72388167
           115   43.74548774
           116    43.7670938
           117   43.78869986
           118   43.81029624
           119     43.831882
           120   43.85346776
           121   43.87505352
           122   43.89663928
           123   43.91820794
           124   43.93977343
           125   43.96133893
           126   43.98290443
           127   44.00446573
           128     44.026011
           129   44.04755627
           130   44.06910154
           131   44.09064681
           132   44.11218065
           133   44.13370573
           134    44.1552308
           135   44.17675588
           136   44.19828095
           137   44.21978748
           138    44.2412924
           139   44.26279732
           140   44.28430223
           141   44.30580172
           142   44.32728651
           143    44.3487713
           144    44.3702561
           145   44.39174089
           146   44.41321332
           147   44.43467802
           148   44.45614273
           149   44.47760743
           150   44.49907214
           151   44.52051766
           152   44.54196231
           153   44.56340696
           154   44.58485161
           155   44.60629039
           156   44.62771502
           157   44.64913965
           158   44.67056428
           159   44.69198892
           160   44.71340104
           161   44.73480569
           162   44.75621034
           163   44.77761499
           164   44.79901964
           165   44.82040525
           166   44.84178995
           167   44.86317465
           168   44.88455935
           169   44.90593851
           170    44.9273033
           171   44.94866808
           172   44.97003287
           173   44.99139765
           174   45.01275056
           175   45.03409547
           176   45.05544037
           177   45.07678528
           178   45.09813018
           179   45.11945698
           180   45.14078204
           181   45.16210709
           182   45.18343215
           183   45.20475279
           184   45.22605804
           185   45.24736329
           186   45.26866853
           187   45.28997378
           188   45.31126856
           189   45.33255403
           190    45.3538395
           191   45.37512497
           192   45.39641044
           193    45.4176795
           194   45.43894522
           195   45.46021095
           196   45.48147668
           197   45.50273986
           198   45.52398588
           199    45.5452319
           200   45.56647792
           201   45.58772393
           202   45.60896165
           203   45.63018799
           204   45.65141433
           205   45.67264067
           206   45.69386702
           207   45.71507939
           208    45.7362861
           209    45.7574928
           210    45.7786995
           211    45.7999062
           212   45.82109338
           213   45.84228048
           214   45.86346757
           215   45.88465467
           216   45.90583637
           217   45.92700389
           218   45.94817141
           219   45.96933893
           220   45.99050645
           221    46.0116632
           222   46.03281118
           223   46.05395916
           224   46.07510714
           225   46.09625513
           226   46.11738706
           227   46.13851553
           228   46.15964401
           229   46.18077248
           230   46.20189921
           231   46.22300821
           232   46.24411722
           233   46.26522622
           234   46.28633522
           235   46.30743737
           236   46.32852693
           237    46.3496165
           238   46.37070606
           239   46.39179563
           240   46.41287334
           241    46.4339435
           242   46.45501366
           243   46.47608381
           244   46.49715397
           245   46.51820738
           246   46.53925816
           247   46.56030895
           248   46.58135974
           249   46.60240831
           250   46.62343976
           251   46.64447121
           252   46.66550265
           253    46.6865341
           254    46.7075586
           255   46.72857075
           256   46.74958289
           257   46.77059503
           258   46.79160717
           259   46.81260774
           260   46.83360061
           261   46.85459348
           262   46.87558635
           263   46.89657922
           264   46.91755598
           265   46.93852961
           266   46.95950324
           267   46.98047687
           268   47.00144918
           269    47.0224036
           270   47.04335802
           271   47.06431244
           272   47.08526687
           273    47.1062156
           274   47.12715085
           275    47.1480861
           276   47.16902135
           277    47.1899566
           278   47.21088189
           279     47.231798
           280   47.25271411
           281   47.27363021
           282   47.29454632
           283   47.31544831
           284   47.33634531
           285   47.35724231
           286   47.37813931
           287   47.39903631
           288   47.41991511
           289   47.44079304
           290   47.46167096
           291   47.48254889
           292   47.50342369
           293   47.52428257
           294   47.54514145
           295   47.56600033
           296   47.58685921
           297   47.60771106
           298   47.62855093
           299    47.6493908
           300   47.67023068
           301   47.69107055
           302   47.71189957
           303   47.73272047
           304   47.75354136
           305   47.77436225
           306   47.79518315
           307   47.81598948
           308   47.83679142
           309   47.85759337
           310   47.87839532
           311   47.89919727
           312   47.91998103
           313   47.94076407
           314    47.9615471
           315   47.98233014
           316   48.00311034
           317    48.0238745
           318   48.04463865
           319    48.0654028
           320   48.08616696
           321   48.10692482
           322   48.12767012
           323   48.14841543
           324   48.16916073
           325   48.18990604
           326   48.21064168
           327   48.23136817
           328   48.25209466
           329   48.27282114
           330   48.29354763
           331   48.31426118
           332   48.33496888
           333   48.35567659
           334   48.37638429
           335   48.39709199
           336   48.41778358
           337   48.43847253
           338   48.45916148
           339   48.47985043
           340   48.50053889
           341   48.52120912
           342   48.54187935
           343   48.56254958
           344    48.5832198
           345   48.60388652
           346   48.62453806
           347    48.6451896
           348   48.66584114
           349   48.68649268
           350   48.70713776
           351   48.72777064
           352   48.74840352
           353   48.76903641
           354   48.78966929
           355   48.81029287
           356   48.83090713
           357   48.85152138
           358   48.87213564
           359    48.8927499
           360    48.9133521
           361   48.93394776
           362   48.95454342
           363   48.97513908
           364   48.99573475
           365   49.01631569
           366   49.03689279
           367   49.05746989
           368   49.07804699
           369   49.09862409
           370   49.11918389
           371   49.13974246
           372   49.16030103
           373    49.1808596
           374   49.20141689
           375   49.22195696
           376   49.24249703
           377   49.26303709
           378   49.28357716
           379   49.30411353
           380   49.32463513
           381   49.34515673
           382   49.36567833
           383   49.38619993
           384   49.40671549
           385   49.42721865
           386   49.44772181
           387   49.46822497
           388   49.48872813
           389   49.50922301
           390   49.52970777
           391   49.55019252
           392   49.57067728
           393   49.59116203
           394   49.61163634
           395   49.63210272
           396    49.6525691
           397   49.67303548
           398   49.69350186
           399   49.71395572
           400   49.73440376
           401    49.7548518
           402   49.77529983
           403   49.79574787
           404    49.8161814
           405   49.83661112
           406   49.85704085
           407   49.87747057
           408   49.89790029
           409   49.91831361
           410   49.93872505
           411    49.9591365
           412   49.97954794
           413   49.99995938
           414    50.0203526
           415   50.04074579
           416   50.06113898
           417   50.08153217
           418   50.10192364
           419   50.12229861
           420   50.14267358
           421   50.16304855
           422   50.18342352
           423   50.20379509
           424   50.22415187
           425   50.24450865
           426   50.26486543
           427   50.28522221
           428   50.30557401
           429   50.32591263
           430   50.34625125
           431   50.36658987
           432   50.38692849
           433   50.40726063
           434   50.42758112
           435   50.44790161
           436    50.4682221
           437   50.48854259
           438   50.50885519
           439   50.52915758
           440   50.54945997
           441   50.56976236
           442   50.59006476
           443   50.61035792
           444   50.63064224
           445   50.65092657
           446   50.67121089
           447   50.69149522
           448   50.71176907
           449   50.73203535
           450   50.75230164
           451   50.77256792
           452   50.79283421
           453   50.81308886
           454   50.83333714
           455   50.85358541
           456   50.87383369
           457   50.89408197
           458   50.91431753
           459   50.93454783
           460   50.95477813
           461   50.97500843
           462   50.99523874
           463   51.01545531
           464   51.03566767
           465   51.05588002
           466   51.07609238
           467   51.09630473
           468   51.11650245
           469   51.13669688
           470   51.15689132
           471   51.17708576
           472    51.1972802
           473   51.21745916
           474   51.23763571
           475   51.25781226
           476   51.27798881
           477   51.29816536
           478   51.31832568
           479   51.33848437
           480   51.35864306
           481   51.37880176
           482   51.39896045
           483   51.41910224
           484    51.4392431
           485   51.45938397
           486   51.47952484
           487    51.4996657
           488   51.51978907
           489   51.53991214
           490   51.56003521
           491   51.58015828
           492    51.6002811
           493    51.6203864
           494    51.6404917
           495     51.660597
           496    51.6807023
           497   51.70080689
           498   51.72089446
           499   51.74098202
           500   51.76106958
           501   51.78115715
           502   51.80124361
           503   51.82131347
           504   51.84138333
           505   51.86145318
           506   51.88152304
           507   51.90159149
           508   51.92164367
           509   51.94169584
           510   51.96174802
           511    51.9818002
           512   52.00185074
           513   52.02188527
           514    52.0419198
           515   52.06195432
           516   52.08198885
           517    52.1020216
           518   52.12203851
           519   52.14205542
           520   52.16207232
           521   52.18208923
           522   52.20210429
           523    52.2221036
           524   52.24210292
           525   52.26210224
           526   52.28210156
           527   52.30209903
           528   52.32208078
           529   52.34206254
           530    52.3620443
           531   52.38202605
           532   52.40200605
           533   52.42197027
           534   52.44193449
           535   52.46189872
           536   52.48186294
           537   52.50182556
           538   52.52177228
           539   52.54171901
           540   52.56166573
           541   52.58161245
           542    52.6015578
           543   52.62148705
           544    52.6414163
           545   52.66134555
           546   52.68127479
           547   52.70120299
           548   52.72111479
           549   52.74102659
           550   52.76093839
           551    52.7808502
           552   52.80076133
           553   52.82065572
           554   52.84055011
           555   52.86044449
           556   52.88033888
           557   52.90023306
           558   52.92011006
           559   52.93998706
           560   52.95986406
           561   52.97974106
           562   52.99961806
           563   53.01947804
           564   53.03933768
           565   53.05919732
           566   53.07905697
           567   53.09891661
           568   53.11875987
           569   53.13860218
           570   53.15844449
           571   53.17828681
           572   53.19812912
           573   53.21795576
           574   53.23778078
           575   53.25760579
           576    53.2774308
           577   53.29725581
           578   53.31706594
           579   53.33687368
           580   53.35668143
           581   53.37648917
           582   53.39629691
           583   53.41609063
           584   53.43588112
           585   53.45567162
           586   53.47546212
           587   53.49525262
           588   53.51503003
           589   53.53480331
           590   53.55457659
           591   53.57434988
           592   53.59412316
           593   53.61388436
           594   53.63364046
           595   53.65339656
           596   53.67315265
           597   53.69290875
           598   53.71265385
           599   53.73239279
           600   53.75213172
           601   53.77187066
           602    53.7916096
           603   53.81133869
           604    53.8310605
           605   53.85078231
           606   53.87050412
           607   53.89022593
           608   53.90993911
           609   53.92964382
           610   53.94934853
           611   53.96905324
           612   53.98875794
           613   54.00845532
           614   54.02814295
           615   54.04783059
           616   54.06751822
           617   54.08720586
           618   54.10688752
           619   54.12655811
           620    54.1462287
           621   54.16589929
           622   54.18556988
           623   54.20523594
           624   54.22488951
           625   54.24454309
           626   54.26419666
           627   54.28385023
           628   54.30350078
           629   54.32313736
           630   54.34277395
           631   54.36241053
           632   54.38204712
           633   54.40168225
           634   54.42130187
           635    54.4409215
           636   54.46054112
           637   54.48016074
           638   54.49978037
           639   54.51938325
           640   54.53898594
           641   54.55858863
           642   54.57819132
           643   54.59779401
           644    54.6173817
           645   54.63696749
           646   54.65655327
           647   54.67613906
           648   54.69572484
           649   54.71529744
           650   54.73486635
           651   54.75443525
           652   54.77400416
           653   54.79357307
           654   54.81313066
           655   54.83268272
           656   54.85223478
           657   54.87178684
           658    54.8913389
           659   54.91088159
           660   54.93041683
           661   54.94995207
           662    54.9694873
           663   54.98902254
           664   55.00855042
           665   55.02806887
           666   55.04758731
           667   55.06710575
           668    55.0866242
           669   55.10613736
           670   55.12563904
           671   55.14514072
           672   55.16464239
           673   55.18414407
           674   55.20364262
           675   55.22312756
           676   55.24261249
           677   55.26209743
           678   55.28158237
           679   55.30106639
           680   55.32053462
           681   55.34000284
           682   55.35947107
           683   55.37893929
           684   55.39840752
           685   55.41786043
           686   55.43731197
           687   55.45676351
           688   55.47621505
           689   55.49566659
           690   55.51510519
           691   55.53454007
           692   55.55397496
           693   55.57340984
           694   55.59284473
           695    55.6122691
           696   55.63168736
           697   55.65110561
           698   55.67052387
           699   55.68994212
           700   55.70935238
           701   55.72875403
           702   55.74815568
           703   55.76755733
           704   55.78695898
           705    55.8063552
           706   55.82574028
           707   55.84512536
           708   55.86451043
           709   55.88389551
           710   55.90327779
           711   55.92264632
           712   55.94201484
           713   55.96138337
           714    55.9807519
           715   56.00012033
           716   56.01947233
           717   56.03882434
           718   56.05817635
           719   56.07752836
           720   56.09688036
           721   56.11621853
           722   56.13555405
           723   56.15488956
           724   56.17422507
           725   56.19356059
           726   56.21288512
           727   56.23220416
           728   56.25152321
           729   56.27084225
           730    56.2901613
           731   56.30947227
           732   56.32877488
           733   56.34807748
           734   56.36738009
           735   56.38668269
           736   56.40598021
           737    56.4252664
           738   56.44455259
           739   56.46383878
           740   56.48312497
           741   56.50240911
           742   56.52167892
           743   56.54094872
           744   56.56021853
           745   56.57948833
           746   56.59875813
           747   56.61801263
           748   56.63726607
           749   56.65651952
           750   56.67577296
           751    56.6950264
           752   56.71426773
           753   56.73350484
           754   56.75274195
           755   56.77197906
           756   56.79121617
           757   56.81044442
           758   56.82966522
           759   56.84888602
           760   56.86810683
           761   56.88732763
           762   56.90654288
           763   56.92574741
           764   56.94495193
           765   56.96415645
           766   56.98336097
           767   57.00256332
           768   57.02175159
           769   57.04093986
           770   57.06012812
           771   57.07931639
           772   57.09850466
           773   57.11767796
           774      57.13685
           775   57.15602204
           776   57.17519408
           777   57.19436612
           778   57.21352672
           779   57.23268256
           780   57.25183839
           781   57.27099423
           782   57.29015007
           783   57.30929805
           784   57.32843771
           785   57.34757737
           786   57.36671704
           787    57.3858567
           788   57.40499214
           789   57.42411566
           790   57.44323917
           791   57.46236268
           792    57.4814862
           793    57.5006092
           794   57.51971659
           795   57.53882398
           796   57.55793137
           797   57.57703876
           798   57.59614615
           799   57.61524069
           800   57.63433198
           801   57.65342328
           802   57.67251457
           803   57.69160586
           804   57.71068815
           805   57.72976337
           806    57.7488386
           807   57.76791382
           808   57.78698904
           809   57.80605917
           810   57.82511834
           811   57.84417752
           812    57.8632367
           813   57.88229588
           814   57.90135392
           815   57.92039708
           816   57.93944023
           817   57.95848339
           818   57.97752655
           819   57.99656971
           820   58.01559976
           821   58.03462692
           822   58.05365409
           823   58.07268126
           824   58.09170842
           825   58.11072658
           826   58.12973778
           827   58.14874898
           828   58.16776018
           829   58.18677138
           830   58.20577773
           831   58.22477298
           832   58.24376824
           833    58.2627635
           834   58.28175876
           835   58.30075338
           836   58.31973273
           837   58.33871207
           838   58.35769141
           839   58.37667075
           840   58.39565009
           841   58.41461719
           842   58.43358064
           843   58.45254409
           844   58.47150754
           845     58.490471
           846   58.50942655
           847   58.52837414
           848   58.54732173
           849   58.56626932
           850    58.5852169
           851   58.60416101
           852   58.62309276
           853   58.64202451
           854   58.66095626
           855   58.67988801
           856   58.69881976
           857   58.71773668
           858   58.73665261
           859   58.75556855
           860   58.77448448
           861   58.79340042
           862   58.81230607
           863   58.83120622
           864   58.85010637
           865   58.86900652
           866   58.88790666
           867   58.90680114
           868   58.92568552
           869   58.94456991
           870   58.96345429
           871   58.98233868
           872   59.00122204
           873   59.02009069
           874   59.03895934
           875   59.05782799
           876   59.07669663
           877   59.09556528
           878   59.11442191
           879   59.13327485
           880   59.15212778
           881   59.17098072
           882   59.18983366
           883   59.20867936
           884   59.22751661
           885   59.24635386
           886   59.26519111
           887   59.28402836
           888   59.30286323
           889   59.32168482
           890    59.3405064
           891   59.35932799
           892   59.37814958
           893   59.39697117
           894   59.41577964
           895   59.43458559
           896   59.45339154
           897   59.47219749
           898   59.49100344
           899   59.50980125
           900   59.52859159
           901   59.54738193
           902   59.56617227
           903   59.58496261
           904   59.60374984
           905   59.62252459
           906   59.64129935
           907    59.6600741
           908   59.67884886
           909   59.69762361
           910   59.71638477
           911   59.73514397
           912   59.75390316
           913   59.77266235
           914   59.79142154
           915   59.81017231
           916   59.82891596
           917   59.84765962
           918   59.86640328
           919   59.88514693
           920   59.90388737
           921   59.92261551
           922   59.94134366
           923    59.9600718
           924   59.97879995
           925   59.99752809
           926    60.0162428
           927   60.03495545
           928   60.05366811
           929   60.07238077
           930   60.09109343
           931   60.10979798
           932   60.12849518
           933   60.14719238
           934   60.16588957
           935   60.18458677
           936   60.20328125
           937   60.22196301
           938   60.24064477
           939   60.25932653
           940   60.27800829
           941   60.29669005
           942   60.31535913
           943   60.33402547
           944   60.35269182
           945   60.37135816
           946   60.39002451
           947   60.40868369
           948   60.42733465
           949   60.44598561
           950   60.46463657
           951   60.48328753
           952   60.50193689
           953   60.52057248
           954   60.53920808
           955   60.55784367
           956   60.57647927
           957   60.59511486
           958   60.61373914
           959   60.63235939
           960   60.65097965
           961   60.66959991
           962   60.68822016
           963   60.70683479
           964   60.72543973
           965   60.74404467
           966   60.76264962
           967   60.78125456
           968    60.7998595
           969   60.81844926
           970   60.83703892
           971   60.85562857
           972   60.87421822
           973   60.89280787
           974   60.91138816
           975   60.92996255
           976   60.94853693
           977   60.96711132
           978    60.9856857
           979   61.00425659
           980   61.02281573
           981   61.04137488
           982   61.05993402
           983   61.07849317
           984   61.09705231
           985   61.11559865
           986   61.13414258
           987   61.15268651
           988   61.17123043
           989   61.18977436
           990   61.20831147
           991    61.2268402
           992   61.24536894
           993   61.26389767
           994    61.2824264
           995   61.30095436
           996   61.31946792
           997   61.33798148
           998   61.35649505
           999   61.37500861
          1000   61.39352218
          1001    61.4120259
          1002   61.43052432
          1003   61.44902273
          1004   61.46752115
          1005   61.48601957
          1006    61.5045143
          1007    61.5229976
          1008    61.5414809
          1009    61.5599642
          1010   61.57844749
          1011   61.59693079
          1012    61.6154015
          1013    61.6338697
          1014    61.6523379
          1015   61.67080611
          1016   61.68927431
          1017   61.70773619
          1018   61.72618932
          1019   61.74464245
          1020   61.76309558
          1021   61.78154871
          1022   61.80000183
          1023   61.81843991
          1024   61.83687799
          1025   61.85531607
          1026   61.87375415
          1027   61.89219223
          1028   61.91062165
          1029    61.9290447
          1030   61.94746776
          1031   61.96589081
          1032   61.98431387
          1033   62.00273469
          1034   62.02114274
          1035    62.0395508
          1036   62.05795885
          1037    62.0763669
          1038   62.09477496
          1039   62.11317228
          1040   62.13156536
          1041   62.14995843
          1042   62.16835151
          1043   62.18674458
          1044   62.20513348
          1045    62.2235116
          1046   62.24188972
          1047   62.26026785
          1048   62.27864597
          1049   62.29702409
          1050    62.3153897
          1051   62.33375289
          1052   62.35211608
          1053   62.37047927
          1054   62.38884246
          1055    62.4071998
          1056   62.42554809
          1057   62.44389637
          1058   62.46224465
          1059   62.48059294
          1060   62.49894122
          1061   62.51727548
          1062   62.53560888
          1063   62.55394228
          1064   62.57227568
          1065   62.59060908
          1066   62.60893524
          1067   62.62725378
          1068   62.64557232
          1069   62.66389086
          1070    62.6822094
          1071   62.70052751
          1072   62.71883122
          1073   62.73713492
          1074   62.75543862
          1075   62.77374233
          1076   62.79204603
          1077   62.81034136
          1078   62.82863025
          1079   62.84691914
          1080   62.86520804
          1081   62.88349693
          1082   62.90178437
          1083   62.92005848
          1084   62.93833258
          1085   62.95660668
          1086   62.97488078
          1087   62.99315488
          1088   63.01141975
          1089   63.02967909
          1090   63.04793842
          1091   63.06619776
          1092   63.08445709
          1093   63.10271423
          1094   63.12095883
          1095   63.13920342
          1096   63.15744801
          1097    63.1756926
          1098    63.1939372
          1099   63.21217196
          1100   63.23040183
          1101    63.2486317
          1102   63.26686158
          1103   63.28509145
          1104   63.30331864
          1105   63.32153382
          1106   63.33974899
          1107   63.35796417
          1108   63.37617934
          1109   63.39439452
          1110   63.41259954
          1111   63.43080004
          1112   63.44900054
          1113   63.46720104
          1114   63.48540154
          1115   63.50359915
          1116     63.521785
          1117   63.53997085
          1118    63.5581567
          1119   63.57634255
          1120    63.5945284
          1121   63.61270403
          1122   63.63087525
          1123   63.64904647
          1124    63.6672177
          1125   63.68538892
          1126   63.70355728
          1127    63.7217139
          1128   63.73987052
          1129   63.75802714
          1130   63.77618376
          1131   63.79434038
          1132   63.81248696
          1133     63.830629
          1134   63.84877103
          1135   63.86691307
          1136   63.88505511
          1137   63.90319458
          1138   63.92132206
          1139   63.93944954
          1140   63.95757701
          1141   63.97570449
          1142   63.99383197
          1143   64.01194986
          1144    64.0300628
          1145   64.04817574
          1146   64.06628868
          1147   64.08440162
          1148   64.10251255
          1149   64.12061098
          1150   64.13870941
          1151   64.15680784
          1152   64.17490627
          1153   64.19300469
          1154   64.21109423
          1155   64.22917817
          1156   64.24726211
          1157   64.26534605
          1158   64.28342998
          1159   64.30151271
          1160   64.31958218
          1161   64.33765165
          1162   64.35572112
          1163   64.37379059
          1164   64.39186006
          1165   64.40992159
          1166   64.42797662
          1167   64.44603164
          1168   64.46408667
          1169   64.48214169
          1170   64.50019656
          1171   64.51823716
          1172   64.53627776
          1173   64.55431836
          1174   64.57235896
          1175   64.59039957
          1176   64.60843343
          1177   64.62645963
          1178   64.64448583
          1179   64.66251204
          1180   64.68053824
          1181   64.69856444
          1182   64.71657741
          1183   64.73458923
          1184   64.75260105
          1185   64.77061288
          1186    64.7886247
          1187   64.80663124
          1188    64.8246287
          1189   64.84262617
          1190   64.86062364
          1191   64.87862111
          1192   64.89661858
          1193   64.91460441
          1194   64.93258754
          1195   64.95057068
          1196   64.96855381
          1197   64.98653695
          1198   65.00451649
          1199   65.02248531
          1200   65.04045413
          1201   65.05842296
          1202   65.07639178
          1203   65.09436061
          1204   65.11231963
          1205   65.13027417
          1206    65.1482287
          1207   65.16618324
          1208   65.18413777
          1209   65.20209065
          1210   65.22003092
          1211   65.23797119
          1212   65.25591146
          1213   65.27385173
          1214     65.291792
          1215   65.30972454
          1216   65.32765057
          1217    65.3455766
          1218   65.36350262
          1219   65.38142865
          1220   65.39935467
          1221   65.41726699
          1222    65.4351788
          1223    65.4530906
          1224   65.47100241
          1225   65.48891421
          1226    65.5068206
          1227   65.52471821
          1228   65.54261581
          1229   65.56051342
          1230   65.57841102
          1231   65.59630863
          1232   65.61419498
          1233   65.63207841
          1234   65.64996183
          1235   65.66784526
          1236   65.68572869
          1237   65.70360926
          1238   65.72147853
          1239    65.7393478
          1240   65.75721707
          1241   65.77508635
          1242   65.79295562
          1243   65.81081633
          1244   65.82867147
          1245    65.8465266
          1246   65.86438174
          1247   65.88223688
          1248   65.90009195
          1249   65.91793297
          1250     65.935774
          1251   65.95361503
          1252   65.97145605
          1253   65.98929708
          1254   66.00713247
          1255   66.02495941
          1256   66.04278634
          1257   66.06061328
          1258   66.07844022
          1259   66.09626716
          1260   66.11408297
          1261   66.13189584
          1262   66.14970871
          1263   66.16752158
          1264   66.18533445
          1265   66.20314483
          1266   66.22094366
          1267   66.23874248
          1268    66.2565413
          1269   66.27434013
          1270   66.29213895
          1271   66.30992994
          1272   66.32771474
          1273   66.34549954
          1274   66.36328434
          1275   66.38106914
          1276   66.39885394
          1277   66.41662563
          1278   66.43439643
          1279   66.45216723
          1280   66.46993802
          1281   66.48770882
          1282    66.5054753
          1283   66.52323212
          1284   66.54098893
          1285   66.55874575
          1286   66.57650256
          1287   66.59425938
          1288   66.61200675
          1289    66.6297496
          1290   66.64749246
          1291   66.66523531
          1292   66.68297817
          1293   66.70072046
          1294   66.71844938
          1295   66.73617829
          1296   66.75390721
          1297   66.77163613
          1298   66.78936505
          1299    66.8070884
          1300    66.8248034
          1301    66.8425184
          1302    66.8602334
          1303    66.8779484
          1304   66.89566341
          1305   66.91336791
          1306   66.93106902
          1307   66.94877013
          1308   66.96647123
          1309   66.98417234
          1310   67.00187198
          1311   67.01955921
          1312   67.03724645
          1313   67.05493368
          1314   67.07262091
          1315   67.09030815
          1316   67.10798912
          1317    67.1256625
          1318   67.14333588
          1319   67.16100926
          1320   67.17868264
          1321   67.19635603
          1322   67.21401843
          1323   67.23167798
          1324   67.24933753
          1325   67.26699708
          1326   67.28465663
          1327   67.30231437
          1328   67.31996011
          1329   67.33760586
          1330    67.3552516
          1331   67.37289734
          1332   67.39054308
          1333   67.40818242
          1334   67.42581438
          1335   67.44344633
          1336   67.46107828
          1337   67.47871024
          1338   67.49634219
          1339   67.51396323
          1340   67.53158142
          1341   67.54919961
          1342    67.5668178
          1343   67.58443598
          1344   67.60205257
          1345   67.61965701
          1346   67.63726145
          1347   67.65486589
          1348   67.67247033
          1349   67.69007477
          1350   67.70767323
          1351   67.72526394
          1352   67.74285466
          1353   67.76044538
          1354   67.77803609
          1355   67.79562681
          1356   67.81320723
          1357   67.83078424
          1358   67.84836126
          1359   67.86593827
          1360   67.88351528
          1361   67.90109145
          1362   67.91865478
          1363   67.93621811
          1364   67.95378144
          1365   67.97134477
          1366    67.9889081
          1367    68.0064664
          1368   68.02401607
          1369   68.04156574
          1370   68.05911541
          1371   68.07666508
          1372   68.09421475
          1373   68.11175527
          1374    68.1292913
          1375   68.14682733
          1376   68.16436336
          1377   68.18189939
          1378   68.19943542
          1379   68.21695827
          1380   68.23448068
          1381   68.25200309
          1382    68.2695255
          1383   68.28704791
          1384   68.30456677
          1385   68.32207558
          1386   68.33958439
          1387    68.3570932
          1388   68.37460201
          1389   68.39211083
          1390   68.40961218
          1391   68.42710741
          1392   68.44460264
          1393   68.46209788
          1394   68.47959311
          1395   68.49708834
          1396   68.51457228
          1397   68.53205395
          1398   68.54953563
          1399   68.56701731
          1400   68.58449898
          1401   68.60197913
          1402   68.61944727
          1403   68.63691541
          1404   68.65438355
          1405   68.67185169
          1406   68.68931983
          1407   68.70678272
          1408   68.72423734
          1409   68.74169197
          1410   68.75914659
          1411   68.77660122
          1412   68.79405584
          1413   68.81150157
          1414    68.8289427
          1415   68.84638383
          1416   68.86382496
          1417   68.88126609
          1418   68.89870722
          1419   68.91613587
          1420   68.93356353
          1421   68.95099118
          1422   68.96841884
          1423    68.9858465
          1424   69.00327162
          1425   69.02068583
          1426   69.03810003
          1427   69.05551423
          1428   69.07292843
          1429   69.09034264
          1430   69.10775085
          1431   69.12515162
          1432   69.14255239
          1433   69.15995316
          1434   69.17735393
          1435    69.1947547
          1436    69.2121461
          1437   69.22953346
          1438   69.24692081
          1439   69.26430817
          1440   69.28169553
          1441   69.29908288
          1442   69.31645756
          1443   69.33383152
          1444   69.35120548
          1445   69.36857945
          1446   69.38595341
          1447   69.40332482
          1448   69.42068541
          1449     69.438046
          1450    69.4554066
          1451   69.47276719
          1452   69.49012778
          1453   69.50748262
          1454   69.52482986
          1455    69.5421771
          1456   69.55952434
          1457   69.57687158
          1458   69.59421882
          1459   69.61155718
          1460   69.62889109
          1461     69.646225
          1462   69.66355891
          1463   69.68089282
          1464   69.69822673
          1465   69.71554869
          1466   69.73286929
          1467   69.75018989
          1468   69.76751049
          1469   69.78483109
          1470   69.80215004
          1471   69.81945735
          1472   69.83676466
          1473   69.85407197
          1474   69.87137928
          1475   69.88868659
          1476    69.9059893
          1477   69.92328334
          1478   69.94057738
          1479   69.95787142
          1480   69.97516546
          1481    69.9924595
          1482   70.00974606
          1483   70.02702685
          1484   70.04430764
          1485   70.06158843
          1486   70.07886922
          1487   70.09615001
          1488   70.11342052
          1489   70.13068808
          1490   70.14795564
          1491    70.1652232
          1492   70.18249076
          1493   70.19975831
          1494   70.21701285
          1495    70.2342672
          1496   70.25152155
          1497    70.2687759
          1498   70.28603025
          1499   70.30328209
          1500   70.32052325
          1501   70.33776441
          1502   70.35500557
          1503   70.37224672
          1504   70.38948788
          1505    70.4067239
          1506   70.42395189
          1507   70.44117988
          1508   70.45840787
          1509   70.47563586
          1510   70.49286385
          1511   70.51008414
          1512   70.52729898
          1513   70.54451382
          1514   70.56172866
          1515    70.5789435
          1516   70.59615834
          1517   70.61336298
          1518   70.63056469
          1519    70.6477664
          1520   70.66496811
          1521   70.68216982
          1522   70.69937153
          1523   70.71656061
          1524   70.73374921
          1525   70.75093781
          1526   70.76812642
          1527   70.78531502
          1528   70.80250171
          1529   70.81967722
          1530   70.83685273
          1531   70.85402824
          1532   70.87120375
          1533   70.88837926
          1534   70.90555054
          1535   70.92271298
          1536   70.93987542
          1537   70.95703786
          1538    70.9742003
          1539   70.99136274
          1540    71.0085187
          1541   71.02566809
          1542   71.04281748
          1543   71.05996687
          1544   71.07711626
          1545   71.09426565
          1546   71.11140636
          1547   71.12854272
          1548   71.14567908
          1549   71.16281544
          1550    71.1799518
          1551   71.19708816
          1552   71.21421371
          1553   71.23133706
          1554   71.24846041
          1555   71.26558376
          1556    71.2827071
          1557   71.29983045
          1558   71.31694094
          1559   71.33405129
          1560   71.35116165
          1561     71.368272
          1562   71.38538236
          1563   71.40249083
          1564   71.41958821
          1565    71.4366856
          1566   71.45378298
          1567   71.47088036
          1568   71.48797775
          1569   71.50507129
          1570   71.52215572
          1571   71.53924015
          1572   71.55632458
          1573   71.57340901
          1574   71.59049345
          1575   71.60757214
          1576   71.62464364
          1577   71.64171514
          1578   71.65878664
          1579   71.67585814
          1580   71.69292964
          1581   71.70999357
          1582   71.72705216
          1583   71.74411074
          1584   71.76116933
          1585   71.77822791
          1586    71.7952865
          1587   71.81233575
          1588   71.82938145
          1589   71.84642714
          1590   71.86347283
          1591   71.88051852
          1592   71.89756421
          1593   71.91459887
          1594   71.93163169
          1595   71.94866451
          1596   71.96569732
          1597   71.98273014
          1598   71.99976296
          1599    72.0167831
          1600   72.03380306
          1601   72.05082303
          1602   72.06784299
          1603   72.08486295
          1604   72.10188149
          1605   72.11888862
          1606   72.13589575
          1607   72.15290287
          1608      72.16991
          1609   72.18691713
          1610    72.2039213
          1611   72.22091561
          1612   72.23790992
          1613   72.25490423
          1614   72.27189854
          1615   72.28889285
          1616   72.30588273
          1617   72.32286424
          1618   72.33984575
          1619   72.35682727
          1620   72.37380878
          1621   72.39079029
          1622   72.40776596
          1623    72.4247347
          1624   72.44170343
          1625   72.45867217
          1626    72.4756409
          1627   72.49260964
          1628   72.50957117
          1629   72.52652715
          1630   72.54348312
          1631    72.5604391
          1632   72.57739508
          1633   72.59435105
          1634   72.61129854
          1635   72.62824177
          1636   72.64518501
          1637   72.66212825
          1638   72.67907149
          1639   72.69601472
          1640   72.71294823
          1641   72.72987875
          1642   72.74680926
          1643   72.76373978
          1644    72.7806703
          1645   72.79760081
          1646   72.81452043
          1647   72.83143825
          1648   72.84835606
          1649   72.86527388
          1650   72.88219169
          1651   72.89910951
          1652   72.91601531
          1653   72.93292044
          1654   72.94982557
          1655   72.96673071
          1656   72.98363584
          1657   73.00054057
          1658   73.01743304
          1659   73.03432551
          1660   73.05121798
          1661   73.06811045
          1662   73.08500292
          1663   73.10189397
          1664   73.11877379
          1665   73.13565362
          1666   73.15253344
          1667   73.16941327
          1668   73.18629309
          1669   73.20317054
          1670   73.22003774
          1671   73.23690494
          1672   73.25377214
          1673   73.27063934
          1674   73.28750654
          1675   73.30437047
          1676   73.32122507
          1677   73.33807966
          1678   73.35493425
          1679   73.37178885
          1680   73.38864344
          1681   73.40549393
          1682   73.42233593
          1683   73.43917794
          1684   73.45601994
          1685   73.47286195
          1686   73.48970395
          1687   73.50654107
          1688   73.52337051
          1689   73.54019995
          1690   73.55702938
          1691   73.57385882
          1692   73.59068826
          1693   73.60751209
          1694   73.62432897
          1695   73.64114586
          1696   73.65796274
          1697   73.67477963
          1698   73.69159652
          1699   73.70840713
          1700   73.72521149
          1701   73.74201584
          1702    73.7588202
          1703   73.77562455
          1704   73.79242891
          1705   73.80922639
          1706   73.82601823
          1707   73.84281007
          1708   73.85960191
          1709   73.87639375
          1710    73.8931856
          1711   73.90997001
          1712   73.92674936
          1713   73.94352871
          1714   73.96030806
          1715   73.97708741
          1716   73.99386675
          1717   74.01063819
          1718   74.02740506
          1719   74.04417193
          1720    74.0609388
          1721   74.07770568
          1722   74.09447255
          1723   74.11123107
          1724   74.12798549
          1725    74.1447399
          1726   74.16149432
          1727   74.17824873
          1728   74.19500315
          1729   74.21174883
          1730   74.22849081
          1731   74.24523279
          1732   74.26197477
          1733   74.27871674
          1734   74.29545872
          1735   74.31219165
          1736    74.3289212
          1737   74.34565076
          1738   74.36238032
          1739   74.37910988
          1740   74.39583943
          1741   74.41255967
          1742   74.42927683
          1743   74.44599398
          1744   74.46271114
          1745    74.4794283
          1746   74.49614545
          1747   74.51285308
          1748   74.52955785
          1749   74.54626263
          1750    74.5629674
          1751   74.57967217
          1752   74.59637695
          1753   74.61307204
          1754   74.62976444
          1755   74.64645685
          1756   74.66314926
          1757   74.67984167
          1758   74.69653408
          1759    74.7132167
          1760   74.72989677
          1761   74.74657683
          1762   74.76325689
          1763   74.77993695
          1764   74.79661701
          1765   74.81328725
          1766   74.82995498
          1767   74.84662272
          1768   74.86329045
          1769   74.87995819
          1770   74.89662592
          1771   74.91328384
          1772   74.92993926
          1773   74.94659469
          1774   74.96325011
          1775   74.97990554
          1776   74.99656096
          1777   75.01320663
          1778   75.02984977
          1779    75.0464929
          1780   75.06313603
          1781   75.07977917
          1782    75.0964223
          1783    75.1130558
          1784   75.12968666
          1785   75.14631752
          1786   75.16294838
          1787   75.17957924
          1788    75.1962101
          1789    75.2128315
          1790   75.22945011
          1791   75.24606871
          1792   75.26268732
          1793   75.27930592
          1794   75.29592453
          1795    75.3125339
          1796   75.32914027
          1797   75.34574664
          1798   75.36235301
          1799   75.37895937
          1800   75.39556574
          1801   75.41216316
          1802   75.42875731
          1803   75.44535146
          1804   75.46194561
          1805   75.47853976
          1806   75.49513391
          1807   75.51171943
          1808   75.52830138
          1809   75.54488333
          1810   75.56146528
          1811   75.57804723
          1812   75.59462918
          1813    75.6112029
          1814   75.62777266
          1815   75.64434243
          1816    75.6609122
          1817   75.67748196
          1818   75.69405173
          1819    75.7106137
          1820    75.7271713
          1821   75.74372891
          1822   75.76028651
          1823   75.77684411
          1824   75.79340171
          1825   75.80995201
          1826   75.82649747
          1827   75.84304292
          1828   75.85958838
          1829   75.87613384
          1830   75.89267929
          1831   75.90921799
          1832   75.92575131
          1833   75.94228464
          1834   75.95881797
          1835    75.9753513
          1836   75.99188462
          1837   76.00841178
          1838     76.024933
          1839   76.04145422
          1840   76.05797544
          1841   76.07449665
          1842   76.09101787
          1843   76.10753357
          1844   76.12404269
          1845   76.14055182
          1846   76.15706094
          1847   76.17357006
          1848   76.19007919
          1849   76.20658349
          1850   76.22308054
          1851   76.23957759
          1852   76.25607464
          1853   76.27257169
          1854   76.28906874
          1855   76.30556172
          1856   76.32204671
          1857    76.3385317
          1858   76.35501669
          1859   76.37150169
          1860   76.38798668
          1861    76.4044684
          1862   76.42094136
          1863   76.43741431
          1864   76.45388726
          1865   76.47036021
          1866   76.48683316
          1867    76.5033037
          1868   76.51976463
          1869   76.53622557
          1870    76.5526865
          1871   76.56914743
          1872   76.58560836
          1873   76.60206778
          1874   76.61851671
          1875   76.63496563
          1876   76.65141456
          1877   76.66786348
          1878   76.68431241
          1879   76.70076078
          1880   76.71719772
          1881   76.73363466
          1882    76.7500716
          1883   76.76650854
          1884   76.78294548
          1885   76.79938242
          1886   76.81580785
          1887   76.83223282
          1888   76.84865779
          1889   76.86508276
          1890   76.88150773
          1891    76.8979327
          1892   76.91434723
          1893   76.93076025
          1894   76.94717327
          1895   76.96358629
          1896   76.97999931
          1897   76.99641233
          1898   77.01281602
          1899   77.02921711
          1900    77.0456182
          1901   77.06201928
          1902   77.07842037
          1903   77.09482146
          1904   77.11121439
          1905   77.12760356
          1906   77.14399273
          1907    77.1603819
          1908   77.17677107
          1909   77.19316024
          1910   77.20954248
          1911   77.22591975
          1912   77.24229702
          1913   77.25867429
          1914   77.27505157
          1915   77.29142884
          1916   77.30780045
          1917   77.32416584
          1918   77.34053123
          1919   77.35689662
          1920   77.37326201
          1921    77.3896274
          1922   77.40598845
          1923   77.42234197
          1924    77.4386955
          1925   77.45504903
          1926   77.47140256
          1927   77.48775608
          1928   77.50410663
          1929   77.52044831
          1930   77.53678999
          1931   77.55313167
          1932   77.56947335
          1933   77.58581504
          1934   77.60215515
          1935   77.61848501
          1936   77.63481486
          1937   77.65114471
          1938   77.66747456
          1939   77.68380441
          1940   77.70013417
          1941   77.71645221
          1942   77.73277025
          1943   77.74908829
          1944   77.76540633
          1945   77.78172437
          1946   77.79804241
          1947   77.81435007
          1948   77.83065631
          1949   77.84696256
          1950    77.8632688
          1951   77.87957505
          1952   77.89588129
          1953   77.91217874
          1954   77.92847321
          1955   77.94476767
          1956   77.96106214
          1957   77.97735661
          1958   77.99365108
          1959   78.00993837
          1960   78.02622108
          1961   78.04250379
          1962   78.05878649
          1963    78.0750692
          1964   78.09135191
          1965   78.10762911
          1966   78.12390008
          1967   78.14017104
          1968   78.15644201
          1969   78.17271298
          1970   78.18898394
          1971   78.20525112
          1972   78.22151036
          1973    78.2377696
          1974   78.25402884
          1975   78.27028808
          1976   78.28654732
          1977   78.30280454
          1978   78.31905207
          1979    78.3352996
          1980   78.35154713
          1981   78.36779466
          1982   78.38404219
          1983   78.40028952
          1984   78.41652536
          1985    78.4327612
          1986   78.44899704
          1987   78.46523288
          1988   78.48146872
          1989   78.49770456
          1990   78.51393037
          1991   78.53015454
          1992    78.5463787
          1993   78.56260287
          1994   78.57882704
          1995    78.5950512
          1996   78.61126727
          1997   78.62747977
          1998   78.64369228
          1999   78.65990479
          2000    78.6761173
          2001   78.69232981
          2002   78.70853618
          2003   78.72473705
          2004   78.74093792
          2005   78.75713878
          2006   78.77333965
          2007   78.78954052
          2008   78.80573727
          2009   78.82192651
          2010   78.83811576
          2011     78.854305
          2012   78.87049425
          2013   78.88668349
          2014   78.90287067
          2015   78.91904831
          2016   78.93522595
          2017   78.95140359
          2018   78.96758123
          2019   78.98375886
          2020    78.9999365
          2021    79.0161026
          2022   79.03226864
          2023   79.04843469
          2024   79.06460074
          2025   79.08076679
          2026   79.09693284
          2027   79.11308951
          2028   79.12924398
          2029   79.14539846
          2030   79.16155293
          2031   79.17770741
          2032   79.19386188
          2033   79.21000919
          2034   79.22615211
          2035   79.24229503
          2036   79.25843795
          2037   79.27458087
          2038   79.29072379
          2039    79.3068618
          2040   79.32299318
          2041   79.33912456
          2042   79.35525594
          2043   79.37138732
          2044    79.3875187
          2045   79.40364748
          2046   79.41976733
          2047   79.43588719
          2048   79.45200705
          2049   79.46812691
          2050   79.48424676
          2051   79.50036636
          2052   79.51647471
          2053   79.53258306
          2054   79.54869142
          2055   79.56479977
          2056   79.58090812
          2057   79.59701647
          2058   79.61311546
          2059   79.62921233
          2060   79.64530919
          2061   79.66140605
          2062   79.67750291
          2063   79.69359978
          2064   79.70968973
          2065   79.72577512
          2066   79.74186051
          2067    79.7579459
          2068   79.77403129
          2069   79.79011668
          2070   79.80619766
          2071   79.82227159
          2072   79.83834553
          2073   79.85441946
          2074   79.87049339
          2075   79.88656733
          2076   79.90263938
          2077   79.91870188
          2078   79.93476438
          2079   79.95082687
          2080   79.96688937
          2081   79.98295186
          2082   79.99901436
          2083   80.01506613
          2084   80.03111721
          2085   80.04716828
          2086   80.06321935
          2087   80.07927042
          2088    80.0953215
          2089   80.11136449
          2090   80.12740416
          2091   80.14344382
          2092   80.15948349
          2093   80.17552316
          2094   80.19156282
          2095   80.20759709
          2096   80.22362537
          2097   80.23965365
          2098   80.25568192
          2099    80.2717102
          2100   80.28773848
          2101   80.30376408
          2102   80.31978099
          2103   80.33579789
          2104    80.3518148
          2105    80.3678317
          2106    80.3838486
          2107   80.39986551
          2108   80.41587115
          2109    80.4318767
          2110   80.44788225
          2111   80.46388779
          2112   80.47989334
          2113   80.49589889
          2114     80.511896
          2115   80.52789021
          2116   80.54388442
          2117   80.55987862
          2118   80.57587283
          2119   80.59186704
          2120   80.60785568
          2121   80.62383856
          2122   80.63982145
          2123   80.65580433
          2124   80.67178721
          2125    80.6877701
          2126   80.70375032
          2127    80.7197219
          2128   80.73569348
          2129   80.75166505
          2130   80.76763663
          2131    80.7836082
          2132   80.79957978
          2133   80.81554036
          2134   80.83150065
          2135   80.84746093
          2136   80.86342121
          2137    80.8793815
          2138   80.89534178
          2139   80.91129408
          2140   80.92724309
          2141    80.9431921
          2142   80.95914111
          2143   80.97509012
          2144   80.99103913
          2145   81.00698321
          2146   81.02292096
          2147   81.03885871
          2148   81.05479646
          2149   81.07073421
          2150   81.08667196
          2151   81.10260787
          2152   81.11853438
          2153   81.13446089
          2154    81.1503874
          2155    81.1663139
          2156   81.18224041
          2157   81.19816692
          2158   81.21408349
          2159   81.22999878
          2160   81.24591406
          2161   81.26182934
          2162   81.27774462
          2163    81.2936599
          2164   81.30956844
          2165   81.32547251
          2166   81.34137658
          2167   81.35728066
          2168   81.37318473
          2169    81.3890888
          2170   81.40498936
          2171   81.42088223
          2172   81.43677511
          2173   81.45266799
          2174   81.46856087
          2175   81.48445374
          2176   81.50034638
          2177   81.51622808
          2178   81.53210978
          2179   81.54799148
          2180   81.56387318
          2181   81.57975488
          2182   81.59563657
          2183   81.61151018
          2184   81.62738072
          2185   81.64325125
          2186   81.65912179
          2187   81.67499233
          2188   81.69086287
          2189   81.70672868
          2190   81.72258807
          2191   81.73844746
          2192   81.75430685
          2193   81.77016624
          2194   81.78602563
          2195    81.8018837
          2196   81.81773196
          2197   81.83358023
          2198   81.84942849
          2199   81.86527675
          2200   81.88112501
          2201   81.89697327
          2202   81.91281254
          2203   81.92864969
          2204   81.94448684
          2205   81.96032399
          2206   81.97616113
          2207   81.99199828
          2208   82.00782994
          2209   82.02365599
          2210   82.03948204
          2211   82.05530809
          2212   82.07113414
          2213   82.08696019
          2214   82.10278429
          2215   82.11859926
          2216   82.13441422
          2217   82.15022919
          2218   82.16604416
          2219   82.18185913
          2220   82.19767409
          2221   82.21347962
          2222   82.22928352
          2223   82.24508743
          2224   82.26089133
          2225   82.27669523
          2226   82.29249913
          2227   82.30829723
          2228   82.32409008
          2229   82.33988293
          2230   82.35567578
          2231   82.37146863
          2232   82.38726148
          2233    82.4030522
          2234   82.41883401
          2235   82.43461583
          2236   82.45039765
          2237   82.46617946
          2238   82.48196128
          2239    82.4977431
          2240   82.51351547
          2241   82.52928627
          2242   82.54505707
          2243   82.56082786
          2244   82.57659866
          2245   82.59236946
          2246   82.60813458
          2247   82.62389437
          2248   82.63965417
          2249   82.65541396
          2250   82.67117376
          2251   82.68693355
          2252   82.70269147
          2253   82.71844027
          2254   82.73418908
          2255   82.74993789
          2256    82.7656867
          2257    82.7814355
          2258   82.79718431
          2259   82.81292411
          2260   82.82866194
          2261   82.84439978
          2262   82.86013762
          2263   82.87587545
          2264   82.89161329
          2265   82.90734601
          2266   82.92307289
          2267   82.93879976
          2268   82.95452664
          2269   82.97025352
          2270    82.9859804
          2271    83.0017061
          2272   83.01742204
          2273   83.03313798
          2274   83.04885391
          2275   83.06456985
          2276   83.08028579
          2277   83.09600173
          2278   83.11170953
          2279   83.12741454
          2280   83.14311956
          2281   83.15882457
          2282   83.17452959
          2283    83.1902346
          2284   83.20593549
          2285    83.2216296
          2286    83.2373237
          2287   83.25301781
          2288   83.26871191
          2289   83.28440602
          2290   83.30010005
          2291   83.31578327
          2292   83.33146648
          2293   83.34714969
          2294    83.3628329
          2295   83.37851611
          2296   83.39419933
          2297   83.40987568
          2298   83.42554802
          2299   83.44122035
          2300   83.45689269
          2301   83.47256502
          2302   83.48823735
          2303   83.50390698
          2304   83.51956845
          2305   83.53522992
          2306   83.55089139
          2307   83.56655286
          2308   83.58221433
          2309   83.59787581
          2310    83.6135279
          2311   83.62917853
          2312   83.64482915
          2313   83.66047977
          2314    83.6761304
          2315   83.69178102
          2316    83.7074265
          2317    83.7230663
          2318   83.73870609
          2319   83.75434588
          2320   83.76998567
          2321   83.78562547
          2322   83.80126438
          2323   83.81689336
          2324   83.83252234
          2325   83.84815131
          2326   83.86378029
          2327   83.87940926
          2328   83.89503824
          2329   83.91065984
          2330   83.92627802
          2331    83.9418962
          2332   83.95751437
          2333   83.97313255
          2334   83.98875072
          2335   84.00436588
          2336   84.01997327
          2337   84.03558066
          2338   84.05118805
          2339   84.06679544
          2340   84.08240283
          2341   84.09801022
          2342   84.11360821
          2343   84.12920483
          2344   84.14480145
          2345   84.16039807
          2346   84.17599469
          2347   84.19159131
          2348   84.20718297
          2349   84.22276883
          2350    84.2383547
          2351   84.25394056
          2352   84.26952643
          2353   84.28511229
          2354   84.30069768
          2355    84.3162728
          2356   84.33184793
          2357   84.34742305
          2358   84.36299817
          2359    84.3785733
          2360   84.39414842
          2361   84.40971685
          2362   84.42528125
          2363   84.44084565
          2364   84.45641005
          2365   84.47197445
          2366   84.48753885
          2367   84.50310112
          2368   84.51865481
          2369    84.5342085
          2370   84.54976219
          2371   84.56531588
          2372   84.58086957
          2373   84.59642326
          2374   84.61196872
          2375   84.62751172
          2376   84.64305471
          2377   84.65859771
          2378   84.67414071
          2379    84.6896837
          2380   84.70522311
          2381   84.72075543
          2382   84.73628774
          2383   84.75182006
          2384   84.76735238
          2385    84.7828847
          2386   84.79841702
          2387   84.81393976
          2388   84.82946141
          2389   84.84498306
          2390   84.86050472
          2391   84.87602637
          2392   84.89154802
          2393   84.90706483
          2394   84.92257583
          2395   84.93808684
          2396   84.95359784
          2397   84.96910885
          2398   84.98461985
          2399   85.00013077
          2400   85.01563114
          2401   85.03113151
          2402   85.04663188
          2403   85.06213225
          2404   85.07763262
          2405     85.093133
          2406   85.10862745
          2407    85.1241172
          2408   85.13960696
          2409   85.15509671
          2410   85.17058646
          2411   85.18607621
          2412    85.2015649
          2413   85.21704404
          2414   85.23252319
          2415   85.24800234
          2416   85.26348149
          2417   85.27896064
          2418   85.29443979
          2419   85.30991215
          2420   85.32538071
          2421   85.34084927
          2422   85.35631783
          2423   85.37178639
          2424   85.38725495
          2425   85.40272165
          2426   85.41817964
          2427   85.43363762
          2428   85.44909561
          2429   85.46455359
          2430   85.48001158
          2431   85.49546957
          2432   85.51092009
          2433   85.52636751
          2434   85.54181494
          2435   85.55726237
          2436    85.5727098
          2437   85.58815722
          2438   85.60360219
          2439   85.61903907
          2440   85.63447596
          2441   85.64991284
          2442   85.66534972
          2443   85.68078661
          2444   85.69622349
          2445   85.71165242
          2446   85.72707877
          2447   85.74250513
          2448   85.75793148
          2449   85.77335783
          2450   85.78878419
          2451   85.80420767
          2452   85.81962351
          2453   85.83503935
          2454   85.85045519
          2455   85.86587103
          2456   85.88128687
          2457   85.89670271
          2458    85.9121103
          2459   85.92751564
          2460   85.94292098
          2461   85.95832632
          2462   85.97373166
          2463     85.989137
          2464   86.00453924
          2465    86.0199341
          2466   86.03532896
          2467   86.05072381
          2468   86.06611867
          2469   86.08151352
          2470   86.09690838
          2471   86.11229486
          2472   86.12767925
          2473   86.14306364
          2474   86.15844802
          2475   86.17383241
          2476   86.18921679
          2477   86.20459805
          2478   86.21997198
          2479   86.23534591
          2480   86.25071984
          2481   86.26609377
          2482    86.2814677
          2483   86.29684163
          2484   86.31220726
          2485   86.32757075
          2486   86.34293424
          2487   86.35829773
          2488   86.37366122
          2489   86.38902471
          2490   86.40438522
          2491   86.41973828
          2492   86.43509135
          2493   86.45044441
          2494   86.46579747
          2495   86.48115054
          2496    86.4965036
          2497   86.51184862
          2498   86.52719128
          2499   86.54253393
          2500   86.55787658
          2501   86.57321923
          2502   86.58856188
          2503   86.60390189
          2504   86.61923415
          2505    86.6345664
          2506   86.64989866
          2507   86.66523091
          2508   86.68056317
          2509   86.69589542
          2510   86.71122007
          2511   86.72654195
          2512   86.74186382
          2513   86.75718569
          2514   86.77250757
          2515   86.78782944
          2516   86.80314918
          2517   86.81846069
          2518   86.83377219
          2519    86.8490837
          2520    86.8643952
          2521   86.87970671
          2522   86.89501821
          2523   86.91032274
          2524   86.92562389
          2525   86.94092504
          2526   86.95622619
          2527   86.97152735
          2528    86.9868285
          2529   87.00212821
          2530   87.01741903
          2531   87.03270984
          2532   87.04800065
          2533   87.06329147
          2534   87.07858228
          2535    87.0938731
          2536   87.10915772
          2537   87.12443821
          2538    87.1397187
          2539   87.15499919
          2540   87.17027968
          2541   87.18556017
          2542   87.20084009
          2543   87.21611027
          2544   87.23138046
          2545   87.24665064
          2546   87.26192082
          2547     87.277191
          2548   87.29246118
          2549   87.30772614
          2550   87.32298603
          2551   87.33824591
          2552    87.3535058
          2553   87.36876568
          2554   87.38402557
          2555   87.39928545
          2556   87.41453554
          2557   87.42978514
          2558   87.44503475
          2559   87.46028435
          2560   87.47553396
          2561   87.49078356
          2562    87.5060291
          2563   87.52126844
          2564   87.53650778
          2565   87.55174712
          2566   87.56698645
          2567   87.58222579
          2568   87.59746513
          2569   87.61269592
          2570   87.62792501
          2571   87.64315409
          2572   87.65838318
          2573   87.67361226
          2574   87.68884135
          2575    87.7040677
          2576   87.71928655
          2577   87.73450539
          2578   87.74972424
          2579   87.76494309
          2580   87.78016194
          2581   87.79538078
          2582   87.81059251
          2583   87.82580114
          2584   87.84100976
          2585   87.85621838
          2586   87.87142701
          2587   87.88663563
          2588   87.90184302
          2589   87.91704143
          2590   87.93223985
          2591   87.94743826
          2592   87.96263668
          2593   87.97783509
          2594   87.99303351
          2595    88.0082264
          2596   88.02341462
          2597   88.03860284
          2598   88.05379106
          2599   88.06897928
          2600    88.0841675
          2601   88.09935572
          2602   88.11453419
          2603   88.12971223
          2604   88.14489027
          2605   88.16006831
          2606   88.17524635
          2607   88.19042439
          2608   88.20559867
          2609   88.22076655
          2610   88.23593442
          2611   88.25110229
          2612   88.26627016
          2613   88.28143804
          2614   88.29660591
          2615    88.3117659
          2616   88.32692362
          2617   88.34208134
          2618   88.35723906
          2619   88.37239678
          2620    88.3875545
          2621    88.4027104
          2622   88.41785799
          2623   88.43300557
          2624   88.44815315
          2625   88.46330073
          2626   88.47844831
          2627   88.49359589
          2628   88.50873763
          2629   88.52387509
          2630   88.53901255
          2631      88.55415
          2632   88.56928746
          2633   88.58442492
          2634   88.59956237
          2635   88.61469001
          2636   88.62981736
          2637   88.64494471
          2638   88.66007205
          2639    88.6751994
          2640   88.69032675
          2641   88.70545046
          2642   88.72056771
          2643   88.73568496
          2644   88.75080221
          2645   88.76591946
          2646   88.78103671
          2647   88.79615396
          2648   88.81126369
          2649   88.82637086
          2650   88.84147803
          2651    88.8565852
          2652   88.87169237
          2653   88.88679954
          2654   88.90190544
          2655   88.91700254
          2656   88.93209964
          2657   88.94719674
          2658   88.96229384
          2659   88.97739094
          2660   88.99248804
          2661   89.00758009
          2662   89.02266713
          2663   89.03775418
          2664   89.05284123
          2665   89.06792827
          2666   89.08301532
          2667   89.09810237
          2668   89.11318064
          2669   89.12825764
          2670   89.14333465
          2671   89.15841165
          2672   89.17348866
          2673   89.18856567
          2674   89.20364025
          2675   89.21870723
          2676   89.23377421
          2677   89.24884119
          2678   89.26390817
          2679   89.27897515
          2680   89.29404213
          2681   89.30910305
          2682   89.32416002
          2683   89.33921699
          2684   89.35427396
          2685   89.36933092
          2686   89.38438789
          2687   89.39944486
          2688    89.4144922
          2689   89.42953917
          2690   89.44458613
          2691    89.4596331
          2692   89.47468007
          2693   89.48972704
          2694   89.50477084
          2695   89.51980783
          2696   89.53484481
          2697   89.54988179
          2698   89.56491878
          2699   89.57995576
          2700   89.59499275
          2701   89.61002308
          2702   89.62505009
          2703   89.64007711
          2704   89.65510412
          2705   89.67013113
          2706   89.68515815
          2707   89.70018504
          2708   89.71520209
          2709   89.73021915
          2710    89.7452362
          2711   89.76025326
          2712   89.77527032
          2713   89.79028737
          2714   89.80530092
          2715   89.82030803
          2716   89.83531514
          2717   89.85032225
          2718   89.86532937
          2719   89.88033648
          2720   89.89534359
          2721   89.91034386
          2722   89.92534104
          2723   89.94033822
          2724   89.95533541
          2725   89.97033259
          2726   89.98532977
          2727   90.00032674
          2728   90.01531401
          2729   90.03030127
          2730   90.04528854
          2731   90.06027581
          2732   90.07526308
          2733   90.09025034
          2734   90.10523415
          2735   90.12021151
          2736   90.13518888
          2737   90.15016624
          2738   90.16514361
          2739   90.18012097
          2740   90.19509834
          2741   90.21006905
          2742   90.22503653
          2743   90.24000401
          2744   90.25497148
          2745   90.26993896
          2746   90.28490643
          2747   90.29987391
          2748    90.3148316
          2749    90.3297892
          2750    90.3447468
          2751    90.3597044
          2752     90.374662
          2753    90.3896196
          2754   90.40457419
          2755   90.41952193
          2756   90.43446967
          2757   90.44941741
          2758   90.46436515
          2759   90.47931289
          2760   90.49426063
          2761    90.5092023
          2762    90.5241402
          2763   90.53907809
          2764   90.55401598
          2765   90.56895387
          2766   90.58389177
          2767   90.59882966
          2768   90.61375849
          2769   90.62868655
          2770    90.6436146
          2771   90.65854266
          2772   90.67347072
          2773   90.68839878
          2774   90.70332465
          2775   90.71824289
          2776   90.73316112
          2777   90.74807936
          2778    90.7629976
          2779   90.77791584
          2780   90.79283408
          2781   90.80774722
          2782   90.82265565
          2783   90.83756408
          2784   90.85247251
          2785   90.86738094
          2786   90.88228937
          2787    90.8971978
          2788   90.91209828
          2789   90.92699692
          2790   90.94189555
          2791   90.95679419
          2792   90.97169283
          2793   90.98659146
          2794   91.00148912
          2795   91.01637798
          2796   91.03126684
          2797   91.04615569
          2798   91.06104455
          2799   91.07593341
          2800   91.09082227
          2801   91.10570738
          2802   91.12058647
          2803   91.13546556
          2804   91.15034465
          2805   91.16522374
          2806   91.18010283
          2807   91.19498192
          2808   91.20985454
          2809   91.22472388
          2810   91.23959322
          2811   91.25446255
          2812   91.26933189
          2813   91.28420123
          2814   91.29907057
          2815   91.31393077
          2816   91.32879037
          2817   91.34364997
          2818   91.35850956
          2819   91.37336916
          2820   91.38822876
          2821   91.40308633
          2822    91.4179362
          2823   91.43278607
          2824   91.44763594
          2825   91.46248581
          2826   91.47733568
          2827   91.49218556
          2828   91.50703082
          2829   91.52187098
          2830   91.53671114
          2831    91.5515513
          2832   91.56639145
          2833   91.58123161
          2834   91.59607177
          2835   91.61090479
          2836   91.62573525
          2837   91.64056571
          2838   91.65539617
          2839   91.67022662
          2840   91.68505708
          2841   91.69988754
          2842   91.71470838
          2843   91.72952915
          2844   91.74434992
          2845   91.75917069
          2846   91.77399147
          2847   91.78881224
          2848   91.80363064
          2849   91.81844173
          2850   91.83325283
          2851   91.84806393
          2852   91.86287503
          2853   91.87768612
          2854   91.89249722
          2855   91.90730355
          2856   91.92210499
          2857   91.93690643
          2858   91.95170786
          2859    91.9665093
          2860   91.98131074
          2861   91.99611218
          2862    92.0109065
          2863   92.02569829
          2864   92.04049008
          2865   92.05528187
          2866   92.07007366
          2867   92.08486545
          2868   92.09965725
          2869   92.11443963
          2870   92.12922178
          2871   92.14400394
          2872    92.1587861
          2873   92.17356825
          2874   92.18835041
          2875   92.20313053
          2876   92.21790306
          2877    92.2326756
          2878   92.24744814
          2879   92.26222067
          2880   92.27699321
          2881   92.29176575
          2882   92.30653403
          2883   92.32129696
          2884   92.33605989
          2885   92.35082282
          2886   92.36558575
          2887   92.38034868
          2888   92.39511161
          2889   92.40986812
          2890   92.42462145
          2891   92.43937479
          2892   92.45412812
          2893   92.46888146
          2894   92.48363479
          2895   92.49838813
          2896   92.51313293
          2897   92.52787668
          2898   92.54262044
          2899   92.55736419
          2900   92.57210794
          2901    92.5868517
          2902   92.60159441
          2903    92.6163286
          2904   92.63106279
          2905   92.64579697
          2906   92.66053116
          2907   92.67526534
          2908   92.68999953
          2909   92.70473065
          2910   92.71945528
          2911   92.73417991
          2912   92.74890454
          2913   92.76362917
          2914    92.7783538
          2915   92.79307843
          2916     92.807798
          2917   92.82251309
          2918   92.83722818
          2919   92.85194327
          2920   92.86665836
          2921   92.88137345
          2922   92.89608854
          2923   92.91079663
          2924   92.92550219
          2925   92.94020775
          2926   92.95491331
          2927   92.96961887
          2928   92.98432443
          2929   92.99902999
          2930   93.01372666
          2931    93.0284227
          2932   93.04311875
          2933   93.05781479
          2934   93.07251083
          2935   93.08720688
          2936   93.10190169
          2937   93.11658823
          2938   93.13127477
          2939   93.14596131
          2940   93.16064785
          2941    93.1753344
          2942   93.19002094
          2943   93.20470443
          2944   93.21938149
          2945   93.23405854
          2946   93.24873559
          2947   93.26341264
          2948   93.27808969
          2949   93.29276674
          2950   93.30743898
          2951   93.32210656
          2952   93.33677413
          2953    93.3514417
          2954   93.36610928
          2955   93.38077685
          2956   93.39544442
          2957   93.41010547
          2958   93.42476358
          2959   93.43942169
          2960    93.4540798
          2961   93.46873791
          2962   93.48339602
          2963   93.49805413
          2964   93.51270404
          2965    93.5273527
          2966   93.54200136
          2967   93.55665001
          2968   93.57129867
          2969   93.58594733
          2970    93.6005956
          2971   93.61523482
          2972   93.62987404
          2973   93.64451326
          2974   93.65915248
          2975    93.6737917
          2976   93.68843092
          2977   93.70306816
          2978   93.71769795
          2979   93.73232775
          2980   93.74695754
          2981   93.76158733
          2982   93.77621713
          2983   93.79084692
          2984   93.80547319
          2985   93.82009357
          2986   93.83471395
          2987   93.84933433
          2988   93.86395471
          2989   93.87857509
          2990   93.89319547
          2991   93.90781083
          2992   93.92242181
          2993   93.93703279
          2994   93.95164377
          2995   93.96625475
          2996   93.98086573
          2997   93.99547671
          2998   94.01008121
          2999    94.0246828
          3000   94.03928439
          3001   94.05388598
          3002   94.06848758
          3003   94.08308917
          3004   94.09769076
          3005   94.11228446
          3006   94.12687668
          3007    94.1414689
          3008   94.15606112
          3009   94.17065333
          3010   94.18524555
          3011   94.19983777
          3012   94.21442073
          3013   94.22900359
          3014   94.24358644
          3015    94.2581693
          3016   94.27275215
          3017   94.28733501
          3018   94.30191664
          3019   94.31649014
          3020   94.33106365
          3021   94.34563716
          3022   94.36021066
          3023   94.37478417
          3024   94.38935767
          3025   94.40392866
          3026   94.41849283
          3027     94.433057
          3028   94.44762117
          3029   94.46218534
          3030   94.47674951
          3031   94.49131368
          3032   94.50587409
          3033   94.52042893
          3034   94.53498378
          3035   94.54953863
          3036   94.56409347
          3037   94.57864832
          3038   94.59320316
          3039   94.60775304
          3040   94.62229858
          3041   94.63684411
          3042   94.65138965
          3043   94.66593518
          3044   94.68048072
          3045   94.69502625
          3046   94.70956566
          3047    94.7241019
          3048   94.73863814
          3049   94.75317437
          3050   94.76771061
          3051   94.78224684
          3052   94.79678308
          3053   94.81131208
          3054   94.82583903
          3055   94.84036598
          3056   94.85489293
          3057   94.86941988
          3058   94.88394683
          3059   94.89847377
          3060   94.91299242
          3061    94.9275101
          3062   94.94202777
          3063   94.95654545
          3064   94.97106312
          3065    94.9855808
          3066   95.00009841
          3067   95.01460683
          3068   95.02911524
          3069   95.04362365
          3070   95.05813207
          3071   95.07264048
          3072    95.0871489
          3073   95.10165625
          3074   95.11615542
          3075   95.13065458
          3076   95.14515375
          3077   95.15965291
          3078   95.17415208
          3079   95.18865124
          3080    95.2031484
          3081   95.21763833
          3082   95.23212826
          3083   95.24661819
          3084   95.26110812
          3085   95.27559805
          3086   95.29008797
          3087   95.30457499
          3088   95.31905569
          3089    95.3335364
          3090    95.3480171
          3091   95.36249781
          3092   95.37697851
          3093   95.39145922
          3094   95.40593615
          3095   95.42040764
          3096   95.43487913
          3097   95.44935063
          3098   95.46382212
          3099   95.47829361
          3100   95.49276511
          3101     95.507232
          3102    95.5216943
          3103   95.53615659
          3104   95.55061888
          3105   95.56508118
          3106   95.57954347
          3107   95.59400577
          3108   95.60846268
          3109   95.62291579
          3110    95.6373689
          3111   95.65182201
          3112   95.66627511
          3113   95.68072822
          3114   95.69518133
          3115   95.70962832
          3116   95.72407226
          3117   95.73851619
          3118   95.75296012
          3119   95.76740406
          3120   95.78184799
          3121   95.79629192
          3122   95.81072905
          3123   95.82516382
          3124   95.83959859
          3125   95.85403336
          3126   95.86846813
          3127   95.88290291
          3128   95.89733768
          3129   95.91176499
          3130   95.92619061
          3131   95.94061623
          3132   95.95504185
          3133   95.96946748
          3134    95.9838931
          3135   95.99831872
          3136   96.01273627
          3137   96.02715275
          3138   96.04156924
          3139   96.05598572
          3140   96.07040221
          3141   96.08481869
          3142   96.09923518
          3143   96.11364302
          3144   96.12805038
          3145   96.14245774
          3146    96.1568651
          3147   96.17127246
          3148   96.18567982
          3149   96.20008712
          3150   96.21448537
          3151   96.22888362
          3152   96.24328187
          3153   96.25768011
          3154   96.27207836
          3155   96.28647661
          3156    96.3008743
          3157   96.31526345
          3158   96.32965259
          3159   96.34404174
          3160   96.35843088
          3161   96.37282003
          3162   96.38720918
          3163   96.40159731
          3164   96.41597737
          3165   96.43035743
          3166   96.44473749
          3167   96.45911755
          3168    96.4734976
          3169   96.48787766
          3170   96.50225629
          3171   96.51662728
          3172   96.53099826
          3173   96.54536924
          3174   96.55974022
          3175    96.5741112
          3176   96.58848218
          3177   96.60285137
          3178   96.61721328
          3179    96.6315752
          3180   96.64593712
          3181   96.66029904
          3182   96.67466096
          3183   96.68902287
          3184   96.70338266
          3185   96.71773552
          3186   96.73208839
          3187   96.74644125
          3188   96.76079412
          3189   96.77514699
          3190   96.78949985
          3191   96.80385029
          3192   96.81819412
          3193   96.83253794
          3194   96.84688177
          3195    96.8612256
          3196   96.87556942
          3197   96.88991325
          3198   96.90425439
          3199   96.91858919
          3200   96.93292399
          3201   96.94725879
          3202   96.96159359
          3203   96.97592839
          3204   96.99026318
          3205   97.00459509
          3206   97.01892087
          3207   97.03324666
          3208   97.04757244
          3209   97.06189822
          3210   97.07622401
          3211   97.09054979
          3212   97.10487251
          3213   97.11918929
          3214   97.13350607
          3215   97.14782284
          3216   97.16213962
          3217    97.1764564
          3218   97.19077318
          3219   97.20508676
          3220   97.21939455
          3221   97.23370234
          3222   97.24801013
          3223   97.26231792
          3224    97.2766257
          3225   97.29093349
          3226   97.30523799
          3227    97.3195368
          3228   97.33383561
          3229   97.34813441
          3230   97.36243322
          3231   97.37673203
          3232   97.39103084
          3233   97.40532631
          3234   97.41961615
          3235   97.43390599
          3236   97.44819583
          3237   97.46248567
          3238   97.47677551
          3239   97.49106535
          3240   97.50535183
          3241   97.51963272
          3242    97.5339136
          3243   97.54819449
          3244   97.56247538
          3245   97.57675626
          3246   97.59103715
          3247    97.6053147
          3248   97.61958664
          3249   97.63385858
          3250   97.64813053
          3251   97.66240247
          3252   97.67667441
          3253   97.69094635
          3254   97.70521503
          3255   97.71947804
          3256   97.73374105
          3257   97.74800406
          3258   97.76226707
          3259   97.77653008
          3260   97.79079309
          3261   97.80505293
          3262   97.81930702
          3263   97.83356111
          3264   97.84781521
          3265    97.8620693
          3266   97.87632339
          3267   97.89057748
          3268   97.90482855
          3269   97.91907373
          3270   97.93331891
          3271   97.94756409
          3272   97.96180928
          3273   97.97605446
          3274   97.99029964
          3275   98.00454198
          3276   98.01877827
          3277   98.03301456
          3278   98.04725084
          3279   98.06148713
          3280   98.07572342
          3281    98.0899597
          3282   98.10419337
          3283   98.11842077
          3284   98.13264818
          3285   98.14687558
          3286   98.16110298
          3287   98.17533038
          3288   98.18955778
          3289   98.20378283
          3290   98.21800136
          3291   98.23221989
          3292   98.24643842
          3293   98.26065694
          3294   98.27487547
          3295     98.289094
          3296   98.30331047
          3297   98.31752014
          3298   98.33172981
          3299   98.34593948
          3300   98.36014915
          3301   98.37435882
          3302   98.38856849
          3303   98.40277643
          3304   98.41697725
          3305   98.43117807
          3306   98.44537889
          3307   98.45957971
          3308   98.47378053
          3309   98.48798135
          3310   98.50218081
          3311   98.51637279
          3312   98.53056478
          3313   98.54475676
          3314   98.55894874
          3315   98.57314073
          3316   98.58733271
          3317   98.60152375
          3318   98.61570691
          3319   98.62989006
          3320   98.64407322
          3321   98.65825638
          3322   98.67243954
          3323    98.6866227
          3324   98.70080535
          3325    98.7149797
          3326   98.72915404
          3327   98.74332839
          3328   98.75750273
          3329   98.77167708
          3330   98.78585142
          3331   98.80002575
          3332   98.81419129
          3333   98.82835684
          3334   98.84252238
          3335   98.85668792
          3336   98.87085346
          3337   98.88501901
          3338   98.89918455
          3339   98.91334181
          3340   98.92749856
          3341   98.94165531
          3342   98.95581207
          3343   98.96996882
          3344   98.98412557
          3345   98.99828232
          3346   99.01243136
          3347   99.02657934
          3348   99.04072731
          3349   99.05487529
          3350   99.06902326
          3351   99.08317123
          3352   99.09731921
          3353   99.11146008
          3354   99.12559928
          3355   99.13973849
          3356    99.1538777
          3357    99.1680169
          3358   99.18215611
          3359   99.19629532
          3360   99.21042806
          3361   99.22455852
          3362   99.23868897
          3363   99.25281942
          3364   99.26694987
          3365   99.28108032
          3366   99.29521078
          3367   99.30933545
          3368   99.32345716
          3369   99.33757886
          3370   99.35170057
          3371   99.36582228
          3372   99.37994399
          3373    99.3940657
          3374   99.40818234
          3375   99.42229532
          3376   99.43640829
          3377   99.45052127
          3378   99.46463425
          3379   99.47874722
          3380    99.4928602
          3381   99.50696886
          3382   99.52107312
          3383   99.53517738
          3384   99.54928163
          3385   99.56338589
          3386   99.57749014
          3387    99.5915944
          3388   99.60569513
          3389   99.61979068
          3390   99.63388623
          3391   99.64798177
          3392   99.66207732
          3393   99.67617287
          3394   99.69026841
          3395   99.70436127
          3396   99.71844811
          3397   99.73253496
          3398   99.74662181
          3399   99.76070866
          3400   99.77479551
          3401   99.78888236
          3402   99.80296738
          3403   99.81704554
          3404    99.8311237
          3405   99.84520186
          3406   99.85928003
          3407   99.87335819
          3408   99.88743635
          3409   99.90151358
          3410   99.91558307
          3411   99.92965256
          3412   99.94372205
          3413   99.95779154
          3414   99.97186102
          3415   99.98593051
          3416           100
          3417   100.0140608
          3418   100.0281217
          3419   100.0421825
          3420   100.0562433
          3421   100.0703041
          3422    100.084365
          3423   100.0984258
          3424   100.1124789
          3425   100.1265311
          3426   100.1405833
          3427   100.1546354
          3428   100.1686876
          3429   100.1827398
          3430    100.196792
          3431   100.2108375
          3432    100.224881
          3433   100.2389245
          3434   100.2529681
          3435   100.2670116
          3436   100.2810551
          3437   100.2950987
          3438   100.3091366
          3439   100.3231715
          3440   100.3372064
          3441   100.3512413
          3442   100.3652762
          3443   100.3793111
          3444    100.393346
          3445   100.4073764
          3446   100.4214027
          3447   100.4354289
          3448   100.4494552
          3449   100.4634815
          3450   100.4775078
          3451   100.4915341
          3452    100.505557
          3453   100.5195746
          3454   100.5335923
          3455     100.54761
          3456   100.5616277
          3457   100.5756454
          3458    100.589663
          3459   100.6036785
          3460   100.6176876
          3461   100.6316966
          3462   100.6457057
          3463   100.6597148
          3464   100.6737239
          3465    100.687733
          3466    100.701741
          3467   100.7157415
          3468    100.729742
          3469   100.7437425
          3470    100.757743
          3471   100.7717435
          3472    100.785744
          3473   100.7997445
          3474   100.8137366
          3475   100.8277285
          3476   100.8417205
          3477   100.8557124
          3478   100.8697043
          3479   100.8836963
          3480   100.8976882
          3481    100.911673
          3482   100.9256563
          3483   100.9396397
          3484   100.9536231
          3485   100.9676064
          3486   100.9815898
          3487   100.9955732
          3488   101.0095507
          3489   101.0235255
          3490   101.0375003
          3491   101.0514752
          3492     101.06545
          3493   101.0794248
          3494   101.0933996
          3495   101.1073699
          3496   101.1213362
          3497   101.1353025
          3498   101.1492688
          3499   101.1632351
          3500   101.1772013
          3501   101.1911676
          3502   101.2051308
          3503   101.2190885
          3504   101.2330463
          3505    101.247004
          3506   101.2609618
          3507   101.2749195
          3508   101.2888773
          3509   101.3028333
          3510   101.3167825
          3511   101.3307318
          3512    101.344681
          3513   101.3586302
          3514   101.3725795
          3515   101.3865287
          3516   101.4004777
          3517   101.4144184
          3518   101.4283591
          3519   101.4422999
          3520   101.4562406
          3521   101.4701813
          3522   101.4841221
          3523   101.4980628
          3524   101.5119962
          3525   101.5259284
          3526   101.5398607
          3527   101.5537929
          3528   101.5677252
          3529   101.5816574
          3530   101.5955896
          3531   101.6095161
          3532   101.6234398
          3533   101.6373636
          3534   101.6512873
          3535   101.6652111
          3536   101.6791349
          3537   101.6930586
          3538   101.7069781
          3539   101.7208934
          3540   101.7348087
          3541    101.748724
          3542   101.7626393
          3543   101.7765545
          3544   101.7904698
          3545   101.8043824
          3546   101.8182893
          3547   101.8321961
          3548   101.8461029
          3549   101.8600097
          3550   101.8739166
          3551   101.8878234
          3552   101.9017292
          3553   101.9156275
          3554   101.9295259
          3555   101.9434243
          3556   101.9573226
          3557    101.971221
          3558   101.9851194
          3559   101.9990178
          3560   102.0129083
          3561   102.0267982
          3562   102.0406882
          3563   102.0545781
          3564    102.068468
          3565    102.082358
          3566   102.0962479
          3567   102.1101317
          3568   102.1240132
          3569   102.1378947
          3570   102.1517762
          3571   102.1656577
          3572   102.1795392
          3573   102.1934208
          3574   102.2072978
          3575   102.2211709
          3576    102.235044
          3577   102.2489171
          3578   102.2627902
          3579   102.2766633
          3580   102.2905364
          3581   102.3044068
          3582   102.3182715
          3583   102.3321362
          3584   102.3460009
          3585   102.3598656
          3586   102.3737302
          3587   102.3875949
          3588   102.4014587
          3589    102.415315
          3590   102.4291713
          3591   102.4430276
          3592   102.4568839
          3593   102.4707402
          3594   102.4845965
          3595   102.4984528
          3596   102.5123016
          3597   102.5261495
          3598   102.5399974
          3599   102.5538453
          3600   102.5676933
          3601   102.5815412
          3602   102.5953891
          3603   102.6092314
          3604   102.6230709
          3605   102.6369105
          3606     102.65075
          3607   102.6645895
          3608   102.6784291
          3609   102.6922686
          3610   102.7061045
          3611   102.7199356
          3612   102.7337668
          3613    102.747598
          3614   102.7614292
          3615   102.7752603
          3616   102.7890915
          3617   102.8029209
          3618   102.8167437
          3619   102.8305666
          3620   102.8443894
          3621   102.8582122
          3622    102.872035
          3623   102.8858579
          3624   102.8996807
          3625   102.9134954
          3626   102.9273099
          3627   102.9411243
          3628   102.9549388
          3629   102.9687533
          3630   102.9825678
          3631   102.9963823
          3632   103.0101906
          3633   103.0239968
          3634   103.0378029
          3635   103.0516091
          3636   103.0654152
          3637   103.0792214
          3638   103.0930276
          3639   103.1068296
          3640   103.1206274
          3641   103.1344253
          3642   103.1482231
          3643   103.1620209
          3644   103.1758188
          3645   103.1896166
          3646   103.2034124
          3647   103.2172019
          3648   103.2309915
          3649    103.244781
          3650   103.2585705
          3651   103.2723601
          3652   103.2861496
          3653   103.2999391
          3654   103.3137204
          3655   103.3275016
          3656   103.3412829
          3657   103.3550641
          3658   103.3688453
          3659   103.3826266
          3660   103.3964078
          3661   103.4101829
          3662   103.4239558
          3663   103.4377288
          3664   103.4515017
          3665   103.4652747
          3666   103.4790476
          3667   103.4928206
          3668   103.5065896
          3669   103.5203542
          3670   103.5341189
          3671   103.5478836
          3672   103.5616483
          3673   103.5754129
          3674   103.5891776
          3675   103.6029405
          3676   103.6166969
          3677   103.6304533
          3678   103.6442098
          3679   103.6579662
          3680   103.6717226
          3681    103.685479
          3682   103.6992354
          3683    103.712984
          3684   103.7267322
          3685   103.7404803
          3686   103.7542285
          3687   103.7679766
          3688   103.7817248
          3689   103.7954729
          3690   103.8092156
          3691   103.8229555
          3692   103.8366954
          3693   103.8504353
          3694   103.8641752
          3695   103.8779151
          3696   103.8916551
          3697   103.9053917
          3698   103.9191234
          3699   103.9328551
          3700   103.9465868
          3701   103.9603185
          3702   103.9740501
          3703   103.9877818
          3704   104.0015126
          3705   104.0152361
          3706   104.0289595
          3707    104.042683
          3708   104.0564064
          3709   104.0701299
          3710   104.0838534
          3711   104.0975768
          3712   104.1112935
          3713   104.1250088
          3714    104.138724
          3715   104.1524393
          3716   104.1661545
          3717   104.1798698
          3718    104.193585
          3719   104.2072959
          3720    104.221003
          3721     104.23471
          3722   104.2484171
          3723   104.2621241
          3724   104.2758311
          3725   104.2895382
          3726   104.3032433
          3727   104.3169422
          3728    104.330641
          3729   104.3443399
          3730   104.3580387
          3731   104.3717376
          3732   104.3854365
          3733   104.3991353
          3734   104.4128265
          3735   104.4265172
          3736   104.4402079
          3737   104.4538986
          3738   104.4675893
          3739   104.4812799
          3740   104.4949706
          3741   104.5086561
          3742   104.5223386
          3743   104.5360212
          3744   104.5497037
          3745   104.5633862
          3746   104.5770687
          3747   104.5907512
          3748   104.6044311
          3749   104.6181054
          3750   104.6317798
          3751   104.6454541
          3752   104.6591285
          3753   104.6728029
          3754   104.6864772
          3755   104.7001515
          3756   104.7138177
          3757   104.7274839
          3758   104.7411501
          3759   104.7548163
          3760   104.7684825
          3761   104.7821487
          3762   104.7958149
          3763   104.8094755
          3764   104.8231336
          3765   104.8367916
          3766   104.8504497
          3767   104.8641078
          3768   104.8777659
          3769   104.8914239
          3770    104.905079
          3771   104.9187289
          3772   104.9323789
          3773   104.9460288
          3774   104.9596788
          3775   104.9733287
          3776   104.9869787
          3777   105.0006282
          3778   105.0142701
          3779   105.0279119
          3780   105.0415537
          3781   105.0551955
          3782   105.0688374
          3783   105.0824792
          3784    105.096121
          3785   105.1097571
          3786   105.1233908
          3787   105.1370245
          3788   105.1506582
          3789    105.164292
          3790   105.1779257
          3791   105.1915594
          3792   105.2051901
          3793   105.2188157
          3794   105.2324413
          3795   105.2460669
          3796   105.2596926
          3797   105.2733182
          3798   105.2869438
          3799   105.3005691
          3800   105.3141867
          3801   105.3278042
          3802   105.3414218
          3803   105.3550393
          3804   105.3686569
          3805   105.3822744
          3806    105.395892
          3807   105.4095039
          3808   105.4231133
          3809   105.4367228
          3810   105.4503323
          3811   105.4639418
          3812   105.4775512
          3813   105.4911607
          3814   105.5047673
          3815   105.5183688
          3816   105.5319702
          3817   105.5455716
          3818    105.559173
          3819   105.5727744
          3820   105.5863758
          3821   105.5999772
          3822   105.6135706
          3823   105.6271639
          3824   105.6407573
          3825   105.6543506
          3826    105.667944
          3827   105.6815374
          3828   105.6951307
          3829   105.7087189
          3830   105.7223042
          3831   105.7358895
          3832   105.7494748
          3833   105.7630602
          3834   105.7766455
          3835   105.7902308
          3836   105.8038138
          3837   105.8173911
          3838   105.8309684
          3839   105.8445457
          3840    105.858123
          3841   105.8717003
          3842   105.8852775
          3843   105.8988548
          3844   105.9124247
          3845    105.925994
          3846   105.9395633
          3847   105.9531325
          3848   105.9667018
          3849    105.980271
          3850   105.9938403
          3851   106.0074052
          3852   106.0209664
          3853   106.0345277
          3854   106.0480889
          3855   106.0616502
          3856   106.0752114
          3857   106.0887727
          3858   106.1023325
          3859   106.1158858
          3860    106.129439
          3861   106.1429923
          3862   106.1565455
          3863   106.1700988
          3864    106.183652
          3865   106.1972053
          3866   106.2107522
          3867   106.2242974
          3868   106.2378427
          3869   106.2513879
          3870   106.2649332
          3871   106.2784784
          3872   106.2920237
          3873   106.3055657
          3874   106.3191029
          3875   106.3326402
          3876   106.3461775
          3877   106.3597148
          3878    106.373252
          3879   106.3867893
          3880   106.4003264
          3881   106.4138557
          3882    106.427385
          3883   106.4409143
          3884   106.4544436
          3885   106.4679729
          3886   106.4815022
          3887   106.4950315
          3888   106.5085558
          3889   106.5220771
          3890   106.5355985
          3891   106.5491198
          3892   106.5626412
          3893   106.5761625
          3894   106.5896838
          3895   106.6032033
          3896   106.6167167
          3897   106.6302301
          3898   106.6437435
          3899   106.6572569
          3900   106.6707703
          3901   106.6842837
          3902   106.6977971
          3903   106.7113038
          3904   106.7248093
          3905   106.7383147
          3906   106.7518202
          3907   106.7653256
          3908   106.7788311
          3909   106.7923365
          3910   106.8058385
          3911   106.8193361
          3912   106.8328336
          3913   106.8463311
          3914   106.8598286
          3915   106.8733262
          3916   106.8868237
          3917    106.900321
          3918   106.9138106
          3919   106.9273002
          3920   106.9407898
          3921   106.9542794
          3922    106.967769
          3923   106.9812586
          3924   106.9947482
          3925    107.008233
          3926   107.0217147
          3927   107.0351964
          3928   107.0486781
          3929   107.0621598
          3930   107.0756415
          3931   107.0891232
          3932   107.1026033
          3933   107.1160771
          3934   107.1295509
          3935   107.1430247
          3936   107.1564985
          3937   107.1699723
          3938   107.1834461
          3939   107.1969199
          3940   107.2103876
          3941   107.2238535
          3942   107.2373194
          3943   107.2507853
          3944   107.2642512
          3945   107.2777171
          3946    107.291183
          3947   107.3046462
          3948   107.3181043
          3949   107.3315623
          3950   107.3450203
          3951   107.3584783
          3952   107.3719364
          3953   107.3853944
          3954   107.3988524
          3955   107.4123032
          3956   107.4257534
          3957   107.4392036
          3958   107.4526537
          3959   107.4661039
          3960    107.479554
          3961   107.4930042
          3962   107.5064506
          3963   107.5198929
          3964   107.5333352
          3965   107.5467775
          3966   107.5602198
          3967   107.5736621
          3968   107.5871044
          3969   107.6005463
          3970   107.6139808
          3971   107.6274152
          3972   107.6408497
          3973   107.6542841
          3974   107.6677186
          3975    107.681153
          3976   107.6945875
          3977   107.7080172
          3978   107.7214438
          3979   107.7348705
          3980   107.7482971
          3981   107.7617237
          3982   107.7751503
          3983   107.7885769
          3984   107.8020023
          3985   107.8154211
          3986   107.8288399
          3987   107.8422587
          3988   107.8556775
          3989   107.8690962
          3990    107.882515
          3991   107.8959338
          3992   107.9093471
          3993   107.9227581
          3994   107.9361691
          3995     107.94958
          3996    107.962991
          3997   107.9764019
          3998   107.9898129
          3999    108.003222
          4000   108.0166251
          4001   108.0300283
          4002   108.0434314
          4003   108.0568346
          4004   108.0702377
          4005   108.0836409
          4006    108.097044
          4007   108.1104411
          4008   108.1238365
          4009   108.1372318
          4010   108.1506272
          4011   108.1640225
          4012   108.1774179
          4013   108.1908132
          4014   108.2042061
          4015   108.2175937
          4016   108.2309813
          4017   108.2443688
          4018   108.2577564
          4019    108.271144
          4020   108.2845315
          4021   108.2979191
          4022   108.3113001
          4023   108.3246799
          4024   108.3380597
          4025   108.3514394
          4026   108.3648192
          4027    108.378199
          4028   108.3915788
          4029   108.4049557
          4030   108.4183277
          4031   108.4316997
          4032   108.4450717
          4033   108.4584438
          4034   108.4718158
          4035   108.4851878
          4036   108.4985598
          4037   108.5119249
          4038   108.5252892
          4039   108.5386534
          4040   108.5520177
          4041   108.5653819
          4042   108.5787462
          4043   108.5921104
          4044   108.6054715
          4045    108.618828
          4046   108.6321845
          4047    108.645541
          4048   108.6588975
          4049    108.672254
          4050   108.6856105
          4051    108.698967
          4052   108.7123164
          4053   108.7256652
          4054   108.7390139
          4055   108.7523627
          4056   108.7657115
          4057   108.7790602
          4058    108.792409
          4059   108.8057544
          4060   108.8190955
          4061   108.8324365
          4062   108.8457775
          4063   108.8591186
          4064   108.8724596
          4065   108.8858007
          4066   108.8991417
          4067   108.9124755
          4068   108.9258088
          4069   108.9391421
          4070   108.9524755
          4071   108.9658088
          4072   108.9791421
          4073   108.9924754
          4074   109.0058054
          4075    109.019131
          4076   109.0324566
          4077   109.0457822
          4078   109.0591078
          4079   109.0724334
          4080    109.085759
          4081   109.0990846
          4082    109.112403
          4083   109.1257209
          4084   109.1390388
          4085   109.1523567
          4086   109.1656746
          4087   109.1789925
          4088   109.1923105
          4089   109.2056251
          4090   109.2189353
          4091   109.2322455
          4092   109.2455557
          4093    109.258866
          4094   109.2721762
          4095   109.2854864
          4096   109.2987966
          4097   109.3120998
          4098   109.3254024
          4099   109.3387049
          4100   109.3520074
          4101     109.36531
          4102   109.3786125
          4103    109.391915
          4104   109.4052145
          4105   109.4185094
          4106   109.4318043
          4107   109.4450991
          4108    109.458394
          4109   109.4716889
          4110   109.4849837
          4111   109.4982786
          4112   109.5115668
          4113    109.524854
          4114   109.5381412
          4115   109.5514284
          4116   109.5647156
          4117   109.5780028
          4118     109.59129
          4119   109.6045745
          4120   109.6178541
          4121   109.6311336
          4122   109.6444132
          4123   109.6576927
          4124   109.6709723
          4125   109.6842518
          4126   109.6975314
          4127   109.7108047
          4128   109.7240766
          4129   109.7373485
          4130   109.7506204
          4131   109.7638923
          4132   109.7771642
          4133   109.7904361
          4134   109.8037059
          4135   109.8169702
          4136   109.8302344
          4137   109.8434987
          4138    109.856763
          4139   109.8700272
          4140   109.8832915
          4141   109.8965558
          4142   109.9098144
          4143   109.9230711
          4144   109.9363277
          4145   109.9495844
          4146    109.962841
          4147   109.9760977
          4148   109.9893543
          4149   110.0026095
          4150   110.0158585
          4151   110.0291075
          4152   110.0423566
          4153   110.0556056
          4154   110.0688546
          4155   110.0821037
          4156   110.0953527
          4157   110.1085968
          4158   110.1218382
          4159   110.1350797
          4160   110.1483211
          4161   110.1615625
          4162    110.174804
          4163   110.1880454
          4164   110.2012861
          4165   110.2145199
          4166   110.2277538
          4167   110.2409876
          4168   110.2542215
          4169   110.2674553
          4170   110.2806891
          4171    110.293923
          4172   110.3071527
          4173    110.320379
          4174   110.3336052
          4175   110.3468315
          4176   110.3600577
          4177    110.373284
          4178   110.3865102
          4179   110.3997365
          4180   110.4129553
          4181    110.426174
          4182   110.4393927
          4183   110.4526113
          4184     110.46583
          4185   110.4790487
          4186   110.4922674
          4187   110.5054829
          4188    110.518694
          4189   110.5319051
          4190   110.5451163
          4191   110.5583274
          4192   110.5715385
          4193   110.5847496
          4194   110.5979607
          4195   110.6111654
          4196    110.624369
          4197   110.6375725
          4198   110.6507761
          4199   110.6639797
          4200   110.6771832
          4201   110.6903868
          4202   110.7035883
          4203   110.7167843
          4204   110.7299803
          4205   110.7431763
          4206   110.7563723
          4207   110.7695683
          4208   110.7827643
          4209   110.7959603
          4210   110.8091511
          4211   110.8223396
          4212   110.8355281
          4213   110.8487165
          4214    110.861905
          4215   110.8750935
          4216    110.888282
          4217   110.9014696
          4218   110.9146505
          4219   110.9278315
          4220   110.9410124
          4221   110.9541934
          4222   110.9673743
          4223   110.9805553
          4224   110.9937362
          4225   111.0069132
          4226   111.0200867
          4227   111.0332601
          4228   111.0464335
          4229   111.0596069
          4230   111.0727804
          4231   111.0859538
          4232   111.0991272
          4233   111.1122936
          4234   111.1254596
          4235   111.1386255
          4236   111.1517914
          4237   111.1649573
          4238   111.1781232
          4239   111.1912892
          4240   111.2044525
          4241    111.217611
          4242   111.2307694
          4243   111.2439278
          4244   111.2570862
          4245   111.2702446
          4246   111.2834031
          4247   111.2965615
          4248   111.3097144
          4249   111.3228653
          4250   111.3360162
          4251   111.3491672
          4252   111.3623181
          4253    111.375469
          4254     111.38862
          4255   111.4017699
          4256   111.4149133
          4257   111.4280568
          4258   111.4412002
          4259   111.4543437
          4260   111.4674871
          4261   111.4806306
          4262    111.493774
          4263   111.5069135
          4264   111.5200495
          4265   111.5331855
          4266   111.5463215
          4267   111.5594575
          4268   111.5725934
          4269   111.5857294
          4270   111.5988654
          4271   111.6119946
          4272   111.6251231
          4273   111.6382516
          4274   111.6513801
          4275   111.6645086
          4276   111.6776372
          4277   111.6907657
          4278    111.703892
          4279    111.717013
          4280   111.7301341
          4281   111.7432552
          4282   111.7563762
          4283   111.7694973
          4284   111.7826184
          4285   111.7957394
          4286   111.8088555
          4287   111.8219691
          4288   111.8350827
          4289   111.8481964
          4290     111.86131
          4291   111.8744236
          4292   111.8875372
          4293   111.9006505
          4294   111.9137567
          4295   111.9268629
          4296    111.939969
          4297   111.9530752
          4298   111.9661814
          4299   111.9792876
          4300   111.9923938
          4301   112.0054969
          4302   112.0185956
          4303   112.0316944
          4304   112.0447932
          4305   112.0578919
          4306   112.0709907
          4307   112.0840895
          4308   112.0971882
          4309   112.1102812
          4310   112.1233725
          4311   112.1364639
          4312   112.1495552
          4313   112.1626466
          4314   112.1757379
          4315   112.1888293
          4316   112.2019195
          4317   112.2150035
          4318   112.2280874
          4319   112.2411714
          4320   112.2542553
          4321   112.2673393
          4322   112.2804232
          4323   112.2935072
          4324   112.3065874
          4325   112.3196639
          4326   112.3327405
          4327    112.345817
          4328   112.3588936
          4329   112.3719701
          4330   112.3850467
          4331   112.3981232
          4332   112.4111934
          4333   112.4242626
          4334   112.4373318
          4335   112.4504009
          4336   112.4634701
          4337   112.4765392
          4338   112.4896084
          4339   112.5026761
          4340   112.5157378
          4341   112.5287996
          4342   112.5418614
          4343   112.5549232
          4344    112.567985
          4345   112.5810468
          4346   112.5941085
          4347   112.6071663
          4348   112.6202207
          4349   112.6332751
          4350   112.6463295
          4351   112.6593839
          4352   112.6724383
          4353   112.6854928
          4354   112.6985472
          4355   112.7115951
          4356   112.7246421
          4357   112.7376892
          4358   112.7507362
          4359   112.7637833
          4360   112.7768303
          4361   112.7898774
          4362   112.8029228
          4363   112.8159625
          4364   112.8290022
          4365   112.8420419
          4366   112.8550816
          4367   112.8681213
          4368    112.881161
          4369   112.8942007
          4370   112.9072364
          4371   112.9202687
          4372   112.9333011
          4373   112.9463334
          4374   112.9593658
          4375   112.9723982
          4376   112.9854305
          4377   112.9984629
          4378   113.0114888
          4379   113.0245138
          4380   113.0375389
          4381   113.0505639
          4382   113.0635889
          4383    113.076614
          4384    113.089639
          4385   113.1026625
          4386   113.1156802
          4387   113.1286979
          4388   113.1417157
          4389   113.1547334
          4390   113.1677511
          4391   113.1807688
          4392   113.1937865
          4393   113.2068004
          4394   113.2198108
          4395   113.2328212
          4396   113.2458316
          4397    113.258842
          4398   113.2718524
          4399   113.2848628
          4400   113.2978732
          4401   113.3108774
          4402   113.3238805
          4403   113.3368836
          4404   113.3498867
          4405   113.3628898
          4406   113.3758929
          4407    113.388896
          4408    113.401898
          4409   113.4148938
          4410   113.4278896
          4411   113.4408854
          4412   113.4538812
          4413    113.466877
          4414   113.4798728
          4415   113.4928686
          4416   113.5058611
          4417   113.5188496
          4418   113.5318381
          4419   113.5448266
          4420   113.5578151
          4421   113.5708036
          4422   113.5837921
          4423   113.5967806
          4424   113.6097637
          4425   113.6227449
          4426   113.6357261
          4427   113.6487074
          4428   113.6616886
          4429   113.6746698
          4430   113.6876511
          4431    113.700632
          4432   113.7136059
          4433   113.7265799
          4434   113.7395538
          4435   113.7525278
          4436   113.7655018
          4437   113.7784757
          4438   113.7914497
          4439   113.8044212
          4440   113.8173879
          4441   113.8303546
          4442   113.8433213
          4443    113.856288
          4444   113.8692547
          4445   113.8822214
          4446   113.8951881
          4447   113.9081503
          4448   113.9211097
          4449   113.9340692
          4450   113.9470286
          4451   113.9599881
          4452   113.9729475
          4453    113.985907
          4454   113.9988664
          4455   114.0118193
          4456   114.0247715
          4457   114.0377237
          4458   114.0506759
          4459   114.0636281
          4460   114.0765803
          4461   114.0895326
          4462   114.1024834
          4463   114.1154284
          4464   114.1283733
          4465   114.1413183
          4466   114.1542633
          4467   114.1672083
          4468   114.1801533
          4469   114.1930983
          4470   114.2060399
          4471   114.2189776
          4472   114.2319154
          4473   114.2448531
          4474   114.2577909
          4475   114.2707286
          4476   114.2836664
          4477   114.2966042
          4478   114.3095366
          4479   114.3224671
          4480   114.3353977
          4481   114.3483282
          4482   114.3612588
          4483   114.3741893
          4484   114.3871199
          4485   114.4000504
          4486   114.4129737
          4487    114.425897
          4488   114.4388204
          4489   114.4517437
          4490   114.4646671
          4491   114.4775904
          4492   114.4905137
          4493   114.5034352
          4494   114.5163513
          4495   114.5292674
          4496   114.5421836
          4497   114.5550997
          4498   114.5680159
          4499    114.580932
          4500   114.5938481
          4501   114.6067605
          4502   114.6196695
          4503   114.6325784
          4504   114.6454874
          4505   114.6583963
          4506   114.6713053
          4507   114.6842142
          4508   114.6971232
          4509   114.7100266
          4510   114.7229283
          4511   114.7358301
          4512   114.7487319
          4513   114.7616337
          4514   114.7745354
          4515   114.7874372
          4516   114.8003388
          4517   114.8132334
          4518    114.826128
          4519   114.8390226
          4520   114.8519172
          4521   114.8648118
          4522   114.8777064
          4523    114.890601
          4524   114.9034937
          4525   114.9163812
          4526   114.9292686
          4527    114.942156
          4528   114.9550435
          4529   114.9679309
          4530   114.9808184
          4531   114.9937058
          4532   115.0065896
          4533   115.0194699
          4534   115.0323502
          4535   115.0452305
          4536   115.0581108
          4537   115.0709911
          4538   115.0838714
          4539   115.0967517
          4540   115.1096266
          4541   115.1224998
          4542   115.1353729
          4543   115.1482461
          4544   115.1611192
          4545   115.1739924
          4546   115.1868655
          4547   115.1997387
          4548   115.2126048
          4549   115.2254708
          4550   115.2383368
          4551   115.2512029
          4552   115.2640689
          4553   115.2769349
          4554   115.2898009
          4555   115.3026654
          4556   115.3155243
          4557   115.3283832
          4558   115.3412421
          4559    115.354101
          4560   115.3669599
          4561   115.3798188
          4562   115.3926777
          4563   115.4055335
          4564   115.4183853
          4565    115.431237
          4566   115.4440888
          4567   115.4569406
          4568   115.4697924
          4569   115.4826441
          4570   115.4954959
          4571   115.5083431
          4572   115.5211877
          4573   115.5340324
          4574    115.546877
          4575   115.5597217
          4576   115.5725664
          4577    115.585411
          4578   115.5982557
          4579   115.6110942
          4580   115.6239318
          4581   115.6367694
          4582   115.6496069
          4583   115.6624445
          4584   115.6752821
          4585   115.6881196
          4586   115.7009567
          4587   115.7137871
          4588   115.7266176
          4589   115.7394481
          4590   115.7522786
          4591    115.765109
          4592   115.7779395
          4593     115.79077
          4594   115.8035985
          4595   115.8164219
          4596   115.8292453
          4597   115.8420687
          4598   115.8548921
          4599   115.8677154
          4600   115.8805388
          4601   115.8933622
          4602   115.9061822
          4603   115.9189985
          4604   115.9318149
          4605   115.9446312
          4606   115.9574475
          4607   115.9702638
          4608   115.9830801
          4609   115.9958965
          4610    116.008708
          4611   116.0215172
          4612   116.0343265
          4613   116.0471357
          4614    116.059945
          4615   116.0727543
          4616   116.0855635
          4617   116.0983728
          4618   116.1111759
          4619   116.1239781
          4620   116.1367803
          4621   116.1495825
          4622   116.1623847
          4623   116.1751869
          4624   116.1879891
          4625   116.2007908
          4626    116.213586
          4627   116.2263811
          4628   116.2391763
          4629   116.2519714
          4630   116.2647666
          4631   116.2775618
          4632   116.2903569
          4633   116.3031503
          4634   116.3159384
          4635   116.3287266
          4636   116.3415147
          4637   116.3543028
          4638   116.3670909
          4639    116.379879
          4640   116.3926671
          4641   116.4054522
          4642   116.4182333
          4643   116.4310144
          4644   116.4437955
          4645   116.4565766
          4646   116.4693577
          4647   116.4821388
          4648   116.4949198
          4649   116.5076967
          4650   116.5204708
          4651   116.5332448
          4652   116.5460189
          4653    116.558793
          4654    116.571567
          4655   116.5843411
          4656   116.5971152
          4657   116.6098838
          4658   116.6226508
          4659   116.6354179
          4660    116.648185
          4661    116.660952
          4662   116.6737191
          4663   116.6864861
          4664   116.6992532
          4665   116.7120136
          4666   116.7247737
          4667   116.7375337
          4668   116.7502938
          4669   116.7630538
          4670   116.7758139
          4671   116.7885739
          4672   116.8013332
          4673   116.8140863
          4674   116.8268393
          4675   116.8395924
          4676   116.8523454
          4677   116.8650985
          4678   116.8778516
          4679   116.8906046
          4680   116.9033558
          4681   116.9161019
          4682    116.928848
          4683    116.941594
          4684   116.9543401
          4685   116.9670862
          4686   116.9798322
          4687   116.9925783
          4688   117.0053214
          4689   117.0180605
          4690   117.0307996
          4691   117.0435387
          4692   117.0562778
          4693   117.0690169
          4694    117.081756
          4695   117.0944951
          4696   117.1072302
          4697   117.1199623
          4698   117.1326944
          4699   117.1454266
          4700   117.1581587
          4701   117.1708908
          4702   117.1836229
          4703    117.196355
          4704   117.2090822
          4705   117.2218073
          4706   117.2345325
          4707   117.2472577
          4708   117.2599828
          4709    117.272708
          4710   117.2854331
          4711   117.2981583
          4712   117.3108775
          4713   117.3235957
          4714   117.3363139
          4715   117.3490321
          4716   117.3617503
          4717   117.3744685
          4718   117.3871868
          4719    117.399905
          4720   117.4126163
          4721   117.4253275
          4722   117.4380388
          4723   117.4507501
          4724   117.4634613
          4725   117.4761726
          4726   117.4888839
          4727   117.5015942
          4728   117.5142986
          4729   117.5270029
          4730   117.5397072
          4731   117.5524116
          4732   117.5651159
          4733   117.5778202
          4734   117.5905245
          4735   117.6032271
          4736   117.6159245
          4737   117.6286219
          4738   117.6413193
          4739   117.6540167
          4740   117.6667141
          4741   117.6794115
          4742   117.6921089
          4743   117.7048037
          4744   117.7174942
          4745   117.7301847
          4746   117.7428751
          4747   117.7555656
          4748   117.7682561
          4749   117.7809466
          4750   117.7936371
          4751   117.8063241
          4752   117.8190077
          4753   117.8316912
          4754   117.8443748
          4755   117.8570584
          4756    117.869742
          4757   117.8824255
          4758   117.8951091
          4759   117.9077884
          4760   117.9204651
          4761   117.9331418
          4762   117.9458184
          4763   117.9584951
          4764   117.9711718
          4765   117.9838485
          4766   117.9965251
          4767   118.0091968
          4768   118.0218666
          4769   118.0345364
          4770   118.0472061
          4771   118.0598759
          4772   118.0725457
          4773   118.0852155
          4774   118.0978852
          4775   118.1105493
          4776   118.1232122
          4777   118.1358751
          4778    118.148538
          4779   118.1612009
          4780   118.1738637
          4781   118.1865266
          4782   118.1991895
          4783    118.211846
          4784    118.224502
          4785    118.237158
          4786    118.249814
          4787   118.2624701
          4788   118.2751261
          4789   118.2877821
          4790   118.3004379
          4791    118.313087
          4792   118.3257362
          4793   118.3383853
          4794   118.3510345
          4795   118.3636836
          4796   118.3763328
          4797   118.3889819
          4798   118.4016302
          4799   118.4142725
          4800   118.4269148
          4801    118.439557
          4802   118.4521993
          4803   118.4648416
          4804   118.4774839
          4805   118.4901262
          4806    118.502767
          4807   118.5154024
          4808   118.5280379
          4809   118.5406733
          4810   118.5533087
          4811   118.5659442
          4812   118.5785796
          4813   118.5912151
          4814   118.6038484
          4815    118.616477
          4816   118.6291056
          4817   118.6417342
          4818   118.6543628
          4819   118.6669914
          4820     118.67962
          4821   118.6922486
          4822   118.7048745
          4823   118.7174963
          4824    118.730118
          4825   118.7427398
          4826   118.7553616
          4827   118.7679833
          4828   118.7806051
          4829   118.7932269
          4830   118.8058455
          4831   118.8184604
          4832   118.8310753
          4833   118.8436903
          4834   118.8563052
          4835   118.8689201
          4836   118.8815351
          4837     118.89415
          4838   118.9067613
          4839   118.9193694
          4840   118.9319775
          4841   118.9445856
          4842   118.9571937
          4843   118.9698019
          4844     118.98241
          4845   118.9950181
          4846   119.0076221
          4847   119.0202234
          4848   119.0328247
          4849    119.045426
          4850   119.0580273
          4851   119.0706286
          4852   119.0832299
          4853   119.0958312
          4854    119.108428
          4855   119.1210225
          4856    119.133617
          4857   119.1462115
          4858    119.158806
          4859   119.1714005
          4860    119.183995
          4861   119.1965895
          4862   119.2091791
          4863   119.2217668
          4864   119.2343545
          4865   119.2469422
          4866   119.2595299
          4867   119.2721177
          4868   119.2847054
          4869   119.2972931
          4870   119.3098755
          4871   119.3224564
          4872   119.3350373
          4873   119.3476183
          4874   119.3601992
          4875   119.3727801
          4876    119.385361
          4877    119.397942
          4878   119.4105172
          4879   119.4230914
          4880   119.4356655
          4881   119.4482397
          4882   119.4608138
          4883    119.473388
          4884   119.4859621
          4885   119.4985363
          4886   119.5111045
          4887   119.5236718
          4888   119.5362392
          4889   119.5488066
          4890    119.561374
          4891   119.5739414
          4892   119.5865088
          4893   119.5990761
          4894   119.6116373
          4895   119.6241979
          4896   119.6367585
          4897   119.6493191
          4898   119.6618798
          4899   119.6744404
          4900    119.687001
          4901   119.6995616
          4902   119.7121157
          4903   119.7246696
          4904   119.7372235
          4905   119.7497773
          4906   119.7623312
          4907   119.7748851
          4908    119.787439
          4909   119.7999928
          4910     119.81254
          4911   119.8250871
          4912   119.8376342
          4913   119.8501813
          4914   119.8627285
          4915   119.8752756
          4916   119.8878227
          4917   119.9003697
          4918     119.91291
          4919   119.9254504
          4920   119.9379908
          4921   119.9505312
          4922   119.9630716
          4923    119.975612
          4924   119.9881524
          4925   120.0006924
          4926   120.0132261
          4927   120.0257598
          4928   120.0382934
          4929   120.0508271
          4930   120.0633607
          4931   120.0758944
          4932   120.0884281
          4933   120.1009612
          4934   120.1134882
          4935   120.1260151
          4936   120.1385421
          4937    120.151069
          4938   120.1635959
          4939   120.1761229
          4940   120.1886498
          4941   120.2011762
          4942   120.2136964
          4943   120.2262166
          4944   120.2387369
          4945   120.2512571
          4946   120.2637773
          4947   120.2762976
          4948   120.2888178
          4949   120.3013373
          4950   120.3138508
          4951   120.3263644
          4952   120.3388779
          4953   120.3513914
          4954    120.363905
          4955   120.3764185
          4956    120.388932
          4957   120.4014448
          4958   120.4139516
          4959   120.4264585
          4960   120.4389653
          4961   120.4514721
          4962    120.463979
          4963   120.4764858
          4964   120.4889926
          4965   120.5014987
          4966   120.5139988
          4967    120.526499
          4968   120.5389991
          4969   120.5514993
          4970   120.5639994
          4971   120.5764996
          4972   120.5889997
          4973   120.6014991
          4974   120.6139925
          4975    120.626486
          4976   120.6389795
          4977    120.651473
          4978   120.6639664
          4979   120.6764599
          4980   120.6889534
          4981   120.7014461
          4982   120.7139329
          4983   120.7264197
          4984   120.7389065
          4985   120.7513933
          4986   120.7638801
          4987   120.7763669
          4988   120.7888537
          4989   120.8013398
          4990   120.8138199
          4991      120.8263
          4992   120.8387802
          4993   120.8512603
          4994   120.8637404
          4995   120.8762206
          4996   120.8887007
          4997   120.9011802
          4998   120.9136537
          4999   120.9261272
          5000   120.9386007
          5001   120.9510742
          5002   120.9635476
          5003   120.9760211
          5004   120.9884946
          5005   121.0009676
          5006   121.0134344
          5007   121.0259012
          5008   121.0383681
          5009   121.0508349
          5010   121.0633018
          5011   121.0757686
          5012   121.0882354
          5013   121.1007019
          5014   121.1131621
          5015   121.1256223
          5016   121.1380825
          5017   121.1505427
          5018   121.1630029
          5019   121.1754631
          5020   121.1879233
          5021   121.2003833
          5022   121.2128368
          5023   121.2252904
          5024    121.237744
          5025   121.2501975
          5026   121.2626511
          5027   121.2751047
          5028   121.2875582
          5029   121.3000118
          5030   121.3124587
          5031   121.3249057
          5032   121.3373526
          5033   121.3497996
          5034   121.3622465
          5035   121.3746935
          5036   121.3871404
          5037   121.3995874
          5038   121.4120279
          5039   121.4244682
          5040   121.4369086
          5041   121.4493489
          5042   121.4617892
          5043   121.4742296
          5044   121.4866699
          5045   121.4991102
          5046   121.5115444
          5047   121.5239781
          5048   121.5364119
          5049   121.5488456
          5050   121.5612793
          5051    121.573713
          5052   121.5861467
          5053   121.5985805
          5054   121.6110083
          5055   121.6234355
          5056   121.6358626
          5057   121.6482897
          5058   121.6607168
          5059    121.673144
          5060   121.6855711
          5061   121.6979982
          5062   121.7104198
          5063   121.7228403
          5064   121.7352609
          5065   121.7476814
          5066    121.760102
          5067   121.7725225
          5068    121.784943
          5069   121.7973636
          5070   121.8097789
          5071   121.8221929
          5072   121.8346068
          5073   121.8470208
          5074   121.8594347
          5075   121.8718487
          5076   121.8842626
          5077   121.8966766
          5078   121.9090857
          5079   121.9214931
          5080   121.9339004
          5081   121.9463078
          5082   121.9587152
          5083   121.9711226
          5084     121.98353
          5085   121.9959373
          5086   122.0083403
          5087   122.0207411
          5088   122.0331419
          5089   122.0455427
          5090   122.0579435
          5091   122.0703443
          5092   122.0827451
          5093    122.095146
          5094   122.1075428
          5095    122.119937
          5096   122.1323313
          5097   122.1447255
          5098   122.1571198
          5099    122.169514
          5100   122.1819083
          5101   122.1943025
          5102   122.2066932
          5103   122.2190809
          5104   122.2314686
          5105   122.2438563
          5106    122.256244
          5107   122.2686317
          5108   122.2810194
          5109   122.2934071
          5110   122.3057918
          5111   122.3181729
          5112   122.3305541
          5113   122.3429352
          5114   122.3553164
          5115   122.3676975
          5116   122.3800787
          5117   122.3924598
          5118   122.4048384
          5119   122.4172131
          5120   122.4295877
          5121   122.4419623
          5122   122.4543369
          5123   122.4667115
          5124   122.4790862
          5125   122.4914608
          5126   122.5038334
          5127   122.5162015
          5128   122.5285696
          5129   122.5409377
          5130   122.5533057
          5131   122.5656738
          5132   122.5780419
          5133     122.59041
          5134   122.6027766
          5135   122.6151382
          5136   122.6274998
          5137   122.6398614
          5138   122.6522229
          5139   122.6645845
          5140   122.6769461
          5141   122.6893077
          5142   122.7016683
          5143   122.7140234
          5144   122.7263785
          5145   122.7387335
          5146   122.7510886
          5147   122.7634436
          5148   122.7757987
          5149   122.7881538
          5150   122.8005086
          5151   122.8128571
          5152   122.8252057
          5153   122.8375542
          5154   122.8499028
          5155   122.8622513
          5156   122.8745999
          5157   122.8869484
          5158    122.899297
          5159   122.9116394
          5160   122.9239815
          5161   122.9363235
          5162   122.9486656
          5163   122.9610077
          5164   122.9733497
          5165   122.9856918
          5166   122.9980338
          5167   123.0103704
          5168    123.022706
          5169   123.0350416
          5170   123.0473772
          5171   123.0597127
          5172   123.0720483
          5173   123.0843839
          5174   123.0967194
          5175   123.1090502
          5176   123.1213793
          5177   123.1337084
          5178   123.1460375
          5179   123.1583666
          5180   123.1706957
          5181   123.1830248
          5182   123.1953539
          5183   123.2076789
          5184   123.2200015
          5185   123.2323242
          5186   123.2446468
          5187   123.2569694
          5188    123.269292
          5189   123.2816146
          5190   123.2939372
          5191   123.3062566
          5192   123.3185727
          5193   123.3308889
          5194    123.343205
          5195   123.3555212
          5196   123.3678373
          5197   123.3801535
          5198   123.3924696
          5199   123.4047833
          5200    123.417093
          5201   123.4294027
          5202   123.4417123
          5203    123.454022
          5204   123.4663317
          5205   123.4786414
          5206   123.4909511
          5207   123.5032591
          5208   123.5155623
          5209   123.5278656
          5210   123.5401688
          5211   123.5524721
          5212   123.5647753
          5213   123.5770786
          5214   123.5893818
          5215   123.6016842
          5216    123.613981
          5217   123.6262778
          5218   123.6385746
          5219   123.6508714
          5220   123.6631682
          5221    123.675465
          5222   123.6877618
          5223   123.7000585
          5224   123.7123489
          5225   123.7246393
          5226   123.7369296
          5227     123.74922
          5228   123.7615104
          5229   123.7738007
          5230   123.7860911
          5231   123.7983814
          5232   123.8106662
          5233   123.8229502
          5234   123.8352341
          5235    123.847518
          5236    123.859802
          5237   123.8720859
          5238   123.8843699
          5239   123.8966538
          5240   123.9089331
          5241   123.9212106
          5242   123.9334881
          5243   123.9457656
          5244   123.9580431
          5245   123.9703207
          5246   123.9825982
          5247   123.9948757
          5248   124.0071495
          5249   124.0194206
          5250   124.0316917
          5251   124.0439628
          5252   124.0562339
          5253    124.068505
          5254   124.0807761
          5255   124.0930472
          5256   124.1053156
          5257   124.1175803
          5258    124.129845
          5259   124.1421097
          5260   124.1543744
          5261   124.1666391
          5262   124.1789038
          5263   124.1911685
          5264   124.2034314
          5265   124.2156897
          5266    124.227948
          5267   124.2402063
          5268   124.2524646
          5269   124.2647229
          5270   124.2769812
          5271   124.2892395
          5272   124.3014971
          5273    124.313749
          5274   124.3260009
          5275   124.3382528
          5276   124.3505047
          5277   124.3627567
          5278   124.3750086
          5279   124.3872605
          5280   124.3995124
          5281   124.4117582
          5282   124.4240037
          5283   124.4362493
          5284   124.4484948
          5285   124.4607403
          5286   124.4729859
          5287   124.4852314
          5288   124.4974769
          5289   124.5097174
          5290   124.5219566
          5291   124.5341957
          5292   124.5464349
          5293   124.5586741
          5294   124.5709132
          5295   124.5831524
          5296   124.5953916
          5297   124.6076268
          5298   124.6198596
          5299   124.6320923
          5300   124.6443251
          5301   124.6565579
          5302   124.6687907
          5303   124.6810235
          5304   124.6932563
          5305   124.7054863
          5306   124.7177127
          5307   124.7299391
          5308   124.7421656
          5309    124.754392
          5310   124.7666185
          5311   124.7788449
          5312   124.7910713
          5313   124.8032961
          5314   124.8155161
          5315   124.8277362
          5316   124.8399563
          5317   124.8521764
          5318   124.8643965
          5319   124.8766166
          5320   124.8888367
          5321   124.9010562
          5322   124.9132699
          5323   124.9254837
          5324   124.9376974
          5325   124.9499112
          5326   124.9621249
          5327   124.9743387
          5328   124.9865524
          5329   124.9987662
          5330   125.0109742
