          -785  -25.16067104
          -784  -25.01829226
          -783  -24.87595636
          -782  -24.73394877
          -781  -24.59228178
          -780  -24.45099986
          -779  -24.31004127
          -778  -24.16945872
          -777  -24.02921378
          -776  -23.88930617
          -775   -23.7497665
          -774  -23.61054185
          -773  -23.47168067
          -772  -23.33314966
          -771  -23.19493781
          -770  -23.05709235
          -769  -22.91955384
          -768  -22.78235182
          -767   -22.6454876
          -766  -22.50892576
          -765  -22.37271249
          -764   -22.2368139
          -763  -22.10121317
          -762  -21.96596805
          -761  -21.83101974
          -760  -21.69637114
          -759  -21.56206771
          -758  -21.42805462
          -757  -21.29434038
          -756  -21.16096169
          -755  -21.02786905
          -754   -20.8950697
          -753  -20.76260117
          -752  -20.63041448
          -751  -20.49851099
          -750  -20.36693831
          -749  -20.23564334
          -748   -20.1046249
          -747  -19.97392618
          -746  -19.84350896
          -745  -19.71336422
          -744  -19.58351876
          -743  -19.45396558
          -742  -19.32468091
          -741  -19.19567094
          -740  -19.06696834
          -739  -18.93853035
          -738  -18.81035587
          -737  -18.68247324
          -736  -18.55486878
          -735  -18.42752402
          -734  -18.30043788
          -733  -18.17365331
          -732  -18.04712543
          -731  -17.92085244
          -730  -17.79484186
          -729  -17.66911826
          -728  -17.54364588
          -727  -17.41842368
          -726  -17.29346146
          -725  -17.16877739
          -724  -17.04433991
          -723  -16.92014801
          -722  -16.79620694
          -721  -16.67254216
          -720  -16.54911946
          -719  -16.42593784
          -718   -16.3029963
          -717  -16.18032614
          -716  -16.05789855
          -715  -15.93570763
          -714  -15.81375242
          -713  -15.69204494
          -712  -15.57059323
          -711  -15.44937389
          -710  -15.32838597
          -709  -15.20762854
          -708  -15.08712154
          -707  -14.96685508
          -706  -14.84681585
          -705  -14.72700293
          -704   -14.6074154
          -703  -14.48807158
          -702  -14.36896286
          -701  -14.25007636
          -700  -14.13141119
          -699  -14.01296645
          -698  -13.89474966
          -697   -13.7767719
          -696   -13.6590115
          -695  -13.54146756
          -694  -13.42413922
          -693  -13.30702561
          -692  -13.19014157
          -691  -13.07348133
          -690  -12.95703283
          -689  -12.84079523
          -688  -12.72476766
          -687   -12.6089493
          -686  -12.49334982
          -685  -12.37797166
          -684   -12.2627998
          -683  -12.14783343
          -682  -12.03307172
          -681  -11.91851384
          -680  -11.80415899
          -679  -11.69002203
          -678  -11.57609264
          -677   -11.4623635
          -676  -11.34883379
          -675  -11.23550273
          -674  -11.12236951
          -673  -11.00943336
          -672  -10.89669863
          -671  -10.78417377
          -670  -10.67184328
          -669  -10.55970639
          -668  -10.44776234
          -667  -10.33601035
          -666  -10.22444967
          -665  -10.11307954
          -664   -10.0018992
          -663  -9.890921931
          -662  -9.780135567
          -661  -9.669536429
          -660  -9.559123776
          -659  -9.448896872
          -658  -9.338854984
          -657  -9.228997382
          -656  -9.119323339
          -655  -9.009832132
          -654   -8.90052304
          -653  -8.791408495
          -652  -8.682475133
          -651  -8.573721445
          -650  -8.465146727
          -649  -8.356750275
          -648  -8.248531391
          -647  -8.140489379
          -646  -8.032623545
          -645    -7.9249332
          -644  -7.817417658
          -643  -7.710076233
          -642  -7.602908247
          -641   -7.49591919
          -640  -7.389106335
          -639  -7.282464616
          -638  -7.175993366
          -637  -7.069691923
          -636  -6.963559625
          -635  -6.857595813
          -634  -6.751799833
          -633  -6.646171033
          -632  -6.540708763
          -631  -6.435412377
          -630  -6.330281231
          -629  -6.225314685
          -628  -6.120512101
          -627  -6.015872843
          -626   -5.91139628
          -625  -5.807081782
          -624  -5.702928722
          -623  -5.598938055
          -622  -5.495111682
          -621  -5.391444636
          -620  -5.287936306
          -619  -5.184586077
          -618  -5.081393343
          -617  -4.978357498
          -616  -4.875477937
          -615   -4.77275406
          -614  -4.670185269
          -613  -4.567770968
          -612  -4.465510566
          -611  -4.363403471
          -610  -4.261449096
          -609  -4.159646857
          -608  -4.057996169
          -607  -3.956496455
          -606  -3.855147135
          -605  -3.753947636
          -604  -3.652897385
          -603  -3.551995812
          -602   -3.45124235
          -601  -3.350636434
          -600  -3.250177502
          -599  -3.149864993
          -598   -3.04969835
          -597  -2.949677019
          -596  -2.849800446
          -595  -2.750068082
          -594  -2.650479378
          -593  -2.551033789
          -592  -2.451730772
          -591  -2.352569786
          -590  -2.253550293
          -589  -2.154671757
          -588  -2.055933644
          -587  -1.957335423
          -586  -1.858876564
          -585  -1.760556542
          -584  -1.662374831
          -583   -1.56433091
          -582  -1.466424258
          -581  -1.368654357
          -580  -1.271020693
          -579  -1.173522752
          -578  -1.076160023
          -577 -0.9789319973
          -576 -0.8818381684
          -575 -0.7848780317
          -574 -0.6880510851
          -573 -0.5913568286
          -572 -0.4947947643
          -571 -0.3983643964
          -570 -0.3020681549
          -569 -0.2059051178
          -568 -0.1098724769
          -567-0.01396974379
          -566 0.08180356778
          -565  0.1774479421
          -564  0.2729638612
          -563  0.3683518052
          -562  0.4636122521
          -561  0.5587456778
          -560  0.6537525562
          -559  0.7486333592
          -558  0.8433885567
          -557  0.9380186163
          -556   1.032524004
          -555   1.126905183
          -554   1.221162617
          -553   1.315296763
          -552   1.409308081
          -551   1.503197027
          -550   1.596959829
          -549   1.690596557
          -548   1.784112117
          -547   1.877506958
          -546   1.970781526
          -545   2.063936267
          -544   2.156971624
          -543    2.24988804
          -542   2.342685953
          -541   2.435365802
          -540   2.527928023
          -539   2.620373049
          -538   2.712701313
          -537   2.804913245
          -536   2.897005161
          -535   2.988974697
          -534   3.080829044
          -533   3.172568625
          -532   3.264193863
          -531   3.355705178
          -530   3.447102989
          -529   3.538387712
          -528   3.629559764
          -527   3.720619557
          -526   3.811567504
          -525   3.902404013
          -524   3.993120136
          -523   4.083722232
          -522   4.174213982
          -521   4.264595792
          -520   4.354868063
          -519   4.445031197
          -518    4.53508559
          -517   4.625031642
          -516   4.714869746
          -515   4.804600298
          -514   4.894215884
          -513   4.983718359
          -512   5.073114335
          -511   5.162404199
          -510   5.251588336
          -509   5.340667133
          -508   5.429640973
          -507   5.518510236
          -506   5.607275302
          -505   5.695931099
          -504   5.784473575
          -503   5.872912874
          -502    5.96124937
          -501   6.049483436
          -500   6.137615443
          -499   6.225645762
          -498   6.313574759
          -497   6.401402802
          -496   6.489115777
          -495   6.576726551
          -494   6.664237358
          -493   6.751648559
          -492   6.838960513
          -491   6.926173578
          -490   7.013288112
          -489   7.100304469
          -488   7.187206089
          -487   7.274009737
          -486   7.360716167
          -485    7.44732573
          -484   7.533838774
          -483   7.620255646
          -482   7.706576693
          -481   7.792792779
          -480   7.878904966
          -479   7.964922262
          -478   8.050845009
          -477   8.136673545
          -476   8.222408209
          -475   8.308049337
          -474   8.393588877
          -473   8.479024908
          -472   8.564368317
          -471   8.649619434
          -470    8.73477859
          -469   8.819846113
          -468   8.904822331
          -467    8.98969416
          -466   9.074468962
          -465    9.15915335
          -464   9.243747647
          -463   9.328252173
          -462    9.41266725
          -461   9.496989294
          -460   9.581205999
          -459   9.665334126
          -458   9.749373992
          -457    9.83332591
          -456   9.917190193
          -455   10.00096715
          -454    10.0846373
          -453   10.16821942
          -452   10.25171507
          -451   10.33512455
          -450   10.41844817
          -449   10.50168624
          -448   10.58481958
          -447   10.66786573
          -446   10.75082716
          -445   10.83370417
          -444   10.91649706
          -443   10.99920511
          -442   11.08180842
          -441   11.16432844
          -440   11.24676545
          -439   11.32911975
          -438   11.41139162
          -437   11.49357319
          -436   11.57565831
          -435   11.65766182
          -434   11.73958401
          -433   11.82142515
          -432   11.90318553
          -431   11.98484623
          -430   12.06642264
          -429   12.14791908
          -428   12.22933583
          -427   12.31067318
          -426   12.39192119
          -425   12.47307679
          -424   12.55415375
          -423   12.63515236
          -422   12.71607289
          -421   12.79691172
          -420   12.87765269
          -419   12.95831634
          -418   13.03890295
          -417   13.11941277
          -416    13.1998459
          -415   13.28017833
          -414   13.36043473
          -413   13.44061537
          -412   13.52072052
          -411   13.60075043
          -410   13.68068124
          -409   13.76053636
          -408   13.84031698
          -407   13.92002336
          -406   13.99965534
          -405   14.07918855
          -404   14.15864825
          -403   14.23803469
          -402   14.31734813
          -401   14.39658459
          -400   14.47572692
          -399   14.55479697
          -398   14.63379499
          -397   14.71272122
          -396   14.79156548
          -395   14.87032264
          -394   14.94900872
          -393   15.02762396
          -392   15.10616862
          -391   15.18462397
          -390   15.26300156
          -389   15.34130925
          -388   15.41954729
          -387   15.49771309
          -386    15.5757856
          -385   15.65378913
          -384   15.73172393
          -383   15.80959023
          -382    15.8873728
          -381   15.96507552
          -380   16.04271042
          -379   16.12027773
          -378   16.19777496
          -377   16.27518019
          -376   16.35251849
          -375    16.4297901
          -374   16.50699523
          -373   16.58411478
          -372   16.66115974
          -371   16.73813889
          -370   16.81505245
          -369   16.89189079
          -368   16.96864563
          -367   17.04533553
          -366   17.12196071
          -365   17.19851959
          -364    17.2749875
          -363   17.35139132
          -362   17.42773127
          -361   17.50400758
          -360   17.58019654
          -359   17.65631741
          -358   17.73237526
          -357   17.80837031
          -356   17.88428383
          -355   17.96012485
          -354   18.03590367
          -353   18.11162053
          -352   18.18726031
          -351   18.26282453
          -350   18.33832738
          -349   18.41376908
          -348   18.48913681
          -347   18.56442725
          -346   18.63965713
          -345   18.71482667
          -344   18.78992402
          -343   18.86494366
          -342   18.93990355
          -341   19.01480389
          -340   19.08963252
          -339   19.16438431
          -338   19.23907714
          -337    19.3137112
          -336   19.38827276
          -335   19.46275961
          -334   19.53718827
          -333   19.61155896
          -332   19.68585508
          -331   19.76007986
          -330   19.83424723
          -329   19.90835738
          -328   19.98238969
          -327   20.05635524
          -326   20.13026415
          -325    20.2041166
          -324   20.27788669
          -323   20.35159582
          -322   20.42524906
          -321   20.49884523
          -320   20.57235607
          -319   20.64581156
          -318    20.7192119
          -317   20.79254851
          -316    20.8658077
          -315   20.93901229
          -314   21.01216245
          -313   21.08524108
          -312   21.15825135
          -311   21.23120774
          -310   21.30411043
          -309   21.37693263
          -308   21.44969667
          -307   21.52240753
          -306   21.59505964
          -305   21.66763273
          -304   21.74015318
          -303   21.81262117
          -302   21.88501943
          -301   21.95735086
          -300   22.02963034
          -299   22.10185806
          -298   22.17400401
          -297   22.24609636
          -296   22.31813747
          -295   22.39011604
          -294   22.46202264
          -293    22.5338785
          -292   22.60568379
          -291   22.67741256
          -290   22.74908452
          -289   22.82070642
          -288   22.89226949
          -287   22.96375889
          -286   23.03519873
          -285   23.10658916
          -284   23.17790493
          -283   23.24916403
          -282   23.32037423
          -281   23.39152594
          -280   23.46260562
          -279   23.53363689
          -278    23.6046199
          -277   23.67552676
          -276    23.7463804
          -275   23.81718626
          -274    23.8879307
          -273   23.95860799
          -272   24.02923799
          -271   24.09982066
          -270   24.17032288
          -269   24.24077829
          -268   24.31118704
          -267   24.38152824
          -266   24.45181033
          -265   24.52204622
          -264   24.59222724
          -263   24.66233726
          -262   24.73240155
          -261   24.80242027
          -260   24.87236221
          -259   24.94225614
          -258   25.01210495
          -257   25.08188829
          -256   25.15161308
          -255   25.22129322
          -254   25.29091858
          -253   25.36047546
          -252   25.42998813
          -251   25.49945614
          -250   25.56884631
          -249   25.63819273
          -248   25.70749555
          -247   25.77672868
          -246   25.84591004
          -245   25.91504824
          -244   25.98412556
          -243   26.05314306
          -242   26.12211782
          -241   26.19103994
          -240   26.25989475
          -239   26.32870726
          -238   26.39747479
          -237   26.46616808
          -236    26.5348195
          -235    26.6034292
          -234   26.67196597
          -233   26.74045746
          -232   26.80890765
          -231   26.87729133
          -230   26.94562404
          -229   27.01391587
          -228   27.08214707
          -227   27.15032213
          -226   27.21845673
          -225   27.28653603
          -224   27.35455458
          -223   27.42253308
          -222   27.49046107
          -221   27.55832423
          -220   27.62614775
          -219   27.69392503
          -218    27.7616339
          -217   27.82930355
          -216   27.89693069
          -215   27.96448639
          -214   28.03200326
          -213   28.09948086
          -212   28.16688448
          -211   28.23424967
          -210   28.30157656
          -209   28.36883092
          -208   28.43604551
          -207   28.50322219
          -206   28.57032845
          -205   28.63739351
          -204   28.70442107
          -203   28.77137979
          -202    28.8382964
          -201   28.90517588
          -200   28.97198764
          -199   29.03875685
          -198   29.10548931
          -197   29.17215467
          -196   29.23877753
          -195   29.30536403
          -194   29.37188355
          -193    29.4383611
          -192   29.50480267
          -191   29.57117692
          -190    29.6375102
          -189   29.70380787
          -188    29.7700374
          -187   29.83622743
          -186   29.90238222
          -185   29.96846759
          -184   30.03451539
          -183   30.10052831
          -182   30.16647008
          -181   30.23237665
          -180   30.29824682
          -179   30.36404742
          -178   30.42981378
          -177   30.49554116
          -176   30.56120218
          -175   30.62682931
          -174   30.69241445
          -173   30.75793688
          -172   30.82342576
          -171   30.88886921
          -170   30.95425402
          -169   31.01960565
          -168   31.08490794
          -167   31.15015611
          -166   31.21537145
          -165   31.28053311
          -164   31.34564561
          -163   31.41072563
          -162   31.47574721
          -161     31.540725
          -160   31.60567064
          -159   31.67055267
          -158   31.73539669
          -157   31.80020892
          -156   31.86495192
          -155   31.92966313
          -154   31.99433682
          -153   32.05894738
          -152   32.12352671
          -151   32.18806216
          -150   32.25254144
          -149   32.31698982
          -148   32.38138756
          -147   32.44573649
          -146   32.51005484
          -145   32.57431539
          -144   32.63853488
          -143   32.70272412
          -142     32.766848
          -141   32.83093896
          -140   32.89499468
          -139   32.95898771
          -138   33.02295105
          -137   33.08687088
          -136   33.15073686
          -135   33.21457348
          -134   33.27835791
          -133   33.34209775
          -132   33.40580853
          -131   33.46945808
          -130   33.53307265
          -129   33.59665495
          -128   33.66017366
          -127   33.72366385
          -126   33.78711203
          -125   33.85050691
          -124   33.91387359
          -123   33.97718815
          -122   34.04046008
          -121   34.10370412
          -120   34.16688555
          -119    34.2300354
          -118   34.29315046
          -117   34.35620646
          -116   34.41923507
          -115   34.48221776
          -114   34.54515308
          -113   34.60806131
          -112   34.67091211
          -111   34.73372759
          -110   34.79651264
          -109    34.8592357
          -108   34.92193218
          -107   34.98458608
          -106   35.04719068
          -105   35.10976899
          -104   35.17229224
          -103   35.23477921
          -102   35.29723731
          -101   35.35963325
          -100   35.42200342
           -99   35.48433158
           -98   35.54661126
           -97   35.60886542
           -96   35.67106415
           -95   35.73322835
           -94   35.79536253
           -93   35.85743709
           -92   35.91948664
           -91   35.98149209
           -90   36.04345251
           -89    36.1053882
           -88    36.1672654
           -87   36.22911248
           -86   36.29092573
           -85   36.35268452
           -84   36.41441905
           -83   36.47610475
           -82    36.5377515
           -81   36.59937362
           -80    36.6609329
           -79   36.72246839
           -78   36.78396366
           -77   36.84541219
           -76   36.90683719
           -75    36.9682061
           -74   37.02954464
           -73   37.09085054
           -72   37.15210293
           -71   37.21333225
           -70   37.27451247
           -69   37.33565614
           -68    37.3967737
           -67   37.45783202
           -66   37.51886772
           -65    37.5798603
           -64   37.64081114
           -63   37.70173962
           -62   37.76260768
           -61   37.82345179
           -60   37.88425775
           -59   37.94501779
           -58   38.00575591
           -57   38.06643804
           -56   38.12709257
           -55   38.18771294
           -54   38.24828417
           -53   38.30883393
           -52   38.36933115
           -51   38.42979808
           -50   38.49023389
           -49   38.55061829
           -48   38.61098166
           -47   38.67129497
           -46   38.73157628
           -45   38.79182852
           -44   38.85202806
           -43   38.91220698
           -42    38.9723374
           -41   39.03243502
           -40    39.0925047
           -39   39.15252131
           -38   39.21251772
           -37   39.27246624
           -36   39.33238209
           -35    39.3922702
           -34   39.45210579
           -33   39.51192159
           -32    39.5716892
           -31   39.63142519
           -30   39.69113272
           -29   39.75078918
           -28   39.81042626
           -27   39.87001395
           -26   39.92957195
           -25   39.98909988
           -24   40.04857909
           -23   40.10803931
           -22   40.16744805
           -21   40.22682992
           -20   40.28617922
           -19   40.34548301
           -18   40.40476822
           -17   40.46399898
           -16   40.52320656
           -15    40.5823782
           -14   40.64150841
           -13   40.70062043
           -12   40.75967417
           -11   40.81870927
           -10   40.87770421
            -9   40.93666265
            -8   40.99559891
            -7   41.05448096
            -6   41.11334537
            -5   41.17216457
            -4   41.23095302
            -3   41.28971385
            -2   41.34842662
            -1   41.40712212
             0   41.46576652
             1   41.52438675
             2   41.58297309
             3   41.64151833
             4   41.70004667
             5   41.75851721
             6   41.81697098
             7   41.87538377
             8   41.93376322
             9   41.99211837
            10   42.05042376
            11   42.10871278
            12   42.16695296
            13   42.22516833
            14   42.28335118
            15   42.34149317
            16   42.39961878
            17   42.45768764
            18   42.51574066
            19   42.57375212
            20   42.63173241
            21   42.68968694
            22   42.74759476
            23   42.80548709
            24   42.86332808
            25   42.92114835
            26   42.97893271
            27   43.03668117
            28   43.09440902
            29   43.15208591
            30   43.20974781
            31   43.26736292
            32   43.32495365
            33   43.38251254
            34   43.44003236
            35   43.49753513
            36   43.55498428
            37   43.61241893
            38   43.66980976
            39   43.72717413
            40   43.78450914
            41   43.84180348
            42   43.89908277
            43   43.95630732
            44   44.01351786
            45   44.07068599
            46   44.12782713
            47   44.18493984
            48   44.24201181
            49   44.29906919
            50   44.35607224
            51   44.41306175
            52   44.47000876
            53   44.52692973
            54   44.58382171
            55   44.64067438
            56   44.69751142
            57   44.75429602
            58   44.81106754
            59     44.867795
            60   44.92449883
            61   44.98117163
            62   45.03780801
            63   45.09442626
            64   45.15099542
            65   45.20755195
            66   45.26406139
            67   45.32055107
            68   45.37700624
            69    45.4334293
            70    45.4898303
            71   45.54618698
            72   45.60253147
            73   45.65882442
            74   45.71510289
            75   45.77134195
            76   45.82755463
            77    45.8837399
            78   45.93988701
            79   45.99601858
            80   46.05210035
            81   46.10817052
            82   46.16419498
            83   46.22020016
            84    46.2761712
            85   46.33211163
            86   46.38802935
            87   46.44390524
            88   46.49976973
            89   46.55558131
            90   46.61138184
            91   46.66714015
            92   46.72287672
            93   46.77858209
            94   46.83425492
            95   46.88990742
            96   46.94551673
            97   47.00111542
            98   47.05666248
            99   47.11219799
           100   47.16769247
           101   47.22316502
           102   47.27860702
           103   47.33401683
           104   47.38940642
           105   47.44475371
           106   47.50009091
           107   47.55537597
           108   47.61065098
           109   47.66588392
           110   47.72109697
           111   47.77627787
           112   47.83142915
           113   47.88655811
           114   47.94164785
           115   47.99672495
           116   48.05175336
           117   48.10677232
           118   48.16174598
           119   48.21670394
           120   48.27162601
           121   48.32652318
           122   48.38139375
           123   48.43623034
           124    48.4910495
           125   48.54582571
           126     48.600593
           127    48.6553096
           128   48.71001683
           129   48.76468229
           130   48.81932969
           131   48.87394409
           132   48.92853185
           133   48.98309528
           134    49.0376236
           135   49.09213616
           136   49.14660526
           137   49.20106603
           138   49.25547709
           139   49.30987895
           140    49.3642394
           141   49.41858255
           142   49.47289246
           143   49.52717711
           144   49.58143658
           145   49.63566292
           146   49.68987203
           147   49.74404026
           148    49.7981991
           149   49.85230943
           150   49.90641214
           151    49.9604707
           152   50.01451582
           153   50.06852436
           154   50.12251208
           155   50.17647069
           156   50.23040121
           157   50.28430998
           158   50.33818348
           159    50.3920425
           160   50.44585919
           161   50.49966854
           162   50.55342861
           163   50.60718175
           164   50.66089201
           165   50.71458884
           166   50.76824968
           167   50.82189038
           168   50.87550189
           169   50.92908666
           170   50.98264892
           171   51.03617794
           172   51.08969104
           173   51.14316451
           174   51.19662852
           175   51.25004663
           176   51.30345848
           177   51.35682458
           178   51.41018136
           179   51.46349863
           180   51.51680053
           181   51.57006905
           182   51.62331626
           183   51.67653612
           184   51.72972881
           185   51.78290009
           186   51.83603846
           187   51.88916124
           188   51.94224547
           189   51.99531983
           190   52.04835012
           191   52.10137489
           192   52.15435265
           193   52.20732376
           194   52.26025335
           195   52.31317097
           196   52.36605247
           197   52.41891679
           198   52.47175028
           199   52.52456148
           200   52.57734704
           201    52.6301053
           202   52.68284302
           203   52.73554851
           204   52.78823846
           205   52.84089137
           206   52.89353364
           207   52.94613415
           208   52.99872881
           209   53.05127709
           210   53.10382078
           211   53.15632047
           212    53.2088122
           213   53.26126453
           214   53.31370449
           215   53.36610952
           216   53.41849789
           217   53.47085572
           218   53.52319266
           219   53.57550337
           220   53.62778906
           221   53.68005272
           222   53.73228734
           223   53.78450403
           224   53.83668774
           225   53.88885754
           226   53.94099053
           227   53.99311352
           228   54.04519596
           229   54.09727221
           230   54.14930426
           231   54.20133267
           232    54.2533157
           233   54.30529399
           234   54.35723052
           235   54.40915886
           236   54.46104897
           237   54.51292752
           238   54.56477129
           239   54.61660023
           240   54.66839773
           241   54.72017722
           242   54.77192854
           243   54.82365875
           244   54.87536396
           245   54.92704506
           246   54.97870423
           247   55.03033639
           248    55.0819496
           249   55.13353298
           250   55.18510032
           251   55.23663508
           252   55.28815661
           253   55.33964292
           254   55.39111872
           255   55.44255675
           256    55.4939869
           257    55.5453768
           258   55.59676138
           259   55.64810332
           260    55.6994424
           261   55.75073654
           262    55.8020284
           263    55.8532767
           264     55.904521
           265   55.95572403
           266   56.00692095
           267   56.05807878
           268   56.10922846
           269   56.16034117
           270   56.21144378
           271   56.26251144
           272   56.31356714
           273   56.36458982
           274   56.41559877
           275   56.46657656
           276   56.51753891
           277   56.56847187
           278   56.61938778
           279   56.67027599
           280   56.72114561
           281   56.77198915
           282   56.82281265
           283   56.87361158
           284   56.92438911
           285   56.97514351
           286   57.02587523
           287   57.07658517
           288   57.12727122
           289   57.17793678
           290   57.22857733
           291   57.27919858
           292   57.32979378
           293   57.38037079
           294   57.43092078
           295   57.48145363
           296   57.53195858
           297   57.58244734
           298   57.63290738
           299   57.68335212
           300   57.73376742
           301   57.78416822
           302   57.83453892
           303   57.88489585
           304   57.93522211
           305   57.98553523
           306   58.03581719
           307   58.08608658
           308    58.1363244
           309   58.18655013
           310   58.23674395
           311   58.28692609
           312   58.33707606
           313   58.38721469
           314   58.43732096
           315   58.48741615
           316   58.53747886
           317   58.58753067
           318   58.63754998
           319   58.68755849
           320   58.73753453
           321   58.78749981
           322   58.83743273
           323   58.88735486
           324    58.9372448
           325   58.98712384
           326   59.03697096
           327   59.08680697
           328   59.13661141
           329   59.18640447
           330   59.23616637
           331   59.28591655
           332   59.33563605
           333   59.38534343
           334   59.43502067
           335   59.48468531
           336   59.53432044
           337   59.58394241
           338   59.63353556
           339   59.68311493
           340   59.73266625
           341   59.78220309
           342   59.83171272
           343    59.8812071
           344   59.93067518
           345   59.98012717
           346   60.02955384
           347    60.0789635
           348    60.1283489
           349    60.1777163
           350   60.22706056
           351   60.27638578
           352   60.32568905
           353   60.37497215
           354   60.42423456
           355   60.47347561
           356    60.5226973
           357   60.57189637
           358   60.62107747
           359   60.67023463
           360   60.71937528
           361   60.76849059
           362   60.81759093
           363   60.86666446
           364   60.91572462
           365   60.96475644
           366   61.01377656
           367   61.06276674
           368   61.11174694
           369   61.16069555
           370   61.20963598
           371   61.25854307
           372   61.30744386
           373   61.35630952
           374   61.40517079
           375   61.45399507
           376   61.50281697
           377   61.55159994
           378   61.60038259
           379   61.64912432
           380   61.69786606
           381   61.74656842
           382   61.79526897
           383   61.84393242
           384   61.89259186
           385   61.94121652
           386   61.98983493
           387   62.03842092
           388   62.08699835
           389   62.13554582
           390   62.18408234
           391   62.23259141
           392   62.28108709
           393   62.32955788
           394   62.37801278
           395   62.42644543
           396   62.47485962
           397   62.52325426
           398   62.57162779
           399   62.61998454
           400   62.66831749
           401   62.71663648
           402   62.76492891
           403   62.81321027
           404   62.86146224
           405   62.90970609
           406   62.95791768
           407   63.00612414
           408   63.05429541
           409   63.10246461
           410   63.15059561
           411   63.19872662
           412   63.24681849
           413    63.2949093
           414   63.34296423
           415   63.39101491
           416   63.43903301
           417   63.48704362
           418   63.53502502
           419   63.58299563
           420   63.63094046
           421   63.67887113
           422    63.7267795
           423   63.77467029
           424   63.82254233
           425   63.87039331
           426   63.91822914
           427   63.96604037
           428   64.01384011
           429   64.06161165
           430   64.10937542
           431   64.15710734
           432   64.20483526
           433   64.25252762
           434   64.30021981
           435   64.34787267
           436   64.39552554
           437   64.44314268
           438   64.49075612
           439   64.53833783
           440   64.58591189
           441   64.63345829
           442   64.68099304
           443   64.72850424
           444   64.77599975
           445   64.82347588
           446    64.8709322
           447   64.91837337
           448   64.96579057
           449    65.0131969
           450   65.06057504
           451   65.10794664
           452   65.15528578
           453   65.20262277
           454   65.24992298
           455   65.29722319
           456    65.3444868
           457   65.39174813
           458   65.43897743
           459   65.48619995
           460   65.53339504
           461   65.58057881
           462   65.62773981
           463   65.67488489
           464   65.72201192
           465   65.76911836
           466   65.81621153
           467    65.8632794
           468   65.91033882
           469   65.95736819
           470   66.00439396
           471   66.05138488
           472    66.0983758
           473   66.14532967
           474    66.1922822
           475   66.23920271
           476   66.28611692
           477   66.33300418
           478   66.37988012
           479   66.42673426
           480   66.47357199
           481   66.52039311
           482    66.5671927
           483    66.6139809
           484    66.6607424
           485    66.7074978
           486   66.75422128
           487   66.80094399
           488    66.8476295
           489   66.89431501
           490   66.94096723
           491   66.98761483
           492   67.03423464
           493   67.08084439
           494   67.12743189
           495   67.17400385
           496   67.22055915
           497   67.26709339
           498   67.31361659
           499   67.36011316
           500   67.40660438
           501   67.45306334
           502   67.49952229
           503   67.54594408
           504   67.59236548
           505   67.63875556
           506   67.68513947
           507   67.73149793
           508   67.77784441
           509   67.82417137
           510   67.87048047
           511   67.91677604
           512   67.96304782
           513   68.00931209
           514   68.05554661
           515   68.10177969
           516   68.14797701
           517   68.19417432
           518   68.24033918
           519   68.28649935
           520   68.33263328
           521   68.37875637
           522   68.42485948
           523   68.47094553
           524   68.51701793
           525   68.56306701
           526   68.60910879
           527   68.65512096
           528   68.70113223
           529   68.74710754
           530   68.79308286
           531   68.83902691
           532   68.88496542
           533   68.93087922
           534     68.976781
           535   69.02266464
           536   69.06852973
           537   69.11438333
           538   69.16021179
           539   69.20603543
           540   69.25182732
           541   69.29761921
           542   69.34337649
           543   69.38913186
           544   69.43485944
           545   69.48057836
           546   69.52627634
           547   69.57195885
           548   69.61762733
           549    69.6632735
           550   69.70891258
           551   69.75452247
           552   69.80013224
           553   69.84570589
           554   69.89127954
           555   69.93682394
           556   69.98236141
           557   70.02787675
           558    70.0733781
           559   70.11886449
           560   70.16432977
           561    70.2097873
           562   70.25521658
           563   70.30064534
           564   70.34603866
           565   70.39143198
           566   70.43679618
           567   70.48215361
           568   70.52748929
           569   70.57281087
           570   70.61811813
           571   70.66340392
           572   70.70868285
           573   70.75393291
           574   70.79918297
           575   70.84439799
           576   70.88961237
           577   70.93479931
           578   70.97997807
           579   71.02513702
           580   71.07028021
           581   71.11541126
           582   71.16051893
           583   71.20562218
           584   71.25069439
           585   71.29576661
           586   71.34080674
           587   71.38584355
           588   71.43085612
           589   71.47585758
           590   71.52084267
           591   71.56580883
           592   71.61076655
           593   71.65569747
           594   71.70062789
           595   71.74552362
           596   71.79041935
           597   71.83528744
           598   71.88014803
           599   71.92498907
           600   71.96981458
           601   72.01462866
           602   72.05941914
           603   72.10420634
           604   72.14896185
           605   72.19371736
           606   72.23844285
           607   72.28316344
           608   72.32786229
           609   72.37254802
           610   72.41722031
           611   72.46187122
           612   72.50651706
           613    72.5511332
           614   72.59574935
           615    72.6403341
           616   72.68491554
           617   72.72947405
           618   72.77402083
           619    72.8185532
           620   72.86306538
           621   72.90757168
           622   72.95204931
           623   72.99652694
           624   73.04097277
           625   73.08541591
           626    73.1298359
           627   73.17424459
           628   73.21863884
           629   73.26301314
           630   73.30738172
           631   73.35172167
           632   73.39606163
           633   73.44037035
           634   73.48467602
           635   73.52895929
           636   73.57323073
           637   73.61748865
           638    73.6617259
           639   73.70595855
           640   73.75016166
           641   73.79436478
           642   73.83853816
           643    73.8827072
           644   73.92685553
           645   73.97099054
           646    74.0151139
           647   74.05921493
           648   74.10331341
           649   74.14738052
           650   74.19144762
           651   74.23548743
           652   74.27952066
           653    74.3235358
           654    74.3675352
           655   74.41152575
           656   74.45549139
           657   74.49945702
           658   74.54338935
           659   74.58732126
           660   74.63122922
           661   74.67512747
           662   74.71901114
           663   74.76287576
           664   74.80673522
           665   74.85056628
           666   74.89439733
           667   74.93819915
           668   74.98199668
           669   75.02577451
           670   75.06953857
           671   75.11329248
           672   75.15702313
           673    75.2007532
           674   75.24445049
           675   75.28814777
           676   75.33182077
           677   75.37548473
           678   75.41913411
           679   75.46276481
           680   75.50639063
           681   75.54998812
           682    75.5935856
           683   75.63715479
           684    75.6807191
           685   75.72426495
           686   75.76779615
           687   75.81131874
           688   75.85481687
           689     75.898315
           690   75.94178139
           691    75.9852465
           692   76.02868983
           693   76.07212197
           694   76.11554232
           695   76.15894154
           696   76.20233899
           697   76.24570534
           698    76.2890717
           699    76.3324135
           700   76.37574703
           701   76.41906613
           702   76.46236689
           703   76.50566337
           704    76.5489314
           705   76.59219944
           706   76.63544069
           707   76.67867606
           708   76.72189488
           709   76.76509762
           710    76.8082941
           711   76.85146426
           712   76.89463443
           713    76.9377761
           714   76.98091374
           715   77.02403326
           716   77.06713842
           717   77.11023586
           718   77.15330859
           719   77.19638131
           720   77.23942438
           721   77.28246472
           722    77.3254859
           723   77.36849391
           724   77.41149328
           725     77.454469
           726   77.49744472
           727   77.54039012
           728   77.58333361
           729   77.62625739
           730   77.66916869
           731   77.71207093
           732   77.75495008
           733   77.79782923
           734   77.84067791
           735   77.88352497
           736    77.9263523
           737   77.96916731
           738   78.01197337
           739   78.05475638
           740   78.09753939
           741   78.14029229
           742   78.18304335
           743   78.22577516
           744   78.26849431
           745    78.3112051
           746    78.3538924
           747    78.3965797
           748   78.43923773
           749   78.48189322
           750   78.52453043
           751   78.56715415
           752    78.6097706
           753   78.65236261
           754   78.69495462
           755   78.73751871
           756   78.78007905
           757   78.82262257
           758   78.86515129
           759   78.90767431
           760   78.95017145
           761   78.99266859
           762   79.03513965
           763   79.07760526
           764   79.12005599
           765   79.16249013
           766   79.20492061
           767   79.24732331
           768     79.289726
           769   79.33210491
           770   79.37447622
           771   79.41683507
           772   79.45917503
           773   79.50151387
           774   79.54382254
           775   79.58613121
           776   79.62841887
           777   79.67069629
           778   79.71296413
           779   79.75521034
           780   79.79745655
           781   79.83967348
           782   79.88188853
           783   79.92408582
           784   79.96626976
           785   80.00844747
           786   80.05060034
           787   80.09275322
           788    80.1348804
           789   80.17700225
           790   80.21911004
           791   80.26120091
           792   80.30328937
           793   80.34534931
           794   80.38740926
           795   80.42944756
           796   80.47147662
           797   80.51349577
           798   80.55549399
           799   80.59749221
           800   80.63946147
           801   80.68142889
           802   80.72337918
           803   80.76531585
           804   80.80724721
           805   80.84915318
           806   80.89105915
           807   80.93294101
           808   80.97481632
           809   81.01667942
           810   81.05852412
           811   81.10036854
           812   81.14218267
           813    81.1839968
           814   81.22579208
           815   81.26757568
           816   81.30935245
           817   81.35110557
           818   81.39285869
           819   81.43458658
           820   81.47630926
           821   81.51801881
           822    81.5597111
           823   81.60140237
           824   81.64306431
           825   81.68472626
           826   81.72636901
           827   81.76800065
           828   81.80962529
           829   81.85122667
           830   81.89282805
           831   81.93440443
           832   81.97597559
           833   82.01753402
           834   82.05907502
           835   82.10061557
           836   82.14212643
           837    82.1836373
           838   82.22512995
           839   82.26661073
           840   82.30808566
           841    82.3495364
           842   82.39098715
           843   82.43241442
           844   82.47383517
           845   82.51524488
           846   82.55663568
           847   82.59802648
           848   82.63938879
           849   82.68074968
           850    82.7220946
           851   82.76342562
           852   82.80475322
           853   82.84605442
           854   82.88735562
           855   82.92863615
           856   82.96990758
           857   83.01117094
           858   83.05241263
           859   83.09365431
           860   83.13487088
           861   83.17608287
           862   83.21728242
           863   83.25846476
           864    83.2996471
           865    83.3408001
           866   83.38195283
           867   83.42308897
           868   83.46421214
           869   83.50533148
           870   83.54642513
           871   83.58751879
           872   83.62859191
           873   83.66965608
           874   83.71071257
           875   83.75174731
           876   83.79278204
           877   83.83379256
           878    83.8747979
           879   83.91579193
           880   83.95676792
           881   83.99774391
           882   84.03869221
           883   84.07963889
           884   84.12057086
           885   84.16148828
           886   84.20240398
           887   84.24329217
           888   84.28418036
           889   84.32505066
           890   84.36590967
           891   84.40676385
           892   84.44759372
           893   84.48842359
           894   84.52923261
           895   84.57003338
           896   84.61082644
           897   84.65159815
           898   84.69236986
           899   84.73311799
           900   84.77386069
           901   84.81459301
           902   84.85530673
           903   84.89602046
           904   84.93670808
           905   84.97739288
           906   85.01806483
           907   85.05872074
           908   85.09937664
           909   85.14000414
           910    85.1806312
           911   85.22124318
           912   85.26184143
           913   85.30243795
           914   85.34300743
           915   85.38357692
           916    85.4241293
           917   85.46467006
           918   85.50520713
           919   85.54571921
           920   85.58623128
           921   85.62672445
           922   85.66720788
           923   85.70768588
           924   85.74814071
           925   85.78859554
           926   85.82902986
           927   85.86945613
           928   85.90987543
           929   85.95027318
           930   85.99067093
           931   86.03104678
           932   86.07141605
           933   86.11177702
           934   86.15211785
           935   86.19245868
           936   86.23277643
           937   86.27308886
           938   86.31339187
           939   86.35367595
           940   86.39396002
           941   86.43422003
           942   86.47447579
           943    86.5147212
           944   86.55494869
           945   86.59517617
           946    86.6353788
           947   86.67557805
           948   86.71576623
           949   86.75593729
           950   86.79610834
           951   86.83625396
           952   86.87639686
           953   86.91652817
           954   86.95664295
           955   86.99675773
           956    87.0368467
           957    87.0769334
           958    87.1170082
           959   87.15706687
           960   87.19712554
           961   87.23715822
           962   87.27718889
           963   87.31720754
           964   87.35721025
           965   87.39721297
           966   87.43718971
           967   87.47716451
           968   87.51712736
           969   87.55707428
           970    87.5970212
           971   87.63694236
           972   87.67686144
           973   87.71676884
           974   87.75666013
           975   87.79655141
           976   87.83641734
           977   87.87628086
           978   87.91613316
           979   87.95596897
           980   87.99580478
           981   88.03561582
           982   88.07542395
           983    88.1152215
           984   88.15500198
           985   88.19478247
           986   88.23453897
           987   88.27429186
           988     88.314035
           989   88.35376032
           990   88.39348564
           991   88.43318795
           992   88.47288575
           993   88.51257483
           994   88.55224514
           995   88.59191546
           996   88.63156391
           997   88.67120678
           998   88.71084214
           999    88.7504576
          1000   88.79007305
          1001     88.829668
          1002   88.86925609
          1003   88.90883807
          1004   88.94839883
          1005   88.98795958
          1006   89.02750136
          1007   89.06703482
          1008   89.10656376
          1009   89.14606997
          1010   89.18557618
          1011   89.22506511
          1012   89.26454411
          1013   89.30402034
          1014   89.34347215
          1015   89.38292397
          1016    89.4223604
          1017   89.46178508
          1018   89.50120893
          1019   89.54060651
          1020   89.58000409
          1021   89.61938834
          1022   89.65875886
          1023   89.69812937
          1024   89.73747415
          1025   89.77681764
          1026   89.81615005
          1027   89.85546656
          1028   89.89478306
          1029   89.93407619
          1030   89.97336575
          1031   90.01264664
          1032   90.05190928
          1033   90.09117193
          1034   90.13041374
          1035   90.16964952
          1036   90.20887921
          1037   90.24808815
          1038   90.28729709
          1039   90.32648791
          1040   90.36567004
          1041   90.40484887
          1042   90.44400425
          1043   90.48315962
          1044   90.52229977
          1045   90.56142843
          1046    90.6005567
          1047   90.63965867
          1048   90.67876064
          1049   90.71785043
          1050   90.75692575
          1051   90.79600107
          1052   90.83505251
          1053   90.87410121
          1054   90.91314097
          1055   90.95216311
          1056   90.99118524
          1057   91.03018684
          1058   91.06918243
          1059   91.10817247
          1060   91.14714157
          1061   91.18611067
          1062   91.22506273
          1063   91.26400537
          1064     91.302946
          1065   91.34186221
          1066   91.38077842
          1067   91.41968127
          1068   91.45857109
          1069   91.49746091
          1070   91.53632609
          1071   91.57518956
          1072   91.61404351
          1073   91.65288066
          1074   91.69171781
          1075   91.73053428
          1076   91.76934515
          1077   91.80815051
          1078   91.84693514
          1079   91.88571976
          1080   91.92448783
          1081   91.96324626
          1082   92.00200332
          1083   92.04073557
          1084   92.07946782
          1085    92.1181878
          1086   92.15689391
          1087   92.19560003
          1088   92.23428302
          1089   92.27296304
          1090   92.31163521
          1091   92.35028917
          1092   92.38894313
          1093   92.42757851
          1094   92.46620644
          1095   92.50483112
          1096   92.54343306
          1097   92.58203501
          1098   92.62062308
          1099   92.65919907
          1100   92.69777506
          1101   92.73632663
          1102    92.7748767
          1103   92.81341776
          1104   92.85194196
          1105   92.89046615
          1106   92.92897089
          1107   92.96746924
          1108   93.00596359
          1109   93.04443613
          1110   93.08290866
          1111   93.12136688
          1112   93.15981364
          1113    93.1982604
          1114   93.23668259
          1115   93.27510362
          1116    93.3135156
          1117   93.35191092
          1118   93.39030624
          1119   93.42868238
          1120   93.46705203
          1121   93.50541807
          1122   93.54376209
          1123   93.58210611
          1124   93.62043648
          1125   93.65875491
          1126   93.69707334
          1127   93.73536815
          1128   93.77366102
          1129   93.81194591
          1130   93.85021325
          1131   93.88848059
          1132   93.92673011
          1133   93.96497196
          1134   94.00321167
          1135   94.04142806
          1136   94.07964445
          1137   94.11784896
          1138   94.15603993
          1139    94.1942309
          1140   94.23240032
          1141   94.27056591
          1142   94.30872569
          1143   94.34686593
          1144   94.38500616
          1145   94.42313103
          1146   94.46124595
          1147   94.49936086
          1148   94.53745092
          1149   94.57554056
          1150   94.61362116
          1151   94.65168555
          1152   94.68974994
          1153   94.72779591
          1154   94.76583508
          1155    94.8038717
          1156   94.84188569
          1157   94.87989969
          1158   94.91790185
          1159    94.9558907
          1160   94.99387956
          1161   95.03184735
          1162    95.0698111
          1163   95.10776971
          1164   95.14570838
          1165   95.18364706
          1166   95.22157148
          1167   95.25948512
          1168   95.29739875
          1169   95.33528909
          1170   95.37317772
          1171   95.41105906
          1172   95.44892271
          1173   95.48678637
          1174   95.52463379
          1175   95.56247251
          1176   95.60031102
          1177   95.63812484
          1178   95.67593865
          1179   95.71374342
          1180   95.75153237
          1181   95.78932132
          1182   95.82709245
          1183   95.86485656
          1184   95.90261895
          1185   95.94035826
          1186   95.97809756
          1187   96.01582648
          1188   96.05354102
          1189   96.09125556
          1190   96.12895111
          1191   96.16664092
          1192   96.20432789
          1193   96.24199299
          1194    96.2796581
          1195   96.31731186
          1196   96.35495231
          1197   96.39259275
          1198    96.4302134
          1199   96.46782921
          1200   96.50544146
          1201   96.54303267
          1202   96.58062388
          1203   96.61820318
          1204   96.65576982
          1205   96.69333647
          1206   96.73088293
          1207   96.76842504
          1208   96.80596326
          1209   96.84348087
          1210   96.88099848
          1211   96.91850402
          1212   96.95599716
          1213   96.99349031
          1214   97.03096326
          1215   97.06843197
          1216   97.10589684
          1217   97.14334116
          1218   97.18078547
          1219   97.21821792
          1220   97.25563786
          1221   97.29305781
          1222   97.33045794
          1223   97.36785355
          1224   97.40524575
          1225   97.44261707
          1226   97.47998838
          1227   97.51734842
          1228   97.55469546
          1229   97.59204251
          1230   97.62937048
          1231   97.66669329
          1232    97.7040135
          1233   97.74131211
          1234   97.77861071
          1235   97.81589901
          1236   97.85317345
          1237   97.89044789
          1238   97.92770438
          1239   97.96495468
          1240   98.00220356
          1241   98.03942976
          1242   98.07665595
          1243   98.11387318
          1244    98.1510753
          1245   98.18827743
          1246   98.22546309
          1247   98.26264118
          1248   98.29981927
          1249   98.33697347
          1250   98.37412755
          1251   98.41127435
          1252   98.44840446
          1253   98.48553457
          1254   98.52265006
          1255   98.55975623
          1256    98.5968624
          1257   98.63394668
          1258   98.67102893
          1259   98.70810597
          1260   98.74516435
          1261   98.78222273
          1262    98.8192687
          1263   98.85630323
          1264   98.89333777
          1265   98.93035278
          1266    98.9673635
          1267   99.00437141
          1268   99.04135835
          1269   99.07834529
          1270   99.11532239
          1271   99.15228558
          1272   99.18924877
          1273   99.22619514
          1274   99.26313462
          1275   99.30007405
          1276   99.33698984
          1277   99.37390563
          1278   99.41081448
          1279   99.44770662
          1280   99.48459875
          1281   99.52147713
          1282   99.55834565
          1283   99.59521416
          1284   99.63206215
          1285   99.66890707
          1286   99.70574832
          1287   99.74256969
          1288   99.77939105
          1289   99.81620206
          1290    99.8529999
          1291   99.88979774
          1292    99.9265786
          1293   99.96335295
          1294   100.0001272
          1295   100.0368781
          1296    100.073629
          1297   100.1103732
          1298   100.1471007
          1299   100.1838281
          1300   100.2205425
          1301   100.2572465
          1302   100.2939506
          1303   100.3306351
          1304   100.3673158
          1305   100.4039939
          1306   100.4406513
          1307   100.4773086
          1308   100.5139571
          1309   100.5505911
          1310   100.5872251
          1311    100.623844
          1312   100.6604548
          1313   100.6970655
          1314   100.7336549
          1315   100.7702424
          1316   100.8068256
          1317   100.8433899
          1318   100.8799542
          1319    100.916508
          1320   100.9530491
          1321   100.9895902
          1322   101.0261148
          1323   101.0626328
          1324   101.0991507
          1325   101.1356461
          1326   101.1721409
          1327   101.2086303
          1328   101.2451021
          1329   101.2815738
          1330   101.3180342
          1331   101.3544829
          1332   101.3909315
          1333   101.4273629
          1334   101.4637886
          1335   101.5002141
          1336   101.5366168
          1337   101.5730195
          1338   101.6094162
          1339   101.6457959
          1340   101.6821756
          1341   101.7185436
          1342   101.7549003
          1343   101.7912571
          1344   101.8275964
          1345   101.8639303
          1346    101.900264
          1347    101.936575
          1348   101.9728859
          1349   102.0091911
          1350   102.0454793
          1351   102.0817674
          1352   102.1180442
          1353   102.1543095
          1354   102.1905748
          1355   102.2268232
          1356   102.2630658
          1357   102.2993083
          1358   102.3355285
          1359   102.3717483
          1360   102.4079631
          1361   102.4441601
          1362   102.4803572
          1363   102.5165438
          1364   102.5527182
          1365   102.5888925
          1366   102.6250512
          1367   102.6612029
          1368   102.6973546
          1369   102.7334853
          1370   102.7696143
          1371   102.8057398
          1372   102.8418462
          1373   102.8779527
          1374   102.9140503
          1375   102.9501342
          1376   102.9862181
          1377    103.022288
          1378   103.0583494
          1379   103.0944107
          1380    103.130453
          1381   103.1664918
          1382    103.202529
          1383   103.2385454
          1384   103.2745617
          1385   103.3105714
          1386   103.3465653
          1387   103.3825592
          1388   103.4185415
          1389   103.4545129
          1390   103.4904844
          1391   103.5264393
          1392   103.5623884
          1393   103.5983374
          1394   103.6342651
          1395   103.6701918
          1396   103.7061147
          1397    103.742019
          1398   103.7779234
          1399   103.8138191
          1400   103.8497012
          1401   103.8855832
          1402   103.9214519
          1403   103.9573117
          1404   103.9931714
          1405   104.0290132
          1406   104.0648507
          1407   104.1006877
          1408    104.136503
          1409   104.1723183
          1410   104.2081286
          1411   104.2439217
          1412   104.2797148
          1413   104.3154982
          1414   104.3512692
          1415   104.3870401
          1416   104.4227969
          1417   104.4585457
          1418   104.4942945
          1419   104.5300247
          1420   104.5657514
          1421   104.6014772
          1422   104.6371818
          1423   104.6728865
          1424   104.7085858
          1425   104.7442683
          1426   104.7799509
          1427   104.8156238
          1428   104.8512844
          1429    104.886945
          1430   104.9225916
          1431   104.9582301
          1432   104.9938687
          1433   105.0294891
          1434   105.0651057
          1435   105.1007219
          1436   105.1363165
          1437   105.1719112
          1438   105.2075013
          1439    105.243074
          1440   105.2786468
          1441   105.3142109
          1442   105.3497618
          1443   105.3853127
          1444   105.4208507
          1445   105.4563798
          1446   105.4919089
          1447   105.5274211
          1448   105.5629283
          1449   105.5984355
          1450    105.633922
          1451   105.6694074
          1452   105.7048899
          1453   105.7403536
          1454   105.7758172
          1455    105.811274
          1456    105.846716
          1457    105.882158
          1458   105.9175891
          1459   105.9530094
          1460   105.9884297
          1461   106.0238353
          1462   106.0592339
          1463   106.0946325
          1464   106.1300127
          1465   106.1653897
          1466   106.2007661
          1467   106.2361215
          1468   106.2714768
          1469   106.3068279
          1470   106.3421617
          1471   106.3774954
          1472   106.4128213
          1473   106.4481335
          1474   106.4834456
          1475   106.5187464
          1476    106.554037
          1477   106.5893276
          1478   106.6246033
          1479   106.6598724
          1480   106.6951415
          1481   106.7303922
          1482   106.7656398
          1483   106.8008869
          1484   106.8361131
          1485   106.8713393
          1486   106.9065615
          1487   106.9417663
          1488   106.9769711
          1489   107.0121685
          1490   107.0473519
          1491   107.0825353
          1492   107.1177079
          1493   107.1528699
          1494    107.188032
          1495   107.2231799
          1496   107.2583206
          1497   107.2934613
          1498   107.3285846
          1499    107.363704
          1500   107.3988234
          1501   107.4339222
          1502   107.4690202
          1503   107.5041158
          1504   107.5391927
          1505   107.5742695
          1506   107.6093407
          1507   107.6443963
          1508   107.6794519
          1509   107.7144987
          1510   107.7495331
          1511   107.7845676
          1512   107.8195901
          1513   107.8546033
          1514   107.8896166
          1515   107.9246149
          1516    107.959607
          1517   107.9945991
          1518   108.0295733
          1519   108.0645443
          1520   108.0995153
          1521   108.1344654
          1522   108.1694153
          1523   108.2043626
          1524   108.2392914
          1525   108.2742202
          1526   108.3091435
          1527   108.3440513
          1528   108.3789591
          1529   108.4138585
          1530   108.4487453
          1531    108.483632
          1532   108.5185077
          1533   108.5533734
          1534   108.5882392
          1535   108.6230911
          1536    108.657936
          1537   108.6927808
          1538    108.727609
          1539   108.7624329
          1540   108.7972568
          1541   108.8320615
          1542   108.8668645
          1543   108.9016665
          1544   108.9364486
          1545   108.9712307
          1546   109.0060092
          1547   109.0407705
          1548   109.0755318
          1549   109.1102869
          1550   109.1450274
          1551   109.1797678
          1552   109.2144996
          1553   109.2492193
          1554   109.2839389
          1555   109.3186474
          1556   109.3533463
          1557   109.3880452
          1558   109.4227305
          1559   109.4574087
          1560   109.4920868
          1561    109.526749
          1562   109.5614064
          1563   109.5960639
          1564    109.630703
          1565   109.6653397
          1566   109.6999765
          1567   109.7345926
          1568   109.7692087
          1569   109.8038225
          1570    109.838418
          1571   109.8730134
          1572   109.9076043
          1573   109.9421792
          1574    109.976754
          1575   110.0113221
          1576   110.0458764
          1577   110.0804307
          1578    110.114976
          1579   110.1495098
          1580   110.1840435
          1581   110.2185661
          1582   110.2530793
          1583   110.2875925
          1584   110.3220926
          1585   110.3565852
          1586   110.3910779
          1587   110.4255554
          1588   110.4600276
          1589   110.4944998
          1590   110.5289549
          1591   110.5634066
          1592   110.5978584
          1593    110.632291
          1594   110.6667223
          1595   110.7011529
          1596   110.7355639
          1597   110.7699748
          1598   110.8043832
          1599   110.8387737
          1600   110.8731643
          1601   110.9075504
          1602   110.9419206
          1603   110.9762908
          1604   111.0106547
          1605   111.0450046
          1606   111.0793545
          1607   111.1136963
          1608   111.1480259
          1609   111.1823555
          1610   111.2166753
          1611   111.2509846
          1612   111.2852939
          1613   111.3195917
          1614   111.3538808
          1615   111.3881699
          1616   111.4224457
          1617   111.4567146
          1618   111.4909835
          1619   111.5252375
          1620   111.5594862
          1621   111.5937349
          1622   111.6279671
          1623   111.6621956
          1624   111.6964241
          1625   111.7306346
          1626    111.764843
          1627   111.7990513
          1628   111.8332402
          1629   111.8674284
          1630   111.9016157
          1631   111.9357839
          1632   111.9699521
          1633   112.0041179
          1634    112.038266
          1635   112.0724141
          1636   112.1065584
          1637   112.1406864
          1638   112.1748145
          1639   112.2089373
          1640   112.2430454
          1641   112.2771535
          1642   112.3112549
          1643    112.345343
          1644   112.3794311
          1645   112.4135113
          1646   112.4475794
          1647   112.4816475
          1648   112.5157064
          1649   112.5497546
          1650   112.5838028
          1651   112.6178405
          1652   112.6518688
          1653   112.6858971
          1654   112.7199137
          1655   112.7539221
          1656   112.7879305
          1657   112.8219261
          1658   112.8559146
          1659   112.8899031
          1660   112.9238777
          1661   112.9578464
          1662   112.9918151
          1663   113.0257687
          1664   113.0597176
          1665   113.0936665
          1666   113.1275993
          1667   113.1615284
          1668   113.1954575
          1669   113.2293695
          1670   113.2632788
          1671   113.2971882
          1672   113.3310794
          1673    113.364969
          1674   113.3988586
          1675   113.4327292
          1676    113.466599
          1677   113.5004687
          1678   113.5343189
          1679   113.5681691
          1680   113.6020181
          1681   113.6358487
          1682   113.6696792
          1683   113.7035077
          1684   113.7373186
          1685   113.7711296
          1686   113.8049376
          1687   113.8387289
          1688   113.8725202
          1689   113.9063078
          1690   113.9400796
          1691   113.9738513
          1692   114.0076186
          1693   114.0413707
          1694   114.0751229
          1695   114.1088699
          1696   114.1426025
          1697   114.1763351
          1698   114.2100619
          1699    114.243775
          1700   114.2774881
          1701   114.3111948
          1702   114.3448884
          1703    114.378582
          1704   114.4122685
          1705   114.4459427
          1706   114.4796168
          1707   114.5132833
          1708    114.546938
          1709   114.5805928
          1710   114.6142393
          1711   114.6478746
          1712   114.6815099
          1713   114.7151364
          1714   114.7487524
          1715   114.7823683
          1716    114.815975
          1717   114.8495715
          1718   114.8831681
          1719    114.916755
          1720   114.9503322
          1721   114.9839094
          1722   115.0174765
          1723   115.0510344
          1724   115.0845923
          1725   115.1181398
          1726   115.1516784
          1727   115.1852169
          1728   115.2187448
          1729   115.2522641
          1730   115.2857834
          1731   115.3192917
          1732   115.3527918
          1733   115.3862918
          1734   115.4197806
          1735   115.4532614
          1736   115.4867423
          1737   115.5202116
          1738   115.5536732
          1739   115.5871349
          1740   115.6205848
          1741   115.6540273
          1742   115.6874698
          1743   115.7209003
          1744   115.7543236
          1745    115.787747
          1746   115.8211582
          1747   115.8545624
          1748   115.8879667
          1749   115.9213587
          1750   115.9547438
          1751   115.9881289
          1752   116.0215017
          1753   116.0548678
          1754   116.0882338
          1755   116.1215875
          1756   116.1549345
          1757   116.1882815
          1758   116.2216162
          1759   116.2549441
          1760   116.2882721
          1761   116.3215878
          1762   116.3548967
          1763   116.3882057
          1764   116.4215024
          1765   116.4547924
          1766   116.4880823
          1767   116.5213601
          1768   116.5546312
          1769   116.5879022
          1770   116.6211612
          1771   116.6544132
          1772   116.6876653
          1773   116.7209055
          1774   116.7541387
          1775   116.7873719
          1776   116.8205933
          1777   116.8538076
          1778   116.8870219
          1779   116.9202247
          1780   116.9534201
          1781   116.9866156
          1782   117.0197997
          1783   117.0529763
          1784   117.0861529
          1785   117.1193185
          1786   117.1524763
          1787   117.1856341
          1788   117.2187812
          1789   117.2519202
          1790   117.2850591
          1791   117.3181878
          1792    117.351308
          1793   117.3844282
          1794   117.4175385
          1795   117.4506399
          1796   117.4837414
          1797   117.5168333
          1798   117.5499161
          1799   117.5829988
          1800   117.6160725
          1801   117.6491365
          1802   117.6822005
          1803   117.7152559
          1804   117.7483013
          1805   117.7813466
          1806   117.8143839
          1807   117.8474106
          1808   117.8804373
          1809   117.9134564
          1810   117.9464645
          1811   117.9794725
          1812   118.0124736
          1813    118.045463
          1814   118.0784525
          1815   118.1114355
          1816   118.1444064
          1817   118.1773773
          1818   118.2103424
          1819   118.2432947
          1820    118.276247
          1821   118.3091941
          1822   118.3421279
          1823   118.3750617
          1824    118.407991
          1825   118.4409062
          1826   118.4738215
          1827    118.506733
          1828   118.5396298
          1829   118.5725265
          1830   118.6054203
          1831   118.6382986
          1832   118.6711769
          1833   118.7040529
          1834   118.7369127
          1835   118.7697726
          1836    118.802631
          1837   118.8354724
          1838   118.8683138
          1839   118.9011546
          1840   118.9339777
          1841   118.9668007
          1842   118.9996237
          1843   119.0324286
          1844   119.0652332
          1845   119.0980379
          1846   119.1308253
          1847   119.1636116
          1848   119.1963979
          1849   119.2291678
          1850   119.2619358
          1851   119.2947037
          1852   119.3274564
          1853    119.360206
          1854   119.3929556
          1855   119.4256909
          1856   119.4584223
          1857   119.4911537
          1858   119.5238717
          1859   119.5565848
          1860   119.5892979
          1861   119.6219987
          1862   119.6546935
          1863   119.6873884
          1864   119.7200721
          1865   119.7527487
          1866   119.7854253
          1867   119.8180919
          1868   119.8507503
          1869   119.8834087
          1870   119.9160582
          1871   119.9486985
          1872   119.9813387
          1873   120.0139712
          1874   120.0465933
          1875   120.0792154
          1876   120.1118309
          1877   120.1444349
          1878   120.1770388
          1879   120.2096375
          1880   120.2422233
          1881   120.2748092
          1882   120.3073909
          1883   120.3399587
          1884   120.3725265
          1885   120.4050914
          1886   120.4376411
          1887   120.4701908
          1888    120.502739
          1889   120.5352707
          1890   120.5678023
          1891   120.6003338
          1892   120.6328475
          1893   120.6653611
          1894   120.6978747
          1895   120.7303716
          1896   120.7628672
          1897   120.7953628
          1898   120.8278431
          1899   120.8603207
          1900   120.8927984
          1901   120.9252621
          1902   120.9577218
          1903   120.9901815
          1904   121.0226287
          1905   121.0550705
          1906   121.0875123
          1907    121.119943
          1908   121.1523669
          1909   121.1847908
          1910   121.2172051
          1911   121.2496111
          1912   121.2820171
          1913   121.3144151
          1914   121.3468032
          1915   121.3791913
          1916   121.4115731
          1917   121.4439433
          1918   121.4763136
          1919   121.5086791
          1920   121.5410315
          1921    121.573384
          1922   121.6057332
          1923   121.6380679
          1924   121.6704025
          1925   121.7027357
          1926   121.7350525
          1927   121.7673694
          1928   121.7996862
          1929   121.8319855
          1930   121.8642846
          1931   121.8965837
          1932   121.9288669
          1933   121.9611483
          1934   121.9934297
          1935   122.0256969
          1936   122.0579606
          1937   122.0902242
          1938   122.1224755
          1939   122.1547215
          1940   122.1869674
          1941   122.2192029
          1942   122.2514312
          1943   122.2836594
          1944    122.315879
          1945   122.3480896
          1946   122.3803003
          1947   122.4125041
          1948   122.4446971
          1949   122.4768901
          1950   122.5090781
          1951   122.5412535
          1952   122.5734289
          1953   122.6056012
          1954    122.637759
          1955   122.6699168
          1956   122.7020735
          1957   122.7342137
          1958    122.766354
          1959   122.7984942
          1960   122.8306178
          1961   122.8627405
          1962   122.8948632
          1963   122.9269711
          1964   122.9590763
          1965   122.9911815
          1966    123.023274
          1967   123.0553616
          1968   123.0874493
          1969   123.1195263
          1970   123.1515965
          1971   123.1836667
          1972   123.2157284
          1973   123.2477811
          1974   123.2798338
          1975   123.3118801
          1976   123.3439154
          1977   123.3759507
          1978   123.4079817
          1979   123.4399995
          1980   123.4720174
          1981   123.5040331
          1982   123.5360336
          1983   123.5680341
          1984   123.6000345
          1985   123.6320177
          1986   123.6640008
          1987   123.6959839
          1988   123.7279518
          1989   123.7599176
          1990   123.7918833
          1991   123.8238362
          1992   123.8557846
          1993    123.887733
          1994   123.9196708
          1995   123.9516019
          1996    123.983533
          1997   124.0154557
          1998   124.0473696
          1999   124.0792834
          2000   124.1111912
          2001   124.1430877
          2002   124.1749843
          2003   124.2068771
          2004   124.2387564
          2005   124.2706357
          2006   124.3025137
          2007   124.3343757
          2008   124.3662378
          2009   124.3980999
          2010   124.4299458
          2011   124.4617906
          2012   124.4936355
          2013   124.5254666
          2014   124.5572943
          2015    124.589122
          2016   124.6209384
          2017   124.6527489
          2018   124.6845594
          2019   124.7163611
          2020   124.7481545
          2021   124.7799479
          2022   124.8117349
          2023   124.8435111
          2024   124.8752874
          2025   124.9070598
          2026    124.938819
          2027   124.9705781
          2028    125.002336
          2029   125.0340781
          2030   125.0658201
          2031   125.0975622
          2032   125.1292885
          2033   125.1610135
          2034   125.1927385
          2035   125.2244503
          2036   125.2561583
          2037   125.2878663
          2038   125.3195637
          2039   125.3512546
          2040   125.3829456
          2041   125.4146286
          2042   125.4463026
          2043   125.4779765
          2044   125.5096453
          2045   125.5413022
          2046   125.5729592
          2047   125.6046136
          2048   125.6362536
          2049   125.6678936
          2050   125.6995336
          2051   125.7311569
          2052     125.76278
          2053    125.794403
          2054   125.8260121
          2055   125.8576183
          2056   125.8892244
          2057   125.9208194
          2058   125.9524086
          2059   125.9839978
          2060   126.0155787
          2061   126.0471511
          2062   126.0787234
          2063   126.1102903
          2064   126.1418458
          2065   126.1734013
          2066   126.2049541
          2067   126.2364928
          2068   126.2680314
          2069   126.2995701
          2070   126.3310921
          2071    126.362614
          2072   126.3941358
          2073   126.4256439
          2074    126.457149
          2075    126.488654
          2076   126.5201483
          2077   126.5516366
          2078   126.5831248
          2079   126.6146053
          2080   126.6460768
          2081   126.6775483
          2082    126.709015
          2083   126.7404697
          2084   126.7719245
          2085   126.8033775
          2086   126.8348155
          2087   126.8662535
          2088   126.8976916
          2089   126.9291141
          2090   126.9605355
          2091   126.9919568
          2092   127.0233658
          2093   127.0547704
          2094   127.0861751
          2095   127.1175704
          2096   127.1489584
          2097   127.1803464
          2098   127.2117282
          2099   127.2430996
          2100   127.2744709
          2101   127.3058392
          2102   127.3371939
          2103   127.3685487
          2104   127.3999034
          2105   127.4312416
          2106   127.4625798
          2107   127.4939179
          2108   127.5252427
          2109   127.5565642
          2110   127.5878858
          2111   127.6191972
          2112   127.6505022
          2113   127.6818072
          2114   127.7131053
          2115   127.7443938
          2116   127.7756822
          2117    127.806967
          2118    127.838239
          2119   127.8695109
          2120   127.9007824
          2121   127.9320379
          2122   127.9632933
          2123   127.9945488
          2124   128.0257906
          2125   128.0570296
          2126   128.0882685
          2127   128.1194972
          2128   128.1507197
          2129   128.1819422
          2130   128.2131578
          2131   128.2443638
          2132   128.2755699
          2133   128.3067724
          2134    128.337962
          2135   128.3691516
          2136   128.4003411
          2137   128.4315143
          2138   128.4626875
          2139   128.4938608
          2140   128.5250208
          2141   128.5561777
          2142   128.5873345
          2143   128.6184817
          2144   128.6496222
          2145   128.6807626
          2146   128.7118969
          2147    128.743021
          2148   128.7741451
          2149   128.8052665
          2150   128.8363743
          2151   128.8674821
          2152     128.89859
          2153   128.9296822
          2154   128.9607737
          2155   128.9918652
          2156   129.0229447
          2157   129.0540199
          2158   129.0850951
          2159   129.1161619
          2160   129.1472208
          2161   129.1782798
          2162   129.2093338
          2163   129.2403765
          2164   129.2714192
          2165   129.3024607
          2166   129.3334871
          2167   129.3645136
          2168   129.3955401
          2169   129.4265527
          2170   129.4575629
          2171   129.4885732
          2172   129.5195732
          2173   129.5505673
          2174   129.5815614
          2175   129.6125489
          2176   129.6435268
          2177   129.6745047
          2178   129.7054797
          2179   129.7364415
          2180   129.7674032
          2181    129.798365
          2182   129.8293114
          2183   129.8602571
          2184   129.8912027
          2185   129.9221367
          2186   129.9530662
          2187   129.9839957
          2188   130.0149175
          2189   130.0458309
          2190   130.0767443
          2191   130.1076537
          2192    130.138551
          2193   130.1694483
          2194   130.2003455
          2195   130.2312268
          2196    130.262108
          2197   130.2929893
          2198   130.3238582
          2199   130.3547234
          2200   130.3855886
          2201   130.4164453
          2202   130.4472945
          2203   130.4781437
          2204   130.5089883
          2205   130.5398215
          2206   130.5706547
          2207   130.6014871
          2208   130.6323043
          2209   130.6631216
          2210   130.6939388
          2211   130.7247432
          2212   130.7555444
          2213   130.7863457
          2214   130.8171381
          2215   130.8479234
          2216   130.8787087
          2217   130.9094891
          2218   130.9402585
          2219   130.9710279
          2220   131.0017964
          2221   131.0325498
          2222   131.0633033
          2223   131.0940568
          2224   131.1247975
          2225   131.1555351
          2226   131.1862727
          2227   131.2170015
          2228   131.2477232
          2229   131.2784449
          2230   131.3091619
          2231   131.3398678
          2232   131.3705737
          2233   131.4012789
          2234   131.4319689
          2235   131.4626589
          2236    131.493349
          2237   131.5240266
          2238   131.5547008
          2239   131.5853751
          2240    131.616041
          2241   131.6466995
          2242   131.6773579
          2243   131.7080122
          2244   131.7386548
          2245   131.7692975
          2246   131.7999401
          2247   131.8305671
          2248    131.861194
          2249   131.8918208
          2250   131.9224362
          2251   131.9530473
          2252   131.9836585
          2253   132.0142623
          2254   132.0448577
          2255   132.0754532
          2256   132.1060455
          2257   132.1366252
          2258   132.1672049
          2259   132.1977847
          2260   132.2283498
          2261   132.2589139
          2262   132.2894779
          2263   132.3200317
          2264   132.3505801
          2265   132.3811284
          2266   132.4116708
          2267   132.4422035
          2268   132.4727363
          2269   132.5032673
          2270   132.5337844
          2271   132.5643015
          2272   132.5948186
          2273   132.6253227
          2274   132.6558242
          2275   132.6863257
          2276   132.7168186
          2277   132.7473044
          2278   132.7777903
          2279    132.808272
          2280   132.8387423
          2281   132.8692126
          2282   132.8996829
          2283   132.9301378
          2284   132.9605926
          2285   132.9910473
          2286   133.0214911
          2287   133.0519303
          2288   133.0823695
          2289   133.1128022
          2290   133.1432259
          2291   133.1736496
          2292   133.2040712
          2293   133.2344794
          2294   133.2648876
          2295   133.2952958
          2296   133.3256909
          2297   133.3560836
          2298   133.3864763
          2299   133.4168604
          2300   133.4472376
          2301   133.4776148
          2302    133.507988
          2303   133.5383498
          2304   133.5687116
          2305   133.5990734
          2306   133.6294202
          2307   133.6597665
          2308   133.6901129
          2309   133.7204488
          2310   133.7507798
          2311   133.7811107
          2312   133.8114358
          2313   133.8417514
          2314   133.8720669
          2315   133.9023813
          2316   133.9326814
          2317   133.9629816
          2318   133.9932818
          2319     134.02357
          2320   134.0538548
          2321   134.0841396
          2322   134.1144171
          2323   134.1446865
          2324    134.174956
          2325   134.2052228
          2326   134.2354769
          2327   134.2657311
          2328   134.2959852
          2329   134.3262261
          2330   134.3564649
          2331   134.3867037
          2332    134.416934
          2333   134.4471575
          2334   134.4773811
          2335   134.5076008
          2336    134.537809
          2337   134.5680173
          2338   134.5982256
          2339   134.6284195
          2340   134.6586125
          2341   134.6888055
          2342    134.718989
          2343   134.7491667
          2344   134.7793445
          2345   134.8095175
          2346     134.83968
          2347   134.8698426
          2348   134.9000052
          2349   134.9301525
          2350   134.9602999
          2351   134.9904472
          2352   135.0205842
          2353   135.0507164
          2354   135.0808486
          2355   135.1109752
          2356   135.1410922
          2357   135.1712093
          2358   135.2013256
          2359   135.2314275
          2360   135.2615293
          2361   135.2916312
          2362   135.3217221
          2363   135.3518088
          2364   135.3818956
          2365   135.4119763
          2366   135.4420479
          2367   135.4721195
          2368     135.50219
          2369   135.5322466
          2370   135.5623031
          2371   135.5923596
          2372   135.6224049
          2373   135.6524463
          2374   135.6824878
          2375   135.7125229
          2376   135.7425493
          2377   135.7725757
          2378   135.8026008
          2379   135.8326121
          2380   135.8626234
          2381   135.8926348
          2382   135.9226348
          2383   135.9526311
          2384   135.9826274
          2385   136.0126174
          2386   136.0425987
          2387     136.07258
          2388     136.10256
          2389   136.1325263
          2390   136.1624926
          2391    136.192459
          2392   136.2224141
          2393   136.2523654
          2394   136.2823167
          2395   136.3122619
          2396   136.3421983
          2397   136.3721347
          2398     136.40207
          2399   136.4319915
          2400   136.4619129
          2401   136.4918343
          2402   136.5217449
          2403   136.5516514
          2404    136.581558
          2405   136.6114588
          2406   136.6413504
          2407    136.671242
          2408    136.701133
          2409   136.7310097
          2410   136.7608864
          2411   136.7907632
          2412   136.8206296
          2413   136.8504915
          2414   136.8803533
          2415   136.9102101
          2416   136.9400571
          2417    136.969904
          2418    136.999751
          2419   137.0295833
          2420   137.0594155
          2421   137.0892476
          2422   137.1190703
          2423   137.1488876
          2424    137.178705
          2425   137.2085181
          2426   137.2383206
          2427   137.2681231
          2428   137.2979256
          2429   137.3277144
          2430   137.3575022
          2431   137.3872899
          2432   137.4170692
          2433   137.4468421
          2434   137.4766151
          2435   137.5063849
          2436   137.5361431
          2437   137.5659014
          2438   137.5956596
          2439   137.6254052
          2440   137.6551487
          2441   137.6848922
          2442   137.7146284
          2443   137.7443572
          2444   137.7740859
          2445   137.8038128
          2446   137.8335269
          2447   137.8632409
          2448    137.892955
          2449   137.9226578
          2450   137.9523572
          2451   137.9820566
          2452   138.0117502
          2453   138.0414349
          2454   138.0711196
          2455   138.1008039
          2456   138.1304739
          2457    138.160144
          2458    138.189814
          2459   138.2194745
          2460   138.2491299
          2461   138.2787853
          2462   138.3084366
          2463   138.3380773
          2464   138.3677181
          2465   138.3973589
          2466   138.4269864
          2467   138.4566126
          2468   138.4862388
          2469   138.5158572
          2470   138.5454688
          2471   138.5750804
          2472   138.6046897
          2473   138.6342868
          2474   138.6638838
          2475   138.6934809
          2476   138.7230665
          2477    138.752649
          2478   138.7822315
          2479   138.8118082
          2480   138.8413762
          2481   138.8709441
          2482   138.9005118
          2483   138.9300652
          2484   138.9596187
          2485   138.9891721
          2486   139.0187163
          2487   139.0482553
          2488   139.0777942
          2489   139.1073295
          2490    139.136854
          2491   139.1663784
          2492   139.1959029
          2493   139.2254148
          2494   139.2549248
          2495   139.2844348
          2496   139.3139379
          2497   139.3434335
          2498    139.372929
          2499   139.4024233
          2500   139.4319044
          2501   139.4613855
          2502   139.4908665
          2503   139.5203377
          2504   139.5498043
          2505    139.579271
          2506   139.6087334
          2507   139.6381856
          2508   139.6676379
          2509   139.6970902
          2510   139.7265294
          2511   139.7559673
          2512   139.7854052
          2513   139.8148358
          2514   139.8442593
          2515   139.8736828
          2516   139.9031048
          2517   139.9325139
          2518   139.9619231
          2519   139.9913322
          2520   140.0207312
          2521    140.050126
          2522   140.0795208
          2523   140.1089113
          2524   140.1382918
          2525   140.1676723
          2526   140.1970527
          2527   140.2264203
          2528   140.2557865
          2529   140.2851527
          2530   140.3145118
          2531   140.3438637
          2532   140.3732156
          2533   140.4025662
          2534   140.4319038
          2535   140.4612414
          2536    140.490579
          2537   140.5199069
          2538   140.5492303
          2539   140.5785536
          2540   140.6078732
          2541   140.6371823
          2542   140.6664914
          2543   140.6958005
          2544   140.7250974
          2545   140.7543923
          2546   140.7836872
          2547   140.8129757
          2548   140.8422564
          2549   140.8715371
          2550   140.9008174
          2551   140.9300838
          2552   140.9593503
          2553   140.9886168
          2554   141.0178746
          2555   141.0471269
          2556   141.0763792
          2557   141.1056288
          2558   141.1348669
          2559    141.164105
          2560   141.1933432
          2561   141.2225704
          2562   141.2517944
          2563   141.2810184
          2564   141.3102374
          2565   141.3394473
          2566   141.3686571
          2567    141.397867
          2568   141.4270638
          2569   141.4562595
          2570   141.4854552
          2571   141.5146439
          2572   141.5438256
          2573   141.5730072
          2574   141.6021878
          2575   141.6313554
          2576   141.6605229
          2577   141.6896905
          2578    141.718849
          2579   141.7480025
          2580    141.777156
          2581   141.8063064
          2582   141.8354459
          2583   141.8645853
          2584   141.8937248
          2585   141.9228532
          2586   141.9519786
          2587    141.981104
          2588   142.0102245
          2589   142.0393359
          2590   142.0684473
          2591   142.0975587
          2592   142.1266573
          2593   142.1557546
          2594    142.184852
          2595   142.2139427
          2596   142.2430261
          2597   142.2721095
          2598   142.3011923
          2599   142.3302618
          2600   142.3593312
          2601   142.3884006
          2602   142.4174617
          2603   142.4465171
          2604   142.4755726
          2605   142.5046259
          2606   142.5336674
          2607   142.5627089
          2608   142.5917505
          2609    142.620782
          2610   142.6498096
          2611   142.6788372
          2612   142.7078611
          2613   142.7368748
          2614   142.7658885
          2615   142.7949022
          2616   142.8239044
          2617   142.8529042
          2618    142.881904
          2619   142.9108986
          2620   142.9398845
          2621   142.9688705
          2622   142.9978564
          2623   143.0268295
          2624   143.0558015
          2625   143.0847736
          2626   143.1137391
          2627   143.1426973
          2628   143.1716555
          2629   143.2006134
          2630   143.2295578
          2631   143.2585022
          2632   143.2874466
          2633   143.3163832
          2634   143.3453137
          2635   143.3742443
          2636   143.4031733
          2637   143.4320901
          2638   143.4610069
          2639   143.4899236
          2640   143.5188314
          2641   143.5477344
          2642   143.5766374
          2643   143.6055377
          2644   143.6344269
          2645   143.6633161
          2646   143.6922053
          2647   143.7210845
          2648     143.74996
          2649   143.7788354
          2650   143.8077072
          2651   143.8365689
          2652   143.8654306
          2653   143.8942924
          2654   143.9231431
          2655   143.9519911
          2656    143.980839
          2657   144.0096824
          2658   144.0385167
          2659    144.067351
          2660   144.0961853
          2661   144.1250077
          2662   144.1538283
          2663   144.1826489
          2664    144.211464
          2665   144.2402709
          2666   144.2690778
          2667   144.2978847
          2668    144.326679
          2669   144.3554722
          2670   144.3842655
          2671   144.4130525
          2672   144.4418321
          2673   144.4706117
          2674   144.4993913
          2675   144.5281576
          2676   144.5569236
          2677   144.5856895
          2678   144.6144487
          2679    144.643201
          2680   144.6719534
          2681   144.7007054
          2682   144.7294441
          2683   144.7581829
          2684   144.7869216
          2685    144.815653
          2686   144.8443781
          2687   144.8731033
          2688   144.9018276
          2689   144.9305392
          2690   144.9592507
          2691   144.9879623
          2692    145.016666
          2693   145.0453641
          2694   145.0740621
          2695   145.1027588
          2696   145.1314433
          2697   145.1601278
          2698   145.1888123
          2699   145.2174885
          2700   145.2461595
          2701   145.2748305
          2702   145.3034998
          2703   145.3321572
          2704   145.3608147
          2705   145.3894721
          2706    145.418121
          2707    145.446765
          2708   145.4754089
          2709    145.504051
          2710   145.5326815
          2711   145.5613119
          2712   145.5899424
          2713   145.6185641
          2714   145.6471811
          2715   145.6757981
          2716   145.7044131
          2717   145.7330166
          2718   145.7616202
          2719   145.7902237
          2720   145.8188184
          2721   145.8474085
          2722   145.8759986
          2723   145.9045866
          2724   145.9331633
          2725     145.96174
          2726   145.9903167
          2727   146.0188845
          2728   146.0474478
          2729   146.0760111
          2730   146.1045722
          2731   146.1331221
          2732    146.161672
          2733   146.1902219
          2734    146.218763
          2735   146.2472995
          2736    146.275836
          2737   146.3043705
          2738   146.3328936
          2739   146.3614168
          2740   146.3899399
          2741   146.4184544
          2742   146.4469642
          2743    146.475474
          2744    146.503982
          2745   146.5324784
          2746   146.5609749
          2747   146.5894714
          2748   146.6179594
          2749   146.6464426
          2750   146.6749257
          2751   146.7034073
          2752   146.7318771
          2753    146.760347
          2754   146.7888168
          2755   146.8172786
          2756   146.8457352
          2757   146.8741917
          2758    146.902647
          2759   146.9310903
          2760   146.9595336
          2761   146.9879769
          2762   147.0164125
          2763   147.0448425
          2764   147.0732725
          2765   147.1017018
          2766   147.1301185
          2767   147.1585353
          2768   147.1869521
          2769   147.2153617
          2770   147.2437653
          2771   147.2721688
          2772   147.3005721
          2773   147.3289624
          2774   147.3573527
          2775    147.385743
          2776   147.4141268
          2777   147.4425039
          2778   147.4708811
          2779   147.4992582
          2780   147.5276225
          2781   147.5559864
          2782   147.5843503
          2783   147.6127084
          2784   147.6410591
          2785   147.6694099
          2786   147.6977607
          2787   147.7260993
          2788   147.7544369
          2789   147.7827745
          2790    147.811107
          2791   147.8394314
          2792   147.8677559
          2793   147.8960803
          2794   147.9243935
          2795   147.9527048
          2796   147.9810162
          2797   148.0093232
          2798   148.0376214
          2799   148.0659196
          2800   148.0942178
          2801   148.1225056
          2802   148.1507907
          2803   148.1790758
          2804   148.2073575
          2805   148.2356296
          2806   148.2639016
          2807   148.2921736
          2808   148.3204362
          2809   148.3486952
          2810   148.3769541
          2811   148.4052107
          2812   148.4334566
          2813   148.4617025
          2814   148.4899484
          2815   148.5181859
          2816   148.5464187
          2817   148.5746516
          2818   148.6028831
          2819   148.6311029
          2820   148.6593228
          2821   148.6875426
          2822   148.7157551
          2823    148.743962
          2824   148.7721688
          2825   148.8003754
          2826   148.8285692
          2827    148.856763
          2828   148.8849568
          2829   148.9131446
          2830   148.9413254
          2831   148.9695062
          2832   148.9976871
          2833    149.025856
          2834   149.0540238
          2835   149.0821917
          2836   149.1103548
          2837   149.1385097
          2838   149.1666646
          2839   149.1948195
          2840   149.2229638
          2841   149.2511057
          2842   149.2792477
          2843   149.3073862
          2844   149.3355153
          2845   149.3636443
          2846   149.3917733
          2847   149.4198932
          2848   149.4480093
          2849   149.4761254
          2850   149.5042396
          2851   149.5323428
          2852    149.560446
          2853   149.5885492
          2854   149.6166447
          2855    149.644735
          2856   149.6728254
          2857   149.7009153
          2858   149.7289927
          2859   149.7570701
          2860   149.7851476
          2861    149.813219
          2862   149.8412836
          2863   149.8693481
          2864   149.8974127
          2865   149.9254656
          2866   149.9535174
          2867   149.9815691
          2868   150.0096165
          2869   150.0376554
          2870   150.0656943
          2871   150.0937332
          2872   150.1217621
          2873   150.1497882
          2874   150.1778143
          2875   150.2058377
          2876    150.233851
          2877   150.2618643
          2878   150.2898776
          2879   150.3178827
          2880   150.3458832
          2881   150.3738837
          2882   150.4018833
          2883   150.4298711
          2884   150.4578588
          2885   150.4858465
          2886   150.5138279
          2887   150.5418029
          2888   150.5697778
          2889   150.5977528
          2890    150.625716
          2891   150.6536782
          2892   150.6816405
          2893   150.7095983
          2894   150.7375478
          2895   150.7654972
          2896   150.7934467
          2897   150.8213865
          2898   150.8493232
          2899     150.87726
          2900   150.9051944
          2901   150.9331184
          2902   150.9610425
          2903   150.9889665
          2904   151.0168829
          2905   151.0447943
          2906   151.0727056
          2907   151.1006167
          2908   151.1285154
          2909    151.156414
          2910   151.1843127
          2911   151.2122059
          2912   151.2400919
          2913   151.2679779
          2914   151.2958639
          2915   151.3237391
          2916   151.3516125
          2917   151.3794859
          2918   151.4073559
          2919   151.4352166
          2920   151.4630774
          2921   151.4909381
          2922   151.5187903
          2923   151.5466384
          2924   151.5744865
          2925   151.6023335
          2926    151.630169
          2927   151.6580045
          2928     151.68584
          2929   151.7136693
          2930   151.7414922
          2931   151.7693151
          2932    151.797138
          2933   151.8249496
          2934   151.8527599
          2935   151.8805702
          2936   151.9083768
          2937   151.9361745
          2938   151.9639722
          2939     151.99177
          2940   152.0195589
          2941   152.0473441
          2942   152.0751293
          2943   152.1029131
          2944   152.1306858
          2945   152.1584584
          2946   152.1862311
          2947   152.2139974
          2948   152.2417575
          2949   152.2695176
          2950   152.2972778
          2951   152.3250266
          2952   152.3527742
          2953   152.3805218
          2954   152.4082657
          2955   152.4360008
          2956   152.4637359
          2957    152.491471
          2958   152.5191974
          2959     152.54692
          2960   152.5746426
          2961   152.6023642
          2962   152.6300743
          2963   152.6577845
          2964   152.6854946
          2965   152.7131988
          2966   152.7408965
          2967   152.7685941
          2968   152.7962918
          2969   152.8239787
          2970   152.8516639
          2971   152.8793492
          2972   152.9070312
          2973    152.934704
          2974   152.9623768
          2975   152.9900496
          2976   153.0177145
          2977   153.0453748
          2978   153.0730352
          2979   153.1006953
          2980   153.1283432
          2981   153.1559912
          2982   153.1836392
          2983   153.2112821
          2984   153.2389176
          2985   153.2665532
          2986   153.2941888
          2987   153.3218146
          2988   153.3494378
          2989    153.377061
          2990   153.4046821
          2991   153.4322929
          2992   153.4599037
          2993   153.4875145
          2994   153.5151186
          2995   153.5427171
          2996   153.5703155
          2997    153.597914
          2998   153.6255011
          2999   153.6530872
          3000   153.6806733
          3001   153.7082557
          3002   153.7358296
          3003   153.7634034
          3004   153.7909772
          3005   153.8185427
          3006   153.8461042
          3007   153.8736656
          3008   153.9012266
          3009   153.9287758
          3010   153.9563249
          3011   153.9838741
          3012   154.0114182
          3013   154.0389551
          3014    154.066492
          3015   154.0940289
          3016   154.1215562
          3017   154.1490808
          3018   154.1766054
          3019   154.2041282
          3020   154.2316406
          3021   154.2591529
          3022   154.2866653
          3023   154.3141714
          3024   154.3416715
          3025   154.3691716
          3026   154.3966717
          3027    154.424161
          3028   154.4516489
          3029   154.4791368
          3030   154.5066217
          3031   154.5340974
          3032    154.561573
          3033   154.5890487
          3034    154.616517
          3035   154.6439805
          3036   154.6714439
          3037   154.6989073
          3038   154.7263591
          3039   154.7538103
          3040   154.7812616
          3041    154.808709
          3042    154.836148
          3043   154.8635871
          3044   154.8910262
          3045    154.918457
          3046   154.9458839
          3047   154.9733108
          3048   155.0007374
          3049   155.0281521
          3050   155.0555669
          3051   155.0829816
          3052   155.1103917
          3053   155.1377943
          3054   155.1651969
          3055   155.1925995
          3056   155.2199933
          3057   155.2473837
          3058   155.2747742
          3059   155.3021637
          3060    155.329542
          3061   155.3569204
          3062   155.3842987
          3063   155.4116719
          3064   155.4390382
          3065   155.4664044
          3066   155.4937706
          3067   155.5211275
          3068   155.5484817
          3069   155.5758358
          3070   155.6031886
          3071   155.6305306
          3072   155.6578727
          3073   155.6852148
          3074   155.7125513
          3075   155.7398813
          3076   155.7672113
          3077   155.7945413
          3078   155.8218617
          3079   155.8491796
          3080   155.8764976
          3081   155.9038138
          3082   155.9311197
          3083   155.9584257
          3084   155.9857316
          3085   156.0130317
          3086   156.0403256
          3087   156.0676195
          3088   156.0949134
          3089   156.1221975
          3090   156.1494793
          3091   156.1767612
          3092   156.2040413
          3093   156.2313111
          3094    156.258581
          3095   156.2858509
          3096    156.313115
          3097   156.3403728
          3098   156.3676307
          3099   156.3948886
          3100   156.4221367
          3101   156.4493826
          3102   156.4766285
          3103   156.5038727
          3104   156.5311066
          3105   156.5583406
          3106   156.5855745
          3107   156.6128028
          3108   156.6400248
          3109   156.6672468
          3110   156.6944688
          3111   156.7216812
          3112   156.7488913
          3113   156.7761013
          3114   156.8033099
          3115    156.830508
          3116   156.8577061
          3117   156.8849043
          3118   156.9120971
          3119   156.9392833
          3120   156.9664695
          3121   156.9936557
          3122   157.0208328
          3123   157.0480071
          3124   157.0751814
          3125   157.1023546
          3126    157.129517
          3127   157.1566795
          3128   157.1838419
          3129   157.2109995
          3130     157.23815
          3131   157.2653006
          3132   157.2924511
          3133   157.3195931
          3134   157.3467317
          3135   157.3738704
          3136   157.4010086
          3137   157.4281355
          3138   157.4552623
          3139   157.4823891
          3140   157.5095118
          3141   157.5366268
          3142   157.5637418
          3143   157.5908568
          3144   157.6179639
          3145   157.6450671
          3146   157.6721702
          3147   157.6992734
          3148   157.7263651
          3149   157.7534564
          3150   157.7805478
          3151   157.8076358
          3152   157.8347153
          3153   157.8617949
          3154   157.8888744
          3155    157.915947
          3156   157.9430148
          3157   157.9700826
          3158   157.9971503
          3159   158.0242075
          3160   158.0512635
          3161   158.0783195
          3162   158.1053732
          3163   158.1324174
          3164   158.1594616
          3165   158.1865058
          3166   158.2135442
          3167   158.2405767
          3168   158.2676091
          3169   158.2946416
          3170   158.3216647
          3171   158.3486854
          3172   158.3757061
          3173   158.4027257
          3174   158.4297347
          3175   158.4567437
          3176   158.4837527
          3177   158.5107571
          3178   158.5377543
          3179   158.5647516
          3180   158.5917489
          3181   158.6187381
          3182   158.6457237
          3183   158.6727093
          3184   158.6996949
          3185   158.7266689
          3186   158.7536428
          3187   158.7806168
          3188   158.8075874
          3189   158.8345496
          3190   158.8615118
          3191   158.8884741
          3192   158.9154296
          3193   158.9423802
          3194   158.9693308
          3195   158.9962813
          3196   159.0232218
          3197   159.0501608
          3198   159.0770997
          3199   159.1040368
          3200   159.1309641
          3201   159.1578914
          3202   159.1848187
          3203   159.2117409
          3204   159.2386565
          3205   159.2655722
          3206   159.2924878
          3207   159.3193951
          3208   159.3462991
          3209   159.3732032
          3210   159.4001072
          3211   159.4269996
          3212    159.453892
          3213   159.4807845
          3214   159.5076736
          3215   159.5345544
          3216   159.5614353
          3217   159.5883161
          3218   159.6151904
          3219   159.6420597
          3220   159.6689289
          3221   159.6957982
          3222   159.7226577
          3223   159.7495154
          3224   159.7763731
          3225   159.8032294
          3226   159.8300755
          3227   159.8569217
          3228   159.8837678
          3229   159.9106094
          3230    159.937444
          3231   159.9642786
          3232   159.9911132
          3233   160.0179401
          3234   160.0447632
          3235   160.0715862
          3236   160.0984093
          3237   160.1252215
          3238   160.1520331
          3239   160.1788446
          3240   160.2056538
          3241   160.2324538
          3242   160.2592539
          3243   160.2860539
          3244   160.3128485
          3245    160.339637
          3246   160.3664256
          3247   160.3932141
          3248   160.4199941
          3249   160.4467712
          3250   160.4735483
          3251   160.5003252
          3252   160.5270908
          3253   160.5538564
          3254    160.580622
          3255   160.6073844
          3256   160.6341386
          3257   160.6608927
          3258   160.6876469
          3259   160.7143949
          3260   160.7411376
          3261   160.7678803
          3262    160.794623
          3263   160.8213565
          3264   160.8480878
          3265   160.8748191
          3266   160.9015497
          3267   160.9282695
          3268   160.9549894
          3269   160.9817092
          3270   161.0084255
          3271   161.0351339
          3272   161.0618423
          3273   161.0885508
          3274   161.1152527
          3275   161.1419497
          3276   161.1686468
          3277   161.1953438
          3278   161.2220315
          3279   161.2487171
          3280   161.2754028
          3281   161.3020875
          3282   161.3287618
          3283   161.3554361
          3284   161.3821104
          3285   161.4087809
          3286   161.4354438
          3287   161.4621067
          3288   161.4887697
          3289    161.515426
          3290   161.5420776
          3291   161.5687291
          3292   161.5953807
          3293   161.6220229
          3294   161.6486631
          3295   161.6753034
          3296   161.7019428
          3297   161.7285717
          3298   161.7552006
          3299   161.7818295
          3300   161.8084548
          3301   161.8350724
          3302     161.86169
          3303   161.8883076
          3304   161.9149188
          3305   161.9415251
          3306   161.9681314
          3307   161.9947377
          3308   162.0213349
          3309   162.0479299
          3310   162.0745249
          3311   162.1011194
          3312   162.1277031
          3313   162.1542868
          3314   162.1808706
          3315   162.2074511
          3316   162.2340236
          3317    162.260596
          3318   162.2871685
          3319   162.3137351
          3320   162.3402963
          3321   162.3668575
          3322   162.3934187
          3323   162.4199714
          3324   162.4465214
          3325   162.4730713
          3326   162.4996213
          3327   162.5261601
          3328   162.5526988
          3329   162.5792376
          3330   162.6057738
          3331   162.6323013
          3332   162.6588288
          3333   162.6853563
          3334   162.7118788
          3335   162.7383951
          3336   162.7649114
          3337   162.7914277
          3338   162.8179364
          3339   162.8444415
          3340   162.8709465
          3341   162.8974516
          3342   162.9239466
          3343   162.9504405
          3344   162.9769344
          3345   163.0034269
          3346   163.0299096
          3347   163.0563923
          3348   163.0828751
          3349   163.1093539
          3350   163.1358254
          3351    163.162297
          3352   163.1887686
          3353   163.2152337
          3354   163.2416941
          3355   163.2681545
          3356   163.2946149
          3357   163.3210665
          3358   163.3475158
          3359    163.373965
          3360   163.4004141
          3361   163.4268523
          3362   163.4532904
          3363   163.4797286
          3364   163.5061642
          3365   163.5325912
          3366   163.5590182
          3367   163.5854452
          3368   163.6118673
          3369   163.6382832
          3370   163.6646991
          3371   163.6911151
          3372   163.7175236
          3373   163.7439285
          3374   163.7703333
          3375   163.7967381
          3376   163.8231333
          3377    163.849527
          3378   163.8759208
          3379   163.9023136
          3380   163.9286962
          3381   163.9550789
          3382   163.9814616
          3383    164.007841
          3384   164.0342126
          3385   164.0605842
          3386   164.0869559
          3387   164.1133219
          3388   164.1396825
          3389   164.1660431
          3390   164.1924036
          3391   164.2187564
          3392   164.2451059
          3393   164.2714554
          3394    164.297805
          3395   164.3241444
          3396   164.3504829
          3397   164.3768214
          3398   164.4031586
          3399   164.4294861
          3400   164.4558136
          3401   164.4821411
          3402   164.5084651
          3403   164.5347816
          3404   164.5610981
          3405   164.5874146
          3406   164.6137254
          3407   164.6400309
          3408   164.6663364
          3409   164.6926419
          3410   164.7189395
          3411    164.745234
          3412   164.7715286
          3413   164.7978231
          3414   164.8241076
          3415   164.8503911
          3416   164.8766747
          3417    164.902957
          3418   164.9292296
          3419   164.9555022
          3420   164.9817748
          3421   165.0080441
          3422   165.0343057
          3423   165.0605674
          3424   165.0868291
          3425   165.1130853
          3426    165.139336
          3427   165.1655867
          3428   165.1918374
          3429   165.2180806
          3430   165.2443205
          3431   165.2705603
          3432   165.2968001
          3433   165.3230303
          3434   165.3492592
          3435   165.3754881
          3436   165.4017162
          3437   165.4279342
          3438   165.4541522
          3439   165.4803702
          3440   165.5065855
          3441   165.5327926
          3442   165.5589997
          3443   165.5852068
          3444   165.6114092
          3445   165.6376054
          3446   165.6638016
          3447   165.6899978
          3448   165.7161873
          3449   165.7423727
          3450   165.7685581
          3451   165.7947434
          3452   165.8209201
          3453   165.8470946
          3454   165.8732691
          3455   165.8994436
          3456   165.9256075
          3457   165.9517711
          3458   165.9779348
          3459   166.0040968
          3460   166.0302496
          3461   166.0564024
          3462   166.0825552
          3463   166.1087045
          3464   166.1348465
          3465   166.1609885
          3466   166.1871305
          3467    166.213267
          3468   166.2393982
          3469   166.2655294
          3470   166.2916606
          3471   166.3177844
          3472   166.3439048
          3473   166.3700252
          3474   166.3961456
          3475   166.4222568
          3476   166.4483664
          3477    166.474476
          3478   166.5005853
          3479   166.5266842
          3480    166.552783
          3481   166.5788818
          3482   166.6049786
          3483   166.6310667
          3484   166.6571547
          3485   166.6832428
          3486    166.709327
          3487   166.7354043
          3488   166.7614816
          3489   166.7875589
          3490   166.8136306
          3491   166.8396971
          3492   166.8657637
          3493   166.8918303
          3494   166.9178894
          3495   166.9439453
          3496   166.9700011
          3497   166.9960569
          3498   167.0221036
          3499   167.0481487
          3500   167.0741938
          3501   167.1002388
          3502   167.1262732
          3503   167.1523076
          3504    167.178342
          3505   167.2043746
          3506   167.2303983
          3507    167.256422
          3508   167.2824457
          3509   167.3084659
          3510   167.3344789
          3511   167.3604919
          3512   167.3865049
          3513   167.4125127
          3514   167.4385151
          3515   167.4645174
          3516   167.4905197
          3517   167.5165153
          3518   167.5425069
          3519   167.5684986
          3520   167.5944902
          3521   167.6204735
          3522   167.6464545
          3523   167.6724355
          3524   167.6984165
          3525   167.7243874
          3526   167.7503578
          3527   167.7763281
          3528   167.8022976
          3529   167.8282573
          3530    167.854217
          3531   167.8801767
          3532   167.9061339
          3533    167.932083
          3534   167.9580321
          3535   167.9839812
          3536   168.0099262
          3537   168.0358647
          3538   168.0618031
          3539   168.0877416
          3540   168.1136745
          3541   168.1396024
          3542   168.1655302
          3543   168.1914581
          3544   168.2173789
          3545   168.2432962
          3546   168.2692135
          3547   168.2951307
          3548   168.3210394
          3549   168.3469461
          3550   168.3728528
          3551   168.3987595
          3552   168.4246562
          3553   168.4505523
          3554   168.4764484
          3555   168.5023436
          3556   168.5282292
          3557   168.5541147
          3558   168.5800003
          3559   168.6058835
          3560   168.6317585
          3561   168.6576335
          3562   168.6835085
          3563   168.7093797
          3564   168.7352442
          3565   168.7611087
          3566   168.7869732
          3567   168.8128324
          3568   168.8386864
          3569   168.8645403
          3570   168.8903943
          3571   168.9162416
          3572   168.9420851
          3573   168.9679285
          3574   168.9937719
          3575   169.0196074
          3576   169.0454403
          3577   169.0712733
          3578   169.0971062
          3579   169.1229298
          3580   169.1487522
          3581   169.1745747
          3582   169.2003969
          3583   169.2262089
          3584   169.2520208
          3585   169.2778328
          3586   169.3036433
          3587   169.3294447
          3588   169.3552462
          3589   169.3810477
          3590   169.4068464
          3591   169.4326374
          3592   169.4584284
          3593   169.4842194
          3594   169.5100064
          3595   169.5357869
          3596   169.5615675
          3597   169.5873481
          3598   169.6131233
          3599   169.6388934
          3600   169.6646635
          3601   169.6904336
          3602   169.7161972
          3603   169.7419569
          3604   169.7677166
          3605   169.7934763
          3606   169.8192282
          3607   169.8449774
          3608   169.8707267
          3609    169.896476
          3610   169.9222162
          3611   169.9479551
          3612   169.9736939
          3613   169.9994328
          3614   170.0251615
          3615   170.0508899
          3616   170.0766184
          3617   170.1023459
          3618   170.1280639
          3619    170.153782
          3620   170.1795001
          3621    170.205216
          3622   170.2309237
          3623   170.2566314
          3624   170.2823391
          3625   170.3080435
          3626   170.3337408
          3627   170.3594381
          3628   170.3851355
          3629   170.4108284
          3630   170.4365154
          3631   170.4622023
          3632   170.4878893
          3633   170.5135708
          3634   170.5392474
          3635    170.564924
          3636   170.5906006
          3637   170.6162706
          3638   170.6419369
          3639   170.6676032
          3640   170.6932695
          3641   170.7189281
          3642   170.7445841
          3643     170.77024
          3644   170.7958959
          3645   170.8215432
          3646   170.8471889
          3647   170.8728345
          3648   170.8984801
          3649    170.924116
          3650   170.9497514
          3651   170.9753867
          3652   171.0010216
          3653   171.0266466
          3654   171.0522717
          3655   171.0778967
          3656   171.1035203
          3657    171.129135
          3658   171.1547498
          3659   171.1803645
          3660   171.2059769
          3661   171.2315813
          3662   171.2571858
          3663   171.2827903
          3664   171.3083914
          3665   171.3339856
          3666   171.3595798
          3667    171.385174
          3668   171.4107639
          3669   171.4363478
          3670   171.4619318
          3671   171.4875157
          3672   171.5130944
          3673   171.5386681
          3674   171.5642418
          3675   171.5898155
          3676   171.6153831
          3677   171.6409465
          3678     171.66651
          3679   171.6920735
          3680   171.7176299
          3681   171.7431831
          3682   171.7687364
          3683   171.7942896
          3684    171.819835
          3685    171.845378
          3686    171.870921
          3687   171.8964641
          3688   171.9219983
          3689   171.9475311
          3690    171.973064
          3691   171.9985968
          3692     172.02412
          3693   172.0496426
          3694   172.0751653
          3695   172.1006876
          3696   172.1262001
          3697   172.1517125
          3698    172.177225
          3699   172.2027364
          3700   172.2282387
          3701   172.2537409
          3702   172.2792432
          3703   172.3047436
          3704   172.3302357
          3705   172.3557279
          3706     172.38122
          3707   172.4067094
          3708   172.4321914
          3709   172.4576734
          3710   172.4831554
          3711   172.5086339
          3712   172.5341057
          3713   172.5595775
          3714   172.5850494
          3715    172.610517
          3716   172.6359787
          3717   172.6614404
          3718   172.6869021
          3719   172.7123589
          3720   172.7378105
          3721   172.7632621
          3722   172.7887136
          3723   172.8141596
          3724   172.8396011
          3725   172.8650425
          3726    172.890484
          3727   172.9159191
          3728   172.9413505
          3729   172.9667819
          3730   172.9922132
          3731   173.0176376
          3732   173.0430589
          3733   173.0684801
          3734   173.0939014
          3735    173.119315
          3736   173.1447262
          3737   173.1701374
          3738   173.1955486
          3739   173.2209515
          3740   173.2463526
          3741   173.2717538
          3742   173.2971549
          3743   173.3225471
          3744   173.3479381
          3745   173.3733292
          3746   173.3987203
          3747   173.4241018
          3748   173.4494828
          3749   173.4748638
          3750   173.5002447
          3751   173.5256157
          3752   173.5509867
          3753   173.5763577
          3754   173.6017279
          3755   173.6270889
          3756   173.6524498
          3757   173.6778108
          3758   173.7031705
          3759   173.7285214
          3760   173.7538723
          3761   173.7792232
          3762   173.8045723
          3763   173.8299133
          3764   173.8552542
          3765   173.8805951
          3766   173.9059337
          3767   173.9312646
          3768   173.9565955
          3769   173.9819264
          3770   174.0072544
          3771   174.0325754
          3772   174.0578963
          3773   174.0832172
          3774   174.1085348
          3775   174.1338457
          3776   174.1591566
          3777   174.1844676
          3778   174.2097747
          3779   174.2350756
          3780   174.2603766
          3781   174.2856776
          3782   174.3109742
          3783   174.3362652
          3784   174.3615563
          3785   174.3868473
          3786   174.4121335
          3787   174.4374146
          3788   174.4626956
          3789   174.4879767
          3790   174.5132525
          3791   174.5385237
          3792   174.5637948
          3793   174.5890659
          3794   174.6143314
          3795   174.6395926
          3796   174.6648538
          3797   174.6901149
          3798   174.7153701
          3799   174.7406214
          3800   174.7658726
          3801   174.7911239
          3802   174.8163687
          3803   174.8416101
          3804   174.8668515
          3805   174.8920928
          3806   174.9173274
          3807   174.9425588
          3808   174.9677903
          3809   174.9930217
          3810    175.018246
          3811   175.0434676
          3812   175.0686892
          3813   175.0939107
          3814   175.1191248
          3815   175.1443365
          3816   175.1695482
          3817   175.1947599
          3818   175.2199637
          3819   175.2451655
          3820   175.2703673
          3821   175.2955692
          3822   175.3207628
          3823   175.3459548
          3824   175.3711467
          3825   175.3963387
          3826   175.4215222
          3827   175.4467043
          3828   175.4718864
          3829   175.4970685
          3830   175.5222419
          3831   175.5474142
          3832   175.5725864
          3833   175.5977587
          3834    175.622922
          3835   175.6480844
          3836   175.6732468
          3837   175.6984093
          3838   175.7235625
          3839   175.7487151
          3840   175.7738677
          3841   175.7990203
          3842   175.8241635
          3843   175.8493062
          3844    175.874449
          3845   175.8995918
          3846    175.924725
          3847   175.9498579
          3848   175.9749909
          3849   176.0001239
          3850   176.0252471
          3851   176.0503703
          3852   176.0754934
          3853   176.1006164
          3854   176.1257298
          3855   176.1508432
          3856   176.1759566
          3857   176.2010696
          3858   176.2261732
          3859   176.2512769
          3860   176.2763805
          3861   176.3014836
          3862   176.3265774
          3863   176.3516713
          3864   176.3767652
          3865   176.4018583
          3866   176.4269424
          3867   176.4520266
          3868   176.4771107
          3869   176.5021939
          3870   176.5272683
          3871   176.5523427
          3872    176.577417
          3873   176.6024904
          3874   176.6275551
          3875   176.6526197
          3876   176.6776843
          3877   176.7027479
          3878   176.7278028
          3879   176.7528577
          3880   176.7779126
          3881   176.8029664
          3882   176.8280116
          3883   176.8530568
          3884    176.878102
          3885   176.9031459
          3886   176.9281814
          3887   176.9532169
          3888   176.9782524
          3889   177.0032866
          3890   177.0283124
          3891   177.0533382
          3892    177.078364
          3893   177.1033884
          3894   177.1284045
          3895   177.1534206
          3896   177.1784367
          3897   177.2034515
          3898   177.2284579
          3899   177.2534644
          3900   177.2784708
          3901   177.3034759
          3902   177.3284726
          3903   177.3534694
          3904   177.3784661
          3905   177.4034615
          3906   177.4284486
          3907   177.4534357
          3908   177.4784228
          3909   177.5034086
          3910    177.528386
          3911   177.5533635
          3912   177.5783409
          3913   177.6033171
          3914   177.6282849
          3915   177.6532527
          3916   177.6782205
          3917   177.7031871
          3918   177.7281453
          3919   177.7531034
          3920   177.7780616
          3921   177.8030186
          3922   177.8279672
          3923   177.8529157
          3924   177.8778643
          3925   177.9028118
          3926   177.9277507
          3927   177.9526897
          3928   177.9776286
          3929   178.0025666
          3930   178.0274959
          3931   178.0524252
          3932   178.0773546
          3933    178.102283
          3934   178.1272028
          3935   178.1521225
          3936   178.1770423
          3937   178.2019613
          3938   178.2268715
          3939   178.2517816
          3940   178.2766918
          3941   178.3016013
          3942   178.3265019
          3943   178.3514025
          3944   178.3763031
          3945   178.4012032
          3946   178.4260943
          3947   178.4509853
          3948   178.4758763
          3949   178.5007671
          3950   178.5256485
          3951     178.55053
          3952   178.5754115
          3953   178.6002928
          3954   178.6251648
          3955   178.6500367
          3956   178.6749086
          3957   178.6997806
          3958    178.724643
          3959   178.7495054
          3960   178.7743678
          3961   178.7992302
          3962   178.8240834
          3963   178.8489362
          3964   178.8737891
          3965    178.898642
          3966   178.9234858
          3967   178.9483292
          3968   178.9731725
          3969   178.9980159
          3970   179.0228505
          3971   179.0476843
          3972   179.0725182
          3973    179.097352
          3974   179.1221774
          3975   179.1470017
          3976    179.171826
          3977   179.1966504
          3978   179.2214665
          3979   179.2462814
          3980   179.2710962
          3981   179.2959111
          3982    179.320718
          3983   179.3455234
          3984   179.3703287
          3985   179.3951341
          3986   179.4199319
          3987   179.4447278
          3988   179.4695237
          3989   179.4943196
          3990   179.5191082
          3991   179.5438946
          3992   179.5686811
          3993   179.5934675
          3994    179.618247
          3995    179.643024
          3996    179.667801
          3997   179.6925779
          3998   179.7173483
          3999   179.7421159
          4000   179.7668834
          4001    179.791651
          4002   179.8164122
          4003   179.8411704
          4004   179.8659285
          4005   179.8906866
          4006   179.9154388
          4007   179.9401875
          4008   179.9649362
          4009   179.9896849
          4010   180.0144281
          4011   180.0391673
          4012   180.0639066
          4013   180.0886459
          4014   180.1133801
          4015   180.1381099
          4016   180.1628398
          4017   180.1875696
          4018   180.2122948
          4019   180.2370153
          4020   180.2617358
          4021   180.2864562
          4022   180.3111725
          4023   180.3358835
          4024   180.3605946
          4025   180.3853057
          4026    180.410013
          4027   180.4347147
          4028   180.4594164
          4029   180.4841181
          4030   180.5088164
          4031   180.5335088
          4032   180.5582011
          4033   180.5828934
          4034   180.6075829
          4035   180.6322659
          4036   180.6569488
          4037   180.6816318
          4038   180.7063124
          4039    180.730986
          4040   180.7556596
          4041   180.7803332
          4042    180.805005
          4043   180.8296692
          4044   180.8543335
          4045   180.8789978
          4046   180.9036607
          4047   180.9283156
          4048   180.9529706
          4049   180.9776255
          4050   181.0022796
          4051   181.0269252
          4052   181.0515708
          4053   181.0762165
          4054   181.1008618
          4055   181.1254981
          4056   181.1501344
          4057   181.1747707
          4058    181.199407
          4059   181.2240342
          4060   181.2486612
          4061   181.2732882
          4062   181.2979152
          4063   181.3225337
          4064   181.3471514
          4065   181.3717691
          4066   181.3963868
          4067   181.4209966
          4068    181.445605
          4069   181.4702134
          4070   181.4948218
          4071   181.5194229
          4072   181.5440221
          4073   181.5686212
          4074   181.5932203
          4075   181.6178128
          4076   181.6424026
          4077   181.6669925
          4078   181.6915824
          4079   181.7161661
          4080   181.7407467
          4081   181.7653273
          4082   181.7899079
          4083   181.8144831
          4084   181.8390545
          4085   181.8636258
          4086   181.8881972
          4087   181.9127637
          4088   181.9373258
          4089   181.9618879
          4090   181.9864501
          4091    182.011008
          4092   182.0355609
          4093   182.0601138
          4094   182.0846667
          4095   182.1092161
          4096   182.1337597
          4097   182.1583034
          4098    182.182847
          4099   182.2073879
          4100   182.2319224
          4101   182.2564568
          4102   182.2809912
          4103   182.3055236
          4104   182.3300488
          4105   182.3545741
          4106   182.3790993
          4107   182.4036232
          4108   182.4281392
          4109   182.4526552
          4110   182.4771713
          4111   182.5016867
          4112   182.5261935
          4113   182.5507004
          4114   182.5752072
          4115    182.599714
          4116   182.6242118
          4117   182.6487095
          4118   182.6732071
          4119   182.6977048
          4120   182.7221942
          4121   182.7466826
          4122   182.7711711
          4123   182.7956596
          4124   182.8201406
          4125   182.8446199
          4126   182.8690992
          4127   182.8935786
          4128   182.9180512
          4129   182.9425213
          4130   182.9669915
          4131   182.9914617
          4132   183.0159259
          4133   183.0403869
          4134    183.064848
          4135    183.089309
          4136   183.1137649
          4137   183.1382168
          4138   183.1626687
          4139   183.1871206
          4140   183.2115682
          4141   183.2360109
          4142   183.2604537
          4143   183.2848965
          4144   183.3093358
          4145   183.3337694
          4146   183.3582031
          4147   183.3826367
          4148   183.4070677
          4149   183.4314923
          4150   183.4559168
          4151   183.4803414
          4152   183.5047641
          4153   183.5291796
          4154    183.553595
          4155   183.5780104
          4156    183.602425
          4157   183.6268313
          4158   183.6512377
          4159    183.675644
          4160   183.7000504
          4161   183.7244476
          4162   183.7488449
          4163   183.7732422
          4164   183.7976394
          4165   183.8220285
          4166   183.8464167
          4167   183.8708049
          4168   183.8951931
          4169    183.919574
          4170   183.9439531
          4171   183.9683322
          4172   183.9927114
          4173   184.0170841
          4174   184.0414542
          4175   184.0658243
          4176   184.0901944
          4177    184.114559
          4178     184.13892
          4179   184.1632811
          4180   184.1876421
          4181   184.2119987
          4182   184.2363506
          4183   184.2607026
          4184   184.2850546
          4185   184.3094031
          4186    184.333746
          4187    184.358089
          4188    184.382432
          4189   184.4067724
          4190   184.4311063
          4191   184.4554403
          4192   184.4797742
          4193   184.5041066
          4194   184.5284315
          4195   184.5527564
          4196   184.5770813
          4197   184.6014057
          4198   184.6257217
          4199   184.6500376
          4200   184.6743535
          4201   184.6986694
          4202   184.7229768
          4203   184.7472837
          4204   184.7715906
          4205   184.7958976
          4206    184.820197
          4207   184.8444949
          4208   184.8687929
          4209   184.8930908
          4210   184.9173823
          4211   184.9416712
          4212   184.9659602
          4213   184.9902491
          4214   185.0145327
          4215   185.0388127
          4216   185.0630927
          4217   185.0873727
          4218   185.1116483
          4219   185.1359194
          4220   185.1601904
          4221   185.1844614
          4222   185.2087292
          4223   185.2329913
          4224   185.2572533
          4225   185.2815154
          4226   185.3057753
          4227   185.3300285
          4228   185.3542816
          4229   185.3785347
          4230   185.4027868
          4231    185.427031
          4232   185.4512752
          4233   185.4755194
          4234   185.4997635
          4235   185.5239989
          4236   185.5482342
          4237   185.5724694
          4238   185.5967047
          4239   185.6209322
          4240   185.6451586
          4241   185.6693849
          4242   185.6936112
          4243    185.717831
          4244   185.7420485
          4245   185.7662659
          4246   185.7904833
          4247   185.8146954
          4248   185.8389039
          4249   185.8631124
          4250   185.8873209
          4251   185.9115252
          4252   185.9357249
          4253   185.9599245
          4254   185.9841241
          4255   186.0083207
          4256   186.0325115
          4257   186.0567022
          4258    186.080893
          4259   186.1050819
          4260   186.1292637
          4261   186.1534456
          4262   186.1776275
          4263   186.2018087
          4264   186.2259817
          4265   186.2501547
          4266   186.2743277
          4267   186.2985008
          4268   186.3226655
          4269   186.3468296
          4270   186.3709938
          4271   186.3951579
          4272    186.419315
          4273   186.4434703
          4274   186.4676256
          4275   186.4917809
          4276   186.5159303
          4277   186.5400768
          4278   186.5642233
          4279   186.5883697
          4280   186.6125116
          4281   186.6366492
          4282   186.6607868
          4283   186.6849245
          4284   186.7090588
          4285   186.7331876
          4286   186.7573164
          4287   186.7814452
          4288   186.8055719
          4289   186.8296919
          4290   186.8538119
          4291   186.8779319
          4292   186.9020511
          4293   186.9261623
          4294   186.9502735
          4295   186.9743846
          4296   186.9984958
          4297   187.0225987
          4298   187.0467011
          4299   187.0708035
          4300   187.0949059
          4301   187.1190013
          4302   187.1430949
          4303   187.1671885
          4304   187.1912821
          4305     187.21537
          4306   187.2394548
          4307   187.2635396
          4308   187.2876244
          4309    187.311705
          4310    187.335781
          4311    187.359857
          4312   187.3839331
          4313   187.4080062
          4314   187.4320734
          4315   187.4561407
          4316   187.4802079
          4317   187.5042736
          4318   187.5283321
          4319   187.5523906
          4320   187.5764491
          4321   187.6005075
          4322   187.6245572
          4323    187.648607
          4324   187.6726567
          4325   187.6967065
          4326   187.7207487
          4327   187.7447897
          4328   187.7688307
          4329   187.7928717
          4330   187.8169066
          4331   187.8409389
          4332   187.8649711
          4333   187.8890034
          4334   187.9130309
          4335   187.9370545
          4336   187.9610781
          4337   187.9851016
          4338   188.0091218
          4339   188.0331367
          4340   188.0571515
          4341   188.0811664
          4342   188.1051793
          4343   188.1291854
          4344   188.1531916
          4345   188.1771977
          4346   188.2012034
          4347   188.2252008
          4348   188.2491982
          4349   188.2731957
          4350   188.2971931
          4351   188.3211829
          4352   188.3451716
          4353   188.3691603
          4354   188.3931491
          4355   188.4171316
          4356   188.4411117
          4357   188.4650917
          4358   188.4890718
          4359   188.5130471
          4360   188.5370185
          4361   188.5609898
          4362   188.5849612
          4363   188.6089294
          4364   188.6328921
          4365   188.6568548
          4366   188.6808175
          4367   188.7047785
          4368   188.7287325
          4369   188.7526866
          4370   188.7766407
          4371   188.8005945
          4372   188.8245399
          4373   188.8484853
          4374   188.8724307
          4375   188.8963761
          4376   188.9203142
          4377   188.9442509
          4378   188.9681877
          4379   188.9921244
          4380   189.0160554
          4381   189.0399835
          4382   189.0639117
          4383   189.0878398
          4384   189.1117637
          4385   189.1356832
          4386   189.1596027
          4387   189.1835222
          4388    189.207439
          4389   189.2313499
          4390   189.2552608
          4391   189.2791716
          4392   189.3030814
          4393   189.3269837
          4394    189.350886
          4395   189.3747882
          4396   189.3986905
          4397   189.4225847
          4398   189.4464783
          4399    189.470372
          4400   189.4942657
          4401   189.5181528
          4402   189.5420379
          4403    189.565923
          4404    189.589808
          4405   189.6136882
          4406   189.6375647
          4407   189.6614412
          4408   189.6853177
          4409   189.7091909
          4410   189.7330588
          4411   189.7569267
          4412   189.7807946
          4413   189.8046609
          4414   189.8285202
          4415   189.8523796
          4416   189.8762389
          4417   189.9000982
          4418    189.923949
          4419   189.9477998
          4420   189.9716506
          4421   189.9955014
          4422   190.0193452
          4423   190.0431874
          4424   190.0670297
          4425   190.0908719
          4426   190.1147089
          4427   190.1385426
          4428   190.1623762
          4429   190.1862099
          4430     190.21004
          4431   190.2338652
          4432   190.2576903
          4433   190.2815155
          4434   190.3053387
          4435   190.3291554
          4436    190.352972
          4437   190.3767886
          4438    190.400605
          4439   190.4244131
          4440   190.4482212
          4441   190.4720293
          4442   190.4958374
          4443   190.5196385
          4444   190.5434381
          4445   190.5672377
          4446   190.5910373
          4447   190.6148316
          4448   190.6386227
          4449   190.6624137
          4450   190.6862048
          4451   190.7099923
          4452   190.7337749
          4453   190.7575575
          4454   190.7813401
          4455   190.8051209
          4456    190.828895
          4457   190.8526691
          4458   190.8764432
          4459   190.9002172
          4460   190.9239828
          4461   190.9477485
          4462   190.9715141
          4463   190.9952797
          4464   191.0190385
          4465   191.0427957
          4466   191.0665528
          4467     191.09031
          4468   191.1140621
          4469   191.1378108
          4470   191.1615595
          4471   191.1853082
          4472   191.2090536
          4473   191.2327939
          4474   191.2565341
          4475   191.2802743
          4476   191.3040131
          4477   191.3277449
          4478   191.3514767
          4479   191.3752085
          4480   191.3989402
          4481    191.422664
          4482   191.4463873
          4483   191.4701106
          4484    191.493834
          4485   191.5175511
          4486    191.541266
          4487   191.5649809
          4488   191.5886958
          4489   191.6124063
          4490   191.6361128
          4491   191.6598193
          4492   191.6835257
          4493   191.7072296
          4494   191.7309277
          4495   191.7546258
          4496   191.7783238
          4497   191.8020212
          4498   191.8257108
          4499   191.8494005
          4500   191.8730902
          4501   191.8967798
          4502   191.9204622
          4503   191.9441435
          4504   191.9678247
          4505    191.991506
          4506   192.0151818
          4507   192.0388547
          4508   192.0625276
          4509   192.0862004
          4510   192.1098698
          4511   192.1335343
          4512   192.1571988
          4513   192.1808632
          4514   192.2045261
          4515   192.2281822
          4516   192.2518383
          4517   192.2754944
          4518   192.2991505
          4519   192.3227985
          4520   192.3464463
          4521    192.370094
          4522   192.3937417
          4523   192.4173833
          4524   192.4410227
          4525    192.464662
          4526   192.4883014
          4527   192.5119366
          4528   192.5355676
          4529   192.5591986
          4530   192.5828296
          4531   192.6064583
          4532    192.630081
          4533   192.6537037
          4534   192.6773263
          4535   192.7009487
          4536    192.724563
          4537   192.7481773
          4538   192.7717917
          4539    192.795406
          4540   192.8190136
          4541   192.8426196
          4542   192.8662256
          4543   192.8898316
          4544   192.9134329
          4545   192.9370305
          4546   192.9606282
          4547   192.9842259
          4548   193.0078208
          4549   193.0314102
          4550   193.0549995
          4551   193.0785889
          4552   193.1021775
          4553   193.1257585
          4554   193.1493396
          4555   193.1729207
          4556   193.1965017
          4557   193.2200757
          4558   193.2436485
          4559   193.2672212
          4560    193.290794
          4561   193.3143617
          4562   193.3379261
          4563   193.3614906
          4564   193.3850551
          4565   193.4086165
          4566   193.4321727
          4567   193.4557289
          4568    193.479285
          4569   193.5028402
          4570   193.5263881
          4571    193.549936
          4572   193.5734839
          4573   193.5970318
          4574   193.6205725
          4575   193.6441121
          4576   193.6676518
          4577   193.6911914
          4578   193.7147259
          4579   193.7382573
          4580   193.7617886
          4581     193.78532
          4582   193.8088483
          4583   193.8323714
          4584   193.8558945
          4585   193.8794176
          4586   193.9029397
          4587   193.9264546
          4588   193.9499695
          4589   193.9734844
          4590   193.9969992
          4591   194.0205069
          4592   194.0440136
          4593   194.0675202
          4594   194.0910268
          4595   194.1145284
          4596   194.1380268
          4597   194.1615252
          4598   194.1850236
          4599    194.208519
          4600   194.2320092
          4601   194.2554994
          4602   194.2789896
          4603   194.3024789
          4604   194.3259609
          4605   194.3494429
          4606   194.3729248
          4607   194.3964068
          4608   194.4198818
          4609   194.4433556
          4610   194.4668294
          4611   194.4903031
          4612   194.5137721
          4613   194.5372376
          4614   194.5607032
          4615   194.5841688
          4616   194.6076317
          4617   194.6310891
          4618   194.6545464
          4619   194.6780038
          4620   194.7014607
          4621   194.7249099
          4622    194.748359
          4623   194.7718082
          4624   194.7952574
          4625   194.8187001
          4626   194.8421411
          4627   194.8655821
          4628   194.8890231
          4629   194.9124598
          4630   194.9358926
          4631   194.9593255
          4632   194.9827583
          4633    195.006189
          4634   195.0296137
          4635   195.0530384
          4636   195.0764631
          4637   195.0998878
          4638   195.1233043
          4639   195.1467209
          4640   195.1701374
          4641   195.1935539
          4642   195.2169645
          4643   195.2403729
          4644   195.2637813
          4645   195.2871897
          4646   195.3105944
          4647   195.3339946
          4648   195.3573949
          4649   195.3807951
          4650   195.4041939
          4651    195.427586
          4652   195.4509781
          4653   195.4743702
          4654   195.4977624
          4655   195.5211471
          4656   195.5445311
          4657   195.5679151
          4658   195.5912991
          4659    195.614678
          4660   195.6380539
          4661   195.6614297
          4662   195.6848056
          4663   195.7081787
          4664   195.7315464
          4665   195.7549142
          4666   195.7782819
          4667   195.8016491
          4668   195.8250088
          4669   195.8483685
          4670   195.8717281
          4671   195.8950878
          4672   195.9184411
          4673   195.9417926
          4674   195.9651442
          4675   195.9884958
          4676   196.0118433
          4677   196.0351867
          4678   196.0585302
          4679   196.0818737
          4680   196.1052154
          4681   196.1285508
          4682   196.1518862
          4683   196.1752216
          4684    196.198557
          4685   196.2218849
          4686   196.2452122
          4687   196.2685395
          4688   196.2918669
          4689   196.3151889
          4690   196.3385082
          4691   196.3618275
          4692   196.3851468
          4693   196.4084631
          4694   196.4317743
          4695   196.4550855
          4696   196.4783968
          4697   196.5017074
          4698   196.5250106
          4699   196.5483137
          4700   196.5716169
          4701   196.5949201
          4702   196.6182169
          4703   196.6415121
          4704   196.6648072
          4705   196.6881023
          4706   196.7113935
          4707   196.7346806
          4708   196.7579677
          4709   196.7812548
          4710   196.8045403
          4711   196.8278194
          4712   196.8510985
          4713   196.8743775
          4714   196.8976566
          4715   196.9209284
          4716   196.9441995
          4717   196.9674705
          4718   196.9907416
          4719   197.0140078
          4720   197.0372708
          4721   197.0605339
          4722   197.0837969
          4723   197.1070575
          4724   197.1303126
          4725   197.1535676
          4726   197.1768226
          4727   197.2000776
          4728   197.2233247
          4729   197.2465717
          4730   197.2698187
          4731   197.2930658
          4732   197.3163072
          4733   197.3395462
          4734   197.3627853
          4735   197.3860243
          4736   197.4092602
          4737   197.4324913
          4738   197.4557223
          4739   197.4789534
          4740   197.5021837
          4741   197.5254068
          4742   197.5486299
          4743    197.571853
          4744   197.5950761
          4745   197.6182929
          4746    197.641508
          4747   197.6647231
          4748   197.6879382
          4749   197.7111495
          4750   197.7343567
          4751   197.7575639
          4752    197.780771
          4753   197.8039768
          4754    197.827176
          4755   197.8503752
          4756   197.8735744
          4757   197.8967736
          4758    197.919966
          4759   197.9431573
          4760   197.9663485
          4761   197.9895398
          4762   198.0127267
          4763     198.03591
          4764   198.0590934
          4765   198.0822767
          4766   198.1054582
          4767   198.1286335
          4768   198.1518089
          4769   198.1749843
          4770   198.1981597
          4771   198.2213278
          4772   198.2444953
          4773   198.2676628
          4774   198.2908302
          4775   198.3139929
          4776   198.3371525
          4777    198.360312
          4778   198.3834716
          4779   198.4066289
          4780   198.4297805
          4781   198.4529322
          4782   198.4760838
          4783   198.4992355
          4784   198.5223795
          4785   198.5455232
          4786    198.568667
          4787   198.5918107
          4788   198.6149494
          4789   198.6380852
          4790   198.6612211
          4791   198.6843569
          4792   198.7074902
          4793   198.7306182
          4794   198.7537461
          4795   198.7768741
          4796   198.8000021
          4797   198.8231221
          4798   198.8462422
          4799   198.8693623
          4800   198.8924824
          4801   198.9155972
          4802   198.9387094
          4803   198.9618216
          4804   198.9849338
          4805   199.0080433
          4806   199.0311476
          4807    199.054252
          4808   199.0773563
          4809   199.1004605
          4810    199.123557
          4811   199.1466535
          4812   199.1697499
          4813   199.1928464
          4814   199.2159375
          4815   199.2390261
          4816   199.2621148
          4817   199.2852034
          4818   199.3082892
          4819     199.33137
          4820   199.3544508
          4821   199.3775316
          4822   199.4006122
          4823   199.4236851
          4824   199.4467581
          4825   199.4698311
          4826    199.492904
          4827   199.5159715
          4828   199.5390367
          4829   199.5621018
          4830   199.5851669
          4831   199.6082293
          4832   199.6312866
          4833   199.6543439
          4834   199.6774012
          4835   199.7004583
          4836   199.7235078
          4837   199.7465573
          4838   199.7696068
          4839   199.7926563
          4840   199.8157004
          4841   199.8387421
          4842   199.8617838
          4843   199.8848255
          4844   199.9078645
          4845   199.9308984
          4846   199.9539322
          4847   199.9769661
          4848           200
          4849   200.0230261
          4850   200.0460522
          4851   200.0690783
          4852   200.0921043
          4853   200.1151253
          4854   200.1381436
          4855   200.1611619
          4856   200.1841802
          4857   200.2071961
          4858   200.2302066
          4859   200.2532171
          4860   200.2762276
          4861   200.2992381
          4862   200.3222412
          4863   200.3452439
          4864   200.3682466
          4865   200.3912494
          4866   200.4142473
          4867   200.4372423
          4868   200.4602373
          4869   200.4832323
          4870   200.5062251
          4871   200.5292124
          4872   200.5521996
          4873   200.5751868
          4874    200.598174
          4875   200.6211541
          4876   200.6441336
          4877   200.6671131
          4878   200.6900925
          4879   200.7130676
          4880   200.7360393
          4881   200.7590111
          4882   200.7819828
          4883   200.8049528
          4884   200.8279168
          4885   200.8508808
          4886   200.8738448
          4887   200.8968088
          4888   200.9197661
          4889   200.9427224
          4890   200.9656787
          4891   200.9886349
          4892   201.0115873
          4893   201.0345358
          4894   201.0574844
          4895   201.0804329
          4896   201.1033803
          4897   201.1263211
          4898   201.1492619
          4899   201.1722028
          4900   201.1951436
          4901   201.2180783
          4902   201.2410114
          4903   201.2639446
          4904   201.2868777
          4905   201.3098075
          4906   201.3327329
          4907   201.3556583
          4908   201.3785837
          4909   201.4015086
          4910   201.4244263
          4911   201.4473441
          4912   201.4702618
          4913   201.4931795
          4914   201.5160918
          4915   201.5390018
          4916   201.5619119
          4917   201.5848219
          4918   201.6077293
          4919   201.6306317
          4920    201.653534
          4921   201.6764364
          4922   201.6993387
          4923   201.7222336
          4924   201.7451283
          4925   201.7680229
          4926   201.7909176
          4927   201.8138077
          4928   201.8366947
          4929   201.8595817
          4930   201.8824687
          4931   201.9053539
          4932   201.9282332
          4933   201.9511126
          4934   201.9739919
          4935   201.9968713
          4936    202.019744
          4937   202.0426157
          4938   202.0654874
          4939   202.0883591
          4940    202.111227
          4941   202.1340911
          4942   202.1569551
          4943   202.1798192
          4944   202.2026823
          4945   202.2255387
          4946   202.2483951
          4947   202.2712515
          4948   202.2941079
          4949   202.3169587
          4950   202.3398075
          4951   202.3626562
          4952    202.385505
          4953    202.408351
          4954   202.4311922
          4955   202.4540333
          4956   202.4768745
          4957   202.4997156
          4958   202.5225492
          4959   202.5453828
          4960   202.5682163
          4961   202.5910498
          4962   202.6138787
          4963   202.6367046
          4964   202.6595306
          4965   202.6823565
          4966   202.7051807
          4967    202.727999
          4968   202.7508173
          4969   202.7736356
          4970   202.7964539
          4971   202.8192658
          4972   202.8420765
          4973   202.8648873
          4974    202.887698
          4975   202.9105052
          4976   202.9333083
          4977   202.9561115
          4978   202.9789146
          4979   203.0017171
          4980   203.0245127
          4981   203.0473082
          4982   203.0701038
          4983   203.0928993
          4984   203.1156896
          4985   203.1384776
          4986   203.1612656
          4987   203.1840535
          4988   203.2068392
          4989   203.2296196
          4990      203.2524
          4991   203.2751804
          4992   203.2979608
          4993   203.3207343
          4994   203.3435071
          4995     203.36628
          4996   203.3890528
          4997   203.4118217
          4998    203.434587
          4999   203.4573523
          5000   203.4801175
          5001   203.5028819
          5002   203.5256396
          5003   203.5483973
          5004    203.571155
          5005   203.5939128
          5006    203.616665
          5007   203.6394151
          5008   203.6621653
          5009   203.6849155
          5010   203.7076631
          5011   203.7304058
          5012   203.7531484
          5013   203.7758911
          5014   203.7986337
          5015   203.8213693
          5016   203.8441044
          5017   203.8668395
          5018   203.8895746
          5019   203.9123057
          5020   203.9350333
          5021   203.9577609
          5022   203.9804885
          5023    204.003215
          5024   204.0259351
          5025   204.0486552
          5026   204.0713752
          5027   204.0940953
          5028   204.1168098
          5029   204.1395224
          5030    204.162235
          5031   204.1849475
          5032   204.2076576
          5033   204.2303626
          5034   204.2530677
          5035   204.2757728
          5036   204.2984778
          5037   204.3211759
          5038   204.3438735
          5039   204.3665711
          5040   204.3892686
          5041   204.4119623
          5042   204.4346523
          5043   204.4573424
          5044   204.4800325
          5045   204.5027217
          5046   204.5254043
          5047   204.5480869
          5048   204.5707695
          5049   204.5934521
          5050   204.6161294
          5051   204.6388045
          5052   204.6614796
          5053   204.6841547
          5054   204.7068276
          5055   204.7294953
          5056   204.7521629
          5057   204.7748306
          5058   204.7974982
          5059   204.8201593
          5060   204.8428195
          5061   204.8654797
          5062   204.8881399
          5063   204.9107965
          5064   204.9334492
          5065    204.956102
          5066   204.9787547
          5067    205.001407
          5068   205.0240523
          5069   205.0466976
          5070   205.0693429
          5071   205.0919882
          5072   205.1146286
          5073   205.1372665
          5074   205.1599043
          5075   205.1825422
          5076   205.2051783
          5077   205.2278087
          5078   205.2504392
          5079   205.2730696
          5080      205.2957
          5081   205.3183244
          5082   205.3409474
          5083   205.3635704
          5084   205.3861934
          5085   205.4088134
          5086    205.431429
          5087   205.4540446
          5088   205.4766601
          5089   205.4992757
          5090   205.5218841
          5091   205.5444922
          5092   205.5671004
          5093   205.5897085
          5094   205.6123127
          5095   205.6349134
          5096   205.6575141
          5097   205.6801149
          5098   205.7027147
          5099   205.7253081
          5100   205.7479014
          5101   205.7704947
          5102   205.7930881
          5103   205.8156763
          5104   205.8382622
          5105   205.8608482
          5106   205.8834341
          5107   205.9060181
          5108   205.9285967
          5109   205.9511752
          5110   205.9737538
          5111   205.9963323
          5112   206.0189047
          5113   206.0414759
          5114    206.064047
          5115   206.0866182
          5116   206.1091864
          5117   206.1317502
          5118    206.154314
          5119   206.1768778
          5120   206.1994416
          5121   206.2219982
          5122   206.2445546
          5123   206.2671111
          5124   206.2896675
          5125   206.3122199
          5126    206.334769
          5127   206.3573181
          5128   206.3798671
          5129   206.4024154
          5130   206.4249571
          5131   206.4474988
          5132   206.4700406
          5133   206.4925823
          5134   206.5151191
          5135   206.5376534
          5136   206.5601878
          5137   206.5827221
          5138   206.6052548
          5139   206.6277818
          5140   206.6503088
          5141   206.6728359
          5142   206.6953629
          5143   206.7178841
          5144   206.7404038
          5145   206.7629235
          5146   206.7854431
          5147   206.8079602
          5148   206.8304726
          5149   206.8529849
          5150   206.8754973
          5151   206.8980097
          5152   206.9205153
          5153   206.9430204
          5154   206.9655254
          5155   206.9880304
          5156   207.0105321
          5157   207.0330298
          5158   207.0555275
          5159   207.0780252
          5160   207.1005228
          5161   207.1230132
          5162   207.1455036
          5163    207.167994
          5164   207.1904844
          5165   207.2129706
          5166   207.2354537
          5167   207.2579368
          5168   207.2804199
          5169   207.3029021
          5170   207.3253779
          5171   207.3478537
          5172   207.3703295
          5173   207.3928053
          5174   207.4152762
          5175   207.4377447
          5176   207.4602132
          5177   207.4826817
          5178   207.5051486
          5179   207.5276098
          5180    207.550071
          5181   207.5725323
          5182   207.5949935
          5183   207.6174491
          5184   207.6399031
          5185    207.662357
          5186    207.684811
          5187   207.7072626
          5188   207.7297093
          5189    207.752156
          5190   207.7746026
          5191   207.7970493
          5192   207.8194897
          5193   207.8419291
          5194   207.8643686
          5195    207.886808
          5196   207.9092444
          5197   207.9316766
          5198   207.9541088
          5199   207.9765409
          5200   207.9989731
          5201   208.0213983
          5202   208.0438232
          5203   208.0662482
          5204   208.0886731
          5205   208.1110944
          5206   208.1335121
          5207   208.1559298
          5208   208.1783474
          5209   208.2007648
          5210   208.2231753
          5211   208.2455857
          5212   208.2679961
          5213   208.2904066
          5214   208.3128129
          5215   208.3352161
          5216   208.3576193
          5217   208.3800225
          5218   208.4024249
          5219   208.4248209
          5220   208.4472168
          5221   208.4696128
          5222   208.4920088
          5223   208.5144001
          5224   208.5367889
          5225   208.5591776
          5226   208.5815664
          5227   208.6039539
          5228   208.6263354
          5229    208.648717
          5230   208.6710985
          5231   208.6934801
          5232   208.7158565
          5233   208.7382308
          5234   208.7606052
          5235   208.7829795
          5236   208.8053521
          5237   208.8277193
          5238   208.8500864
          5239   208.8724536
          5240   208.8948207
          5241   208.9171823
          5242   208.9395422
          5243   208.9619022
          5244   208.9842621
          5245     209.00662
          5246   209.0289727
          5247   209.0513255
          5248   209.0736782
          5249    209.096031
          5250   209.1183778
          5251   209.1407234
          5252    209.163069
          5253   209.1854146
          5254   209.2077577
          5255   209.2300961
          5256   209.2524345
          5257   209.2747729
          5258   209.2971113
          5259   209.3194434
          5260   209.3417747
          5261   209.3641059
          5262   209.3864371
          5263   209.4087656
          5264   209.4310896
          5265   209.4534137
          5266   209.4757378
          5267   209.4980619
          5268   209.5203794
          5269   209.5426963
          5270   209.5650133
          5271   209.5873302
          5272    209.609644
          5273   209.6319538
          5274   209.6542635
          5275   209.6765733
          5276   209.6988831
          5277   209.7211861
          5278   209.7434887
          5279   209.7657913
          5280    209.788094
          5281   209.8103933
          5282   209.8326888
          5283   209.8549842
          5284   209.8772797
          5285   209.8995752
          5286   209.9218637
          5287   209.9441521
          5288   209.9664405
          5289   209.9887288
          5290   210.0110137
          5291   210.0332949
          5292   210.0555761
          5293   210.0778574
          5294   210.1001386
          5295   210.1224127
          5296   210.1446868
          5297   210.1669609
          5298   210.1892351
          5299   210.2115055
          5300   210.2337725
          5301   210.2560395
          5302   210.2783065
          5303   210.3005734
          5304   210.3228333
          5305   210.3450932
          5306   210.3673531
          5307    210.389613
          5308   210.4118691
          5309   210.4341219
          5310   210.4563747
          5311   210.4786275
          5312   210.5008801
          5313   210.5231258
          5314   210.5453715
          5315   210.5676172
          5316   210.5898629
          5317   210.6121048
          5318   210.6343434
          5319   210.6565821
          5320   210.6788207
          5321    210.701059
          5322   210.7232905
          5323   210.7455221
          5324   210.7677536
          5325   210.7899852
          5326   210.8122128
          5327   210.8344373
          5328   210.8566618
          5329   210.8788863
          5330   210.9011104
          5331   210.9233278
          5332   210.9455452
          5333   210.9677626
          5334     210.98998
          5335   211.0121936
          5336   211.0344039
          5337   211.0566143
          5338   211.0788246
          5339   211.1010346
          5340   211.1232379
          5341   211.1454412
          5342   211.1676445
          5343   211.1898478
          5344   211.2120473
          5345   211.2342435
          5346   211.2564398
          5347    211.278636
          5348    211.300832
          5349   211.3230212
          5350   211.3452104
          5351   211.3673996
          5352   211.3895888
          5353   211.4117743
          5354   211.4339565
          5355   211.4561386
          5356   211.4783208
          5357   211.5005028
          5358    211.522678
          5359   211.5448531
          5360   211.5670282
          5361   211.5892034
          5362   211.6113749
          5363    211.633543
          5364   211.6557111
          5365   211.6778793
          5366   211.7000474
          5367   211.7222085
          5368   211.7443696
          5369   211.7665307
          5370   211.7886918
          5371   211.8108494
          5372   211.8330035
          5373   211.8551576
          5374   211.8773117
          5375   211.8994658
          5376    211.921613
          5377   211.9437601
          5378   211.9659072
          5379   211.9880543
          5380   212.0101981
          5381   212.0323382
          5382   212.0544783
          5383   212.0766184
          5384   212.0987585
          5385   212.1208919
          5386    212.143025
          5387   212.1651581
          5388   212.1872912
          5389   212.2094213
          5390   212.2315474
          5391   212.2536735
          5392   212.2757996
          5393   212.2979257
          5394   212.3200455
          5395   212.3421646
          5396   212.3642838
          5397   212.3864029
          5398   212.4085193
          5399   212.4306315
          5400   212.4527436
          5401   212.4748558
          5402   212.4969679
          5403   212.5190741
          5404   212.5411792
          5405   212.5632844
          5406   212.5853896
          5407   212.6074924
          5408   212.6295906
          5409   212.6516889
          5410   212.6737871
          5411   212.6958853
          5412   212.7179778
          5413   212.7400691
          5414   212.7621604
          5415   212.7842516
          5416   212.8063409
          5417   212.8284252
          5418   212.8505095
          5419   212.8725938
          5420   212.8946782
          5421   212.9167572
          5422   212.9388346
          5423   212.9609119
          5424   212.9829893
          5425   213.0050651
          5426   213.0271355
          5427   213.0492059
          5428   213.0712764
          5429   213.0933468
          5430   213.1154124
          5431   213.1374759
          5432   213.1595394
          5433   213.1816029
          5434   213.2036652
          5435   213.2257218
          5436   213.2477784
          5437    213.269835
          5438   213.2918915
          5439   213.3139437
          5440   213.3359934
          5441    213.358043
          5442   213.3800927
          5443   213.4021417
          5444   213.4241844
          5445   213.4462272
          5446   213.4682699
          5447   213.4903127
          5448   213.5123515
          5449   213.5343874
          5450   213.5564232
          5451    213.578459
          5452   213.6004947
          5453   213.6225236
          5454   213.6445526
          5455   213.6665815
          5456   213.6886104
          5457    213.710636
          5458   213.7326581
          5459   213.7546801
          5460   213.7767021
          5461   213.7987242
          5462   213.8207397
          5463   213.8427549
          5464     213.86477
          5465   213.8867852
          5466   213.9087976
          5467   213.9308058
          5468   213.9528141
          5469   213.9748224
          5470   213.9968306
          5471    214.018833
          5472   214.0408344
          5473   214.0628358
          5474   214.0848372
          5475   214.1068364
          5476   214.1288309
          5477   214.1508255
          5478     214.17282
          5479   214.1948145
          5480   214.2168038
          5481   214.2387914
          5482   214.2607791
          5483   214.2827667
          5484   214.3047529
          5485   214.3267337
          5486   214.3487145
          5487   214.3706953
          5488    214.392676
          5489   214.4146523
          5490   214.4366262
          5491   214.4586001
          5492   214.4805741
          5493   214.5025472
          5494   214.5245143
          5495   214.5464814
          5496   214.5684485
          5497   214.5904156
          5498   214.6123788
          5499   214.6343391
          5500   214.6562993
          5501   214.6782596
          5502   214.7002198
          5503   214.7221732
          5504   214.7441266
          5505     214.76608
          5506   214.7880334
          5507   214.8099837
          5508   214.8319303
          5509   214.8538769
          5510   214.8758235
          5511   214.8977701
          5512   214.9197105
          5513   214.9416503
          5514     214.96359
          5515   214.9855298
          5516   215.0074672
          5517   215.0294002
          5518   215.0513331
          5519   215.0732661
          5520    215.095199
          5521   215.1171266
          5522   215.1390528
          5523   215.1609789
          5524    215.182905
          5525   215.2048297
          5526    215.226749
          5527   215.2486683
          5528   215.2705877
          5529    215.292507
          5530   215.3144218
          5531   215.3363344
          5532   215.3582469
          5533   215.3801594
          5534   215.4020713
          5535    215.423977
          5536   215.4458828
          5537   215.4677885
          5538   215.4896942
          5539   215.5115964
          5540   215.5334953
          5541   215.5553943
          5542   215.5772932
          5543   215.5991922
          5544   215.6210846
          5545   215.6429767
          5546   215.6648689
          5547   215.6867611
          5548   215.7086506
          5549   215.7305359
          5550   215.7524213
          5551   215.7743067
          5552   215.7961921
          5553   215.8180719
          5554   215.8399505
          5555   215.8618291
          5556   215.8837078
          5557   215.9055846
          5558   215.9274565
          5559   215.9493284
          5560   215.9712002
          5561   215.9930721
          5562   216.0149393
          5563   216.0368044
          5564   216.0586695
          5565   216.0805346
          5566   216.1023989
          5567   216.1242573
          5568   216.1461156
          5569    216.167974
          5570   216.1898323
          5571    216.211687
          5572   216.2335386
          5573   216.2553902
          5574   216.2772418
          5575   216.2990934
          5576   216.3209386
          5577   216.3427834
          5578   216.3646283
          5579   216.3864731
          5580   216.4083154
          5581   216.4301535
          5582   216.4519916
          5583   216.4738298
          5584   216.4956679
          5585   216.5175006
          5586    216.539332
          5587   216.5611634
          5588   216.5829948
          5589   216.6048247
          5590   216.6266494
          5591    216.648474
          5592   216.6702987
          5593   216.6921234
          5594   216.7139437
          5595   216.7357617
          5596   216.7575796
          5597   216.7793976
          5598   216.8012152
          5599   216.8230264
          5600   216.8448376
          5601   216.8666489
          5602   216.8884601
          5603   216.9102682
          5604   216.9320727
          5605   216.9538772
          5606   216.9756818
          5607   216.9974863
          5608   217.0192849
          5609   217.0410827
          5610   217.0628806
          5611   217.0846784
          5612   217.1064743
          5613   217.1282654
          5614   217.1500565
          5615   217.1718477
          5616   217.1936388
          5617   217.2154252
          5618   217.2372097
          5619   217.2589941
          5620   217.2807786
          5621   217.3025622
          5622     217.32434
          5623   217.3461178
          5624   217.3678955
          5625   217.3896733
          5626   217.4114475
          5627   217.4332186
          5628   217.4549897
          5629   217.4767608
          5630   217.4985319
          5631   217.5202968
          5632   217.5420612
          5633   217.5638256
          5634     217.58559
          5635   217.6073522
          5636   217.6291099
          5637   217.6508677
          5638   217.6726254
          5639   217.6943832
          5640    217.716136
          5641   217.7378871
          5642   217.7596382
          5643   217.7813893
          5644   217.8031394
          5645   217.8248839
          5646   217.8466283
          5647   217.8683727
          5648   217.8901172
          5649    217.911858
          5650   217.9335958
          5651   217.9553336
          5652   217.9770714
          5653   217.9988092
          5654   218.0205407
          5655   218.0422718
          5656    218.064003
          5657   218.0857341
          5658    218.107463
          5659   218.1291875
          5660    218.150912
          5661   218.1726365
          5662    218.194361
          5663   218.2160806
          5664   218.2377985
          5665   218.2595164
          5666   218.2812343
          5667   218.3029513
          5668   218.3246625
          5669   218.3463738
          5670    218.368085
          5671   218.3897963
          5672    218.411504
          5673   218.4332087
          5674   218.4549133
          5675   218.4766179
          5676   218.4983226
          5677   218.5200211
          5678   218.5417191
          5679   218.5634171
          5680   218.5851152
          5681   218.6068111
          5682   218.6285025
          5683   218.6501939
          5684   218.6718854
          5685   218.6935768
          5686   218.7152635
          5687   218.7369484
          5688   218.7586332
          5689    218.780318
          5690   218.8020022
          5691   218.8236804
          5692   218.8453586
          5693   218.8670368
          5694    218.888715
          5695   218.9103901
          5696   218.9320617
          5697   218.9537333
          5698    218.975405
          5699   218.9970766
          5700   219.0187425
          5701   219.0404076
          5702   219.0620726
          5703   219.0837376
          5704    219.105401
          5705   219.1270595
          5706   219.1487179
          5707   219.1703764
          5708   219.1920349
          5709   219.2136892
          5710   219.2353411
          5711   219.2569929
          5712   219.2786448
          5713   219.3002966
          5714   219.3219419
          5715   219.3435872
          5716   219.3652326
          5717   219.3868779
          5718   219.4085206
          5719   219.4301594
          5720   219.4517981
          5721   219.4734369
          5722   219.4950756
          5723   219.5167093
          5724   219.5383415
          5725   219.5599737
          5726   219.5816059
          5727   219.6032371
          5728   219.6248628
          5729   219.6464884
          5730    219.668114
          5731   219.6897397
          5732   219.7113619
          5733    219.732981
          5734   219.7546001
          5735   219.7762192
          5736   219.7978383
          5737   219.8194515
          5738   219.8410641
          5739   219.8626766
          5740   219.8842892
          5741      219.9059
          5742    219.927506
          5743    219.949112
          5744    219.970718
          5745    219.992324
          5746   220.0139259
          5747   220.0355254
          5748   220.0571249
          5749   220.0787243
          5750   220.1003237
          5751   220.1219167
          5752   220.1435097
          5753   220.1651027
          5754   220.1866956
          5755   220.2082861
          5756   220.2298725
          5757    220.251459
          5758   220.2730455
          5759   220.2946319
          5760   220.3162135
          5761   220.3377934
          5762   220.3593733
          5763   220.3809533
          5764   220.4025325
          5765   220.4241059
          5766   220.4456793
          5767   220.4672528
          5768   220.4888262
          5769   220.5103965
          5770   220.5319634
          5771   220.5535304
          5772   220.5750973
          5773   220.5966642
          5774   220.6182257
          5775   220.6397861
          5776   220.6613466
          5777    220.682907
          5778   220.7044661
          5779     220.72602
          5780    220.747574
          5781   220.7691279
          5782   220.7906819
          5783   220.8122321
          5784   220.8337796
          5785   220.8553271
          5786   220.8768745
          5787    220.898422
          5788   220.9199634
          5789   220.9415044
          5790   220.9630454
          5791   220.9845864
          5792   221.0061255
          5793     221.02766
          5794   221.0491946
          5795   221.0707291
          5796   221.0922636
          5797   221.1137939
          5798    221.135322
          5799     221.15685
          5800   221.1783781
          5801   221.1999061
          5802   221.2214277
          5803   221.2429493
          5804   221.2644709
          5805   221.2859925
          5806   221.3075118
          5807   221.3290269
          5808    221.350542
          5809   221.3720572
          5810   221.3935723
          5811   221.4150829
          5812   221.4365916
          5813   221.4581002
          5814   221.4796089
          5815   221.5011172
          5816   221.5226195
          5817   221.5441217
          5818   221.5656239
          5819   221.5871261
          5820   221.6086258
          5821   221.6301216
          5822   221.6516173
          5823   221.6731131
          5824   221.6946089
          5825   221.7160999
          5826   221.7375892
          5827   221.7590786
          5828   221.7805679
          5829   221.8020567
          5830   221.8235396
          5831   221.8450225
          5832   221.8665054
          5833   221.8879884
          5834   221.9094684
          5835   221.9309449
          5836   221.9524214
          5837   221.9738979
          5838   221.9953744
          5839   222.0168459
          5840    222.038316
          5841   222.0597861
          5842   222.0812561
          5843   222.1027254
          5844   222.1241891
          5845   222.1456527
          5846   222.1671164
          5847   222.1885801
          5848   222.2100407
          5849    222.231498
          5850   222.2529553
          5851   222.2744125
          5852   222.2958698
          5853   222.3173219
          5854   222.3387727
          5855   222.3602236
          5856   222.3816744
          5857   222.4031244
          5858   222.4245688
          5859   222.4460133
          5860   222.4674577
          5861   222.4889022
          5862   222.5103436
          5863   222.5317816
          5864   222.5532197
          5865   222.5746578
          5866   222.5960959
          5867   222.6175287
          5868   222.6389604
          5869   222.6603921
          5870   222.6818238
          5871   222.7032545
          5872   222.7246798
          5873   222.7461051
          5874   222.7675304
          5875   222.7889557
          5876   222.8103779
          5877   222.8317968
          5878   222.8532158
          5879   222.8746347
          5880   222.8960536
          5881   222.9174673
          5882   222.9388799
          5883   222.9602925
          5884    222.981705
          5885   223.0031167
          5886   223.0245228
          5887    223.045929
          5888   223.0673352
          5889   223.0887414
          5890   223.1101446
          5891   223.1315444
          5892   223.1529443
          5893   223.1743441
          5894    223.195744
          5895   223.2171387
          5896   223.2385322
          5897   223.2599257
          5898   223.2813192
          5899   223.3027118
          5900    223.324099
          5901   223.3454861
          5902   223.3668732
          5903   223.3882604
          5904   223.4096447
          5905   223.4310254
          5906   223.4524062
          5907    223.473787
          5908   223.4951678
          5909   223.5165437
          5910   223.5379182
          5911   223.5592926
          5912   223.5806671
          5913   223.6020409
          5914   223.6234091
          5915   223.6447772
          5916   223.6661453
          5917   223.6875134
          5918   223.7088789
          5919   223.7302407
          5920   223.7516025
          5921   223.7729643
          5922   223.7943261
          5923   223.8156833
          5924   223.8370388
          5925   223.8583942
          5926   223.8797497
          5927   223.9011049
          5928    223.922454
          5929   223.9438032
          5930   223.9651523
          5931   223.9865015
          5932   224.0078483
          5933   224.0291912
          5934   224.0505341
          5935   224.0718769
          5936   224.0932198
          5937   224.1145583
          5938   224.1358949
          5939   224.1572314
          5940   224.1785679
          5941   224.1999045
          5942   224.2212348
          5943    224.242565
          5944   224.2638953
          5945   224.2852255
          5946   224.3065538
          5947   224.3278778
          5948   224.3492017
          5949   224.3705257
          5950   224.3918496
          5951   224.4131697
          5952   224.4344874
          5953    224.455805
          5954   224.4771227
          5955   224.4984404
          5956   224.5197522
          5957   224.5410636
          5958    224.562375
          5959   224.5836863
          5960   224.6049963
          5961   224.6263014
          5962   224.6476065
          5963   224.6689116
          5964   224.6902167
          5965   224.7115184
          5966   224.7328172
          5967    224.754116
          5968   224.7754149
          5969   224.7967137
          5970   224.8180072
          5971   224.8392998
          5972   224.8605923
          5973   224.8818849
          5974   224.9031765
          5975   224.9244628
          5976   224.9457491
          5977   224.9670354
          5978   224.9883217
          5979   225.0096052
          5980   225.0308852
          5981   225.0521653
          5982   225.0734453
          5983   225.0947254
          5984   225.1160007
          5985   225.1372745
          5986   225.1585483
          5987   225.1798221
          5988   225.2010956
          5989   225.2223631
          5990   225.2436306
          5991   225.2648982
          5992   225.2861657
          5993   225.3074311
          5994   225.3286924
          5995   225.3499537
          5996    225.371215
          5997   225.3924763
          5998   225.4137336
          5999   225.4349886
          6000   225.4562437
          6001   225.4774988
          6002   225.4987538
          6003    225.520003
          6004   225.5412519
          6005   225.5625007
          6006   225.5837496
          6007   225.6049969
          6008   225.6262395
          6009   225.6474822
          6010   225.6687248
          6011   225.6899674
          6012   225.7112067
          6013   225.7324431
          6014   225.7536795
          6015   225.7749159
          6016   225.7961523
          6017   225.8173836
          6018   225.8386137
          6019   225.8598439
          6020   225.8810741
          6021   225.9023036
          6022   225.9235276
          6023   225.9447515
          6024   225.9659755
          6025   225.9871995
          6026    226.008421
          6027   226.0296387
          6028   226.0508565
          6029   226.0720742
          6030    226.093292
          6031   226.1145055
          6032   226.1357171
          6033   226.1569287
          6034   226.1781402
          6035   226.1993518
          6036   226.2205573
          6037   226.2417627
          6038   226.2629681
          6039   226.2841734
          6040   226.3053772
          6041   226.3265764
          6042   226.3477756
          6043   226.3689748
          6044    226.390174
          6045   226.4113698
          6046   226.4325628
          6047   226.4537558
          6048   226.4749488
          6049   226.4961418
          6050   226.5173297
          6051   226.5385166
          6052   226.5597034
          6053   226.5808902
          6054   226.6020764
          6055   226.6232571
          6056   226.6444377
          6057   226.6656183
          6058    226.686799
          6059   226.7079773
          6060   226.7291518
          6061   226.7503263
          6062   226.7715007
          6063   226.7926752
          6064   226.8138457
          6065    226.835014
          6066   226.8561823
          6067   226.8773506
          6068   226.8985189
          6069   226.9196815
          6070   226.9408436
          6071   226.9620058
          6072    226.983168
          6073   227.0043289
          6074   227.0254849
          6075   227.0466409
          6076   227.0677969
          6077   227.0889529
          6078   227.1101059
          6079   227.1312558
          6080   227.1524056
          6081   227.1735555
          6082   227.1947054
          6083   227.2158506
          6084   227.2369943
          6085    227.258138
          6086   227.2792817
          6087   227.3004253
          6088   227.3215629
          6089   227.3427005
          6090   227.3638381
          6091   227.3849756
          6092   227.4061114
          6093   227.4272429
          6094   227.4483743
          6095   227.4695058
          6096   227.4906372
          6097   227.5117653
          6098   227.5328906
          6099   227.5540159
          6100   227.5751412
          6101   227.5962665
          6102   227.6173868
          6103    227.638506
          6104   227.6596252
          6105   227.6807444
          6106    227.701863
          6107   227.7229761
          6108   227.7440892
          6109   227.7652023
          6110   227.7863154
          6111   227.8074263
          6112   227.8285333
          6113   227.8496402
          6114   227.8707472
          6115   227.8918542
          6116   227.9129574
          6117   227.9340582
          6118   227.9551591
          6119     227.97626
          6120   227.9973608
          6121   228.0184563
          6122   228.0395511
          6123   228.0606459
          6124   228.0817406
          6125   228.1028346
          6126   228.1239232
          6127   228.1450119
          6128   228.1661006
          6129   228.1871892
          6130   228.2082755
          6131   228.2293581
          6132   228.2504406
          6133   228.2715232
          6134   228.2926058
          6135   228.3136844
          6136   228.3347609
          6137   228.3558374
          6138   228.3769139
          6139   228.3979904
          6140   228.4190614
          6141   228.4401318
          6142   228.4612022
          6143   228.4822726
          6144    228.503342
          6145   228.5244063
          6146   228.5454707
          6147    228.566535
          6148   228.5875993
          6149   228.6086612
          6150   228.6297194
          6151   228.6507777
          6152    228.671836
          6153   228.6928942
          6154   228.7139485
          6155   228.7350007
          6156   228.7560528
          6157    228.777105
          6158   228.7981572
          6159   228.8192039
          6160     228.84025
          6161   228.8612962
          6162   228.8823423
          6163   228.9033875
          6164   228.9244275
          6165   228.9454676
          6166   228.9665077
          6167   228.9875478
          6168   229.0085854
          6169   229.0296194
          6170   229.0506534
          6171   229.0716875
          6172   229.0927215
          6173   229.1137516
          6174   229.1347796
          6175   229.1558075
          6176   229.1768355
          6177   229.1978635
          6178   229.2188861
          6179    229.239908
          6180     229.26093
          6181   229.2819519
          6182    229.302973
          6183   229.3239889
          6184   229.3450048
          6185   229.3660207
          6186   229.3870366
          6187   229.4080502
          6188   229.4290601
          6189     229.45007
          6190   229.4710798
          6191   229.4920897
          6192   229.5130958
          6193   229.5340997
          6194   229.5551035
          6195   229.5761074
          6196   229.5971112
          6197   229.6181099
          6198   229.6391077
          6199   229.6601056
          6200   229.6811034
          6201   229.7021006
          6202   229.7230924
          6203   229.7440843
          6204   229.7650761
          6205   229.7860679
          6206   229.8070577
          6207   229.8280435
          6208   229.8490293
          6209   229.8700151
          6210   229.8910009
          6211   229.9119833
          6212   229.9329631
          6213   229.9539429
          6214   229.9749227
          6215   229.9959025
          6216   230.0168775
          6217   230.0378513
          6218   230.0588251
          6219   230.0797989
          6220   230.1007725
          6221   230.1217403
          6222   230.1427081
          6223   230.1636759
          6224   230.1846437
          6225   230.2056099
          6226   230.2265717
          6227   230.2475335
          6228   230.2684953
          6229   230.2894571
          6230    230.310416
          6231   230.3313718
          6232   230.3523277
          6233   230.3732835
          6234   230.3942393
          6235   230.4151908
          6236   230.4361407
          6237   230.4570905
          6238   230.4780404
          6239   230.4989902
          6240   230.5199344
          6241   230.5408782
          6242   230.5618221
          6243    230.582766
          6244   230.6037088
          6245   230.6246467
          6246   230.6455846
          6247   230.6665225
          6248   230.6874604
          6249   230.7083959
          6250   230.7293279
          6251   230.7502598
          6252   230.7711918
          6253   230.7921237
          6254   230.8130519
          6255   230.8339779
          6256   230.8549039
          6257   230.8758299
          6258   230.8967558
          6259   230.9176768
          6260   230.9385968
          6261   230.9595168
          6262   230.9804369
          6263   231.0013565
          6264   231.0222706
          6265   231.0431846
          6266   231.0640987
          6267   231.0850128
          6268   231.1059252
          6269   231.1268333
          6270   231.1477414
          6271   231.1686496
          6272   231.1895577
          6273   231.2104628
          6274    231.231365
          6275   231.2522672
          6276   231.2731694
          6277   231.2940716
          6278   231.3149695
          6279   231.3358658
          6280    231.356762
          6281   231.3776583
          6282   231.3985545
          6283   231.4194452
          6284   231.4403356
          6285   231.4612259
          6286   231.4821162
          6287   231.5030057
          6288   231.5238901
          6289   231.5447745
          6290   231.5656589
          6291   231.5865432
          6292   231.6074255
          6293    231.628304
          6294   231.6491825
          6295    231.670061
          6296   231.6909394
          6297   231.7118146
          6298   231.7326871
          6299   231.7535597
          6300   231.7744322
          6301   231.7953048
          6302   231.8161728
          6303   231.8370394
          6304    231.857906
          6305   231.8787727
          6306   231.8996393
          6307   231.9205002
          6308   231.9413609
          6309   231.9622217
          6310   231.9830824
          6311    232.003942
          6312   232.0247969
          6313   232.0456517
          6314   232.0665065
          6315   232.0873614
          6316   232.1082139
          6317   232.1290628
          6318   232.1499118
          6319   232.1707607
          6320   232.1916097
          6321   232.2124551
          6322   232.2332981
          6323   232.2541412
          6324   232.2749842
          6325   232.2958273
          6326   232.3166656
          6327   232.3375028
          6328   232.3583399
          6329   232.3791771
          6330   232.4000143
          6331   232.4208455
          6332   232.4416768
          6333   232.4625081
          6334   232.4833394
          6335   232.5041695
          6336   232.5249949
          6337   232.5458203
          6338   232.5666457
          6339   232.5874711
          6340   232.6082942
          6341   232.6291137
          6342   232.6499332
          6343   232.6707528
          6344   232.6915723
          6345   232.7123883
          6346    232.733202
          6347   232.7540157
          6348   232.7748293
          6349    232.795643
          6350    232.816452
          6351   232.8372598
          6352   232.8580676
          6353   232.8788754
          6354   232.8996832
          6355   232.9204853
          6356   232.9412872
          6357   232.9620891
          6358   232.9828911
          6359    233.003692
          6360   233.0244881
          6361   233.0452842
          6362   233.0660803
          6363   233.0868763
          6364   233.1076703
          6365   233.1284605
          6366   233.1492508
          6367    233.170041
          6368   233.1908313
          6369   233.2116182
          6370   233.2324026
          6371    233.253187
          6372   233.2739714
          6373   233.2947558
          6374   233.3155359
          6375   233.3363144
          6376    233.357093
          6377   233.3778715
          6378   233.3986501
          6379   233.4194232
          6380   233.4401959
          6381   233.4609687
          6382   233.4817414
          6383   233.5025134
          6384   233.5232803
          6385   233.5440472
          6386   233.5648141
          6387    233.585581
          6388   233.6063461
          6389   233.6271072
          6390   233.6478683
          6391   233.6686293
          6392   233.6893904
          6393   233.7101487
          6394   233.7309039
          6395   233.7516592
          6396   233.7724144
          6397   233.7931697
          6398    233.813921
          6399   233.8346705
          6400   233.8554199
          6401   233.8761693
          6402   233.8969188
          6403   233.9176633
          6404   233.9384069
          6405   233.9591505
          6406   233.9798942
          6407   234.0006376
          6408   234.0213755
          6409   234.0421133
          6410   234.0628511
          6411   234.0835889
          6412   234.1043255
          6413   234.1250576
          6414   234.1457896
          6415   234.1665216
          6416   234.1872536
          6417   234.2079834
          6418   234.2287097
          6419   234.2494359
          6420   234.2701621
          6421   234.2908884
          6422   234.3116113
          6423   234.3323318
          6424   234.3530522
          6425   234.3737727
          6426   234.3944931
          6427   234.4152093
          6428    234.435924
          6429   234.4566386
          6430   234.4773533
          6431   234.4980679
          6432   234.5187773
          6433   234.5394862
          6434   234.5601951
          6435   234.5809039
          6436   234.6016124
          6437   234.6223155
          6438   234.6430186
          6439   234.6637217
          6440   234.6844248
          6441   234.7051264
          6442   234.7258237
          6443   234.7465211
          6444   234.7672184
          6445   234.7879157
          6446   234.8086106
          6447   234.8293022
          6448   234.8499938
          6449   234.8706853
          6450   234.8913769
          6451   234.9120651
          6452   234.9327509
          6453   234.9534367
          6454   234.9741225
          6455   234.9948083
          6456   235.0154897
          6457   235.0361698
          6458   235.0568498
          6459   235.0775299
          6460   235.0982099
          6461   235.1188847
          6462    235.139559
          6463   235.1602332
          6464   235.1809075
          6465   235.2015814
          6466   235.2222499
          6467   235.2429185
          6468    235.263587
          6469   235.2842555
          6470   235.3049227
          6471   235.3255855
          6472   235.3462483
          6473   235.3669111
          6474   235.3875739
          6475   235.4082344
          6476   235.4288914
          6477   235.4495485
          6478   235.4702055
          6479   235.4908626
          6480   235.5115165
          6481   235.5321678
          6482   235.5528191
          6483   235.5734704
          6484   235.5941217
          6485    235.614769
          6486   235.6354146
          6487   235.6560602
          6488   235.6767057
          6489   235.6973513
          6490   235.7179919
          6491   235.7386318
          6492   235.7592717
          6493   235.7799115
          6494   235.8005513
          6495   235.8211854
          6496   235.8418196
          6497   235.8624537
          6498   235.8830879
          6499    235.903721
          6500   235.9243494
          6501   235.9449778
          6502   235.9656063
          6503   235.9862347
          6504   236.0068612
          6505    236.027484
          6506   236.0481067
          6507   236.0687294
          6508   236.0893521
          6509   236.1099721
          6510   236.1305891
          6511   236.1512061
          6512   236.1718231
          6513   236.1924402
          6514   236.2130536
          6515   236.2336649
          6516   236.2542762
          6517   236.2748875
          6518   236.2954988
          6519   236.3161057
          6520   236.3367113
          6521   236.3573169
          6522   236.3779225
          6523   236.3985282
          6524   236.4191285
          6525   236.4397284
          6526   236.4603283
          6527   236.4809283
          6528   236.5015278
          6529    236.522122
          6530   236.5427163
          6531   236.5633105
          6532   236.5839047
          6533   236.6044977
          6534   236.6250863
          6535   236.6456748
          6536   236.6662634
          6537    236.686852
          6538   236.7074385
          6539   236.7280213
          6540   236.7486042
          6541   236.7691871
          6542     236.78977
          6543     236.81035
          6544   236.8309272
          6545   236.8515044
          6546   236.8720816
          6547   236.8926588
          6548   236.9132324
          6549   236.9338039
          6550   236.9543755
          6551    236.974947
          6552   236.9955185
          6553   237.0160856
          6554   237.0366515
          6555   237.0572174
          6556   237.0777833
          6557   237.0983491
          6558   237.1189098
          6559     237.13947
          6560   237.1600302
          6561   237.1805904
          6562   237.2011503
          6563   237.2217049
          6564   237.2422594
          6565    237.262814
          6566   237.2833686
          6567    237.303922
          6568    237.324471
          6569   237.3450199
          6570   237.3655688
          6571   237.3861177
          6572   237.4066648
          6573    237.427208
          6574   237.4477513
          6575   237.4682945
          6576   237.4888378
          6577   237.5093785
          6578   237.5299161
          6579   237.5504537
          6580   237.5709914
          6581    237.591529
          6582   237.6120633
          6583   237.6325953
          6584   237.6531273
          6585   237.6736592
          6586   237.6941912
          6587   237.7147192
          6588   237.7352455
          6589   237.7557719
          6590   237.7762982
          6591   237.7968246
          6592   237.8173462
          6593   237.8378669
          6594   237.8583876
          6595   237.8789084
          6596   237.8994291
          6597   237.9199443
          6598   237.9404594
          6599   237.9609745
          6600   237.9814896
          6601   238.0020042
          6602   238.0225137
          6603   238.0430232
          6604   238.0635327
          6605   238.0840421
          6606   238.1045504
          6607   238.1250542
          6608   238.1455581
          6609    238.166062
          6610   238.1865659
          6611   238.2070678
          6612   238.2275661
          6613   238.2480643
          6614   238.2685626
          6615   238.2890608
          6616   238.3095565
          6617   238.3300492
          6618   238.3505418
          6619   238.3710345
          6620   238.3915271
          6621   238.4120165
          6622   238.4325036
          6623   238.4529906
          6624   238.4734777
          6625   238.4939647
          6626   238.5144478
          6627   238.5349293
          6628   238.5554108
          6629   238.5758922
          6630   238.5963737
          6631   238.6168505
          6632   238.6373264
          6633   238.6578023
          6634   238.6782782
          6635    238.698754
          6636   238.7192247
          6637   238.7396949
          6638   238.7601652
          6639   238.7806355
          6640   238.8011055
          6641   238.8215702
          6642   238.8420349
          6643   238.8624996
          6644   238.8829643
          6645   238.9034281
          6646   238.9238872
          6647   238.9443463
          6648   238.9648054
          6649   238.9852646
          6650   239.0057221
          6651   239.0261757
          6652   239.0466292
          6653   239.0670828
          6654   239.0875363
          6655   239.1079877
          6656   239.1284357
          6657   239.1488837
          6658   239.1693317
          6659   239.1897797
          6660   239.2102249
          6661   239.2306673
          6662   239.2511097
          6663   239.2715521
          6664   239.2919945
          6665   239.3124336
          6666   239.3328704
          6667   239.3533073
          6668   239.3737442
          6669    239.394181
          6670   239.4146139
          6671   239.4350452
          6672   239.4554765
          6673   239.4759078
          6674   239.4963391
          6675   239.5167659
          6676   239.5371916
          6677   239.5576174
          6678   239.5780432
          6679   239.5984689
          6680   239.6188895
          6681   239.6393098
          6682     239.65973
          6683   239.6801502
          6684   239.7005702
          6685   239.7209849
          6686   239.7413996
          6687   239.7618142
          6688   239.7822289
          6689   239.8026429
          6690    239.823052
          6691   239.8434611
          6692   239.8638703
          6693   239.8842794
          6694   239.9046872
          6695   239.9250908
          6696   239.9454944
          6697    239.965898
          6698   239.9863016
          6699   240.0067034
          6700   240.0271015
          6701   240.0474996
          6702   240.0678976
          6703   240.0882957
          6704   240.1086914
          6705    240.129084
          6706   240.1494765
          6707   240.1698691
          6708   240.1902616
          6709   240.2106513
          6710   240.2310383
          6711   240.2514254
          6712   240.2718124
          6713   240.2921994
          6714    240.312583
          6715   240.3329646
          6716   240.3533461
          6717   240.3737276
          6718   240.3941091
          6719   240.4144867
          6720   240.4348627
          6721   240.4552387
          6722   240.4756147
          6723   240.4959907
          6724   240.5163623
          6725   240.5367328
          6726   240.5571033
          6727   240.5774738
          6728   240.5978443
          6729   240.6182099
          6730   240.6385749
          6731   240.6589399
          6732   240.6793049
          6733   240.6996699
          6734   240.7200295
          6735    240.740389
          6736   240.7607485
          6737    240.781108
          6738   240.8014671
          6739   240.8218211
          6740   240.8421751
          6741   240.8625291
          6742   240.8828831
          6743   240.9032362
          6744   240.9235848
          6745   240.9439333
          6746   240.9642818
          6747   240.9846303
          6748   241.0049775
          6749   241.0253205
          6750   241.0456636
          6751   241.0660066
          6752   241.0863496
          6753   241.1066909
          6754   241.1270284
          6755    241.147366
          6756   241.1677036
          6757   241.1880411
          6758   241.2083764
          6759   241.2287085
          6760   241.2490406
          6761   241.2693727
          6762   241.2897048
          6763   241.3100341
          6764   241.3303608
          6765   241.3506874
          6766    241.371014
          6767   241.3913406
          6768   241.4116641
          6769   241.4319852
          6770   241.4523064
          6771   241.4726275
          6772   241.4929487
          6773   241.5132662
          6774   241.5335819
          6775   241.5538976
          6776   241.5742133
          6777    241.594529
          6778   241.6148407
          6779   241.6351509
          6780   241.6554611
          6781   241.6757714
          6782   241.6960816
          6783   241.7163874
          6784   241.7366922
          6785    241.756997
          6786   241.7773018
          6787   241.7976065
          6788   241.8179065
          6789   241.8382058
          6790   241.8585052
          6791   241.8788045
          6792   241.8991038
          6793   241.9193979
          6794   241.9396918
          6795   241.9599857
          6796   241.9802796
          6797   242.0005733
          6798   242.0208618
          6799   242.0411502
          6800   242.0614387
          6801   242.0817271
          6802    242.102015
          6803    242.122298
          6804    242.142581
          6805    242.162864
          6806    242.183147
          6807   242.2034291
          6808   242.2237067
          6809   242.2439843
          6810   242.2642619
          6811   242.2845394
          6812   242.3048157
          6813   242.3250879
          6814     242.34536
          6815   242.3656322
          6816   242.3859043
          6817   242.4061748
          6818   242.4264416
          6819   242.4467083
          6820    242.466975
          6821   242.4872418
          6822   242.5075065
          6823   242.5277678
          6824   242.5480291
          6825   242.5682904
          6826   242.5885517
          6827   242.6088107
          6828   242.6290666
          6829   242.6493225
          6830   242.6695784
          6831   242.6898343
          6832   242.7100875
          6833    242.730338
          6834   242.7505885
          6835    242.770839
          6836   242.7910895
          6837   242.8113369
          6838    242.831582
          6839   242.8518271
          6840   242.8720722
          6841   242.8923173
          6842    242.912559
          6843   242.9327987
          6844   242.9530384
          6845    242.973278
          6846   242.9935177
          6847   243.0137537
          6848    243.033988
          6849   243.0542223
          6850   243.0744566
          6851   243.0946909
          6852   243.1149212
          6853   243.1351501
          6854    243.155379
          6855   243.1756079
          6856   243.1958368
          6857   243.2160614
          6858   243.2362849
          6859   243.2565084
          6860   243.2767319
          6861   243.2969554
          6862   243.3171744
          6863   243.3373925
          6864   243.3576106
          6865   243.3778288
          6866   243.3980469
          6867   243.4182602
          6868   243.4384729
          6869   243.4586856
          6870   243.4788984
          6871   243.4991111
          6872   243.5193187
          6873   243.5395261
          6874   243.5597335
          6875   243.5799409
          6876   243.6001482
          6877   243.6203502
          6878   243.6405522
          6879   243.6607542
          6880   243.6809562
          6881   243.7011579
          6882   243.7213545
          6883   243.7415512
          6884   243.7617478
          6885   243.7819444
          6886   243.8021405
          6887   243.8223318
          6888   243.8425231
          6889   243.8627143
          6890   243.8829056
          6891   243.9030961
          6892    243.923282
          6893   243.9434679
          6894   243.9636538
          6895   243.9838397
          6896   244.0040246
          6897   244.0242051
          6898   244.0443857
          6899   244.0645663
          6900   244.0847468
          6901   244.1049261
          6902   244.1251013
          6903   244.1452765
          6904   244.1654517
          6905    244.185627
          6906   244.2058006
          6907   244.2259705
          6908   244.2461404
          6909   244.2663102
          6910   244.2864801
          6911   244.3066482
          6912   244.3268127
          6913   244.3469773
          6914   244.3671418
          6915   244.3873063
          6916   244.4074689
          6917   244.4276281
          6918   244.4477873
          6919   244.4679465
          6920   244.4881057
          6921   244.5082627
          6922   244.5284165
          6923   244.5485704
          6924   244.5687243
          6925   244.5888781
          6926   244.6090296
          6927   244.6291781
          6928   244.6493267
          6929   244.6694752
          6930   244.6896237
          6931   244.7097697
          6932   244.7299129
          6933   244.7500561
          6934   244.7701993
          6935   244.7903425
          6936    244.810483
          6937   244.8306209
          6938   244.8507588
          6939   244.8708967
          6940   244.8910345
          6941   244.9111695
          6942   244.9313021
          6943   244.9514346
          6944   244.9715672
          6945   244.9916998
          6946   245.0118293
          6947   245.0319565
          6948   245.0520838
          6949   245.0722111
          6950   245.0923383
          6951   245.1124623
          6952   245.1325843
          6953   245.1527062
          6954   245.1728282
          6955   245.1929501
          6956   245.2130687
          6957   245.2331853
          6958    245.253302
          6959   245.2734186
          6960   245.2935353
          6961   245.3136483
          6962   245.3337597
          6963   245.3538711
          6964   245.3739824
          6965   245.3940938
          6966   245.4142014
          6967   245.4343075
          6968   245.4544135
          6969   245.4745196
          6970   245.4946257
          6971   245.5147279
          6972   245.5348286
          6973   245.5549294
          6974   245.5750302
          6975    245.595131
          6976   245.6152277
          6977   245.6353232
          6978   245.6554187
          6979   245.6755142
          6980   245.6956097
          6981   245.7157011
          6982   245.7357913
          6983   245.7558815
          6984   245.7759717
          6985   245.7960619
          6986   245.8161479
          6987   245.8362328
          6988   245.8563177
          6989   245.8764027
          6990   245.8964876
          6991   245.9165682
          6992   245.9366479
          6993   245.9567275
          6994   245.9768072
          6995   245.9968868
          6996    246.016962
          6997   246.0370364
          6998   246.0571108
          6999   246.0771852
          7000   246.0972596
          7001   246.1173295
          7002   246.1373986
          7003   246.1574677
          7004   246.1775368
          7005    246.197606
          7006   246.2176705
          7007   246.2377343
          7008   246.2577982
          7009   246.2778621
          7010   246.2979259
          7011   246.3179851
          7012   246.3380437
          7013   246.3581023
          7014   246.3781609
          7015   246.3982195
          7016   246.4182734
          7017   246.4383267
          7018   246.4583801
          7019   246.4784334
          7020   246.4984868
          7021   246.5185353
          7022   246.5385834
          7023   246.5586315
          7024   246.5786796
          7025   246.5987277
          7026   246.6187709
          7027   246.6388138
          7028   246.6588567
          7029   246.6788996
          7030   246.6989424
          7031   246.7189803
          7032    246.739018
          7033   246.7590556
          7034   246.7790932
          7035   246.7991308
          7036   246.8191635
          7037   246.8391959
          7038   246.8592282
          7039   246.8792606
          7040    246.899293
          7041   246.9193204
          7042   246.9393475
          7043   246.9593747
          7044   246.9794019
          7045    246.999429
          7046   247.0194511
          7047    247.039473
          7048    247.059495
          7049   247.0795169
          7050   247.0995389
          7051   247.1195557
          7052   247.1395724
          7053   247.1595891
          7054   247.1796058
          7055   247.1996225
          7056   247.2196341
          7057   247.2396456
          7058   247.2596571
          7059   247.2796686
          7060   247.2996801
          7061   247.3196865
          7062   247.3396927
          7063    247.359699
          7064   247.3797053
          7065   247.3997116
          7066   247.4197127
          7067   247.4397138
          7068   247.4597149
          7069   247.4797159
          7070    247.499717
          7071   247.5197129
          7072   247.5397088
          7073   247.5597047
          7074   247.5797005
          7075   247.5996964
          7076   247.6196871
          7077   247.6396778
          7078   247.6596684
          7079   247.6796591
          7080   247.6996498
          7081   247.7196353
          7082   247.7396208
          7083   247.7596062
          7084   247.7795917
          7085   247.7995772
          7086   247.8195575
          7087   247.8395378
          7088   247.8595181
          7089   247.8794983
          7090   247.8994786
          7091   247.9194538
          7092   247.9394289
          7093    247.959404
          7094   247.9793791
          7095   247.9993541
          7096   248.0193242
          7097   248.0392941
          7098    248.059264
          7099   248.0792339
          7100   248.0992038
          7101   248.1191687
          7102   248.1391334
          7103   248.1590981
          7104   248.1790628
          7105   248.1990275
          7106   248.2189873
          7107   248.2389468
          7108   248.2589064
          7109   248.2788659
          7110   248.2988254
          7111   248.3187801
          7112   248.3387345
          7113   248.3586888
          7114   248.3786432
          7115   248.3985975
          7116   248.4185471
          7117   248.4384963
          7118   248.4584455
          7119   248.4783947
          7120   248.4983439
          7121   248.5182883
          7122   248.5382323
          7123   248.5581764
          7124   248.5781204
          7125   248.5980644
          7126   248.6180038
          7127   248.6379426
          7128   248.6578815
          7129   248.6778204
          7130   248.6977592
          7131   248.7176935
          7132   248.7376272
          7133   248.7575609
          7134   248.7774946
          7135   248.7974283
          7136   248.8173575
          7137   248.8372861
          7138   248.8572146
          7139   248.8771432
          7140   248.8970718
          7141   248.9169959
          7142   248.9369193
          7143   248.9568427
          7144   248.9767661
          7145   248.9966895
          7146   249.0166086
          7147   249.0365269
          7148   249.0564452
          7149   249.0763634
          7150   249.0962817
          7151   249.1161957
          7152   249.1361089
          7153    249.156022
          7154   249.1759351
          7155   249.1958482
          7156   249.2157573
          7157   249.2356652
          7158   249.2555732
          7159   249.2754812
          7160   249.2953892
          7161   249.3152932
          7162   249.3351961
          7163   249.3550989
          7164   249.3750018
          7165   249.3949046
          7166   249.4148036
          7167   249.4347014
          7168   249.4545991
          7169   249.4744968
          7170   249.4943945
          7171   249.5142886
          7172   249.5341811
          7173   249.5540737
          7174   249.5739663
          7175   249.5938589
          7176    249.613748
          7177   249.6336355
          7178   249.6535229
          7179   249.6734104
          7180   249.6932979
          7181    249.713182
          7182   249.7330643
          7183   249.7529467
          7184    249.772829
          7185   249.7927114
          7186   249.8125905
          7187   249.8324677
          7188    249.852345
          7189   249.8722222
          7190   249.8920995
          7191   249.9119736
          7192   249.9318458
          7193   249.9517179
          7194     249.97159
          7195   249.9914622
          7196   250.0113314
          7197   250.0311984
          7198   250.0510654
          7199   250.0709325
          7200   250.0907995
          7201   250.1106638
          7202   250.1305257
          7203   250.1503876
          7204   250.1702496
          7205   250.1901115
          7206   250.2099709
          7207   250.2298277
          7208   250.2496845
          7209   250.2695414
          7210   250.2893982
          7211   250.3092527
          7212   250.3291044
          7213   250.3489561
          7214   250.3688079
          7215   250.3886596
          7216   250.4085092
          7217   250.4283558
          7218   250.4482025
          7219   250.4680491
          7220   250.4878958
          7221   250.5077404
          7222    250.527582
          7223   250.5474236
          7224   250.5672651
          7225   250.5871067
          7226   250.6069465
          7227    250.626783
          7228   250.6466194
          7229   250.6664559
          7230   250.6862924
          7231   250.7061273
          7232   250.7259587
          7233   250.7457901
          7234   250.7656215
          7235    250.785453
          7236    250.805283
          7237   250.8251093
          7238   250.8449357
          7239    250.864762
          7240   250.8845883
          7241   250.9044135
          7242   250.9242348
          7243   250.9440561
          7244   250.9638773
          7245   250.9836986
          7246    251.003519
          7247   251.0233352
          7248   251.0431514
          7249   251.0629676
          7250   251.0827838
          7251   251.1025993
          7252   251.1224105
          7253   251.1422216
          7254   251.1620327
          7255   251.1818439
          7256   251.2016546
          7257   251.2214607
          7258   251.2412668
          7259   251.2610728
          7260   251.2808789
          7261   251.3006848
          7262   251.3204859
          7263   251.3402869
          7264   251.3600879
          7265   251.3798889
          7266     251.39969
          7267    251.419486
          7268    251.439282
          7269    251.459078
          7270    251.478874
          7271   251.4986699
          7272   251.5184612
          7273   251.5382522
          7274   251.5580431
          7275    251.577834
          7276    251.597625
          7277   251.6174115
          7278   251.6371974
          7279   251.6569832
          7280   251.6767691
          7281    251.696555
          7282   251.7163368
          7283   251.7361176
          7284   251.7558985
          7285   251.7756793
          7286   251.7954602
          7287   251.8152372
          7288    251.835013
          7289   251.8547888
          7290   251.8745646
          7291   251.8943405
          7292   251.9141127
          7293   251.9338835
          7294   251.9536543
          7295   251.9734251
          7296   251.9931959
          7297   252.0129634
          7298   252.0327291
          7299   252.0524949
          7300   252.0722607
          7301   252.0920264
          7302   252.1117892
          7303   252.1315499
          7304   252.1513107
          7305   252.1710714
          7306   252.1908322
          7307   252.2105902
          7308    252.230346
          7309   252.2501017
          7310   252.2698574
          7311   252.2896132
          7312   252.3093665
          7313   252.3291172
          7314   252.3488679
          7315   252.3686186
          7316   252.3883694
          7317    252.408118
          7318   252.4278637
          7319   252.4476094
          7320   252.4673551
          7321   252.4871008
          7322   252.5068448
          7323   252.5265855
          7324   252.5463262
          7325   252.5660669
          7326   252.5858076
          7327   252.6055469
          7328   252.6252826
          7329   252.6450183
          7330    252.664754
          7331   252.6844897
          7332   252.7042243
          7333    252.723955
          7334   252.7436857
          7335   252.7634164
          7336   252.7831471
          7337   252.8028771
          7338   252.8226028
          7339   252.8423285
          7340   252.8620542
          7341   252.8817799
          7342   252.9015052
          7343   252.9212259
          7344   252.9409466
          7345   252.9606673
          7346   252.9803881
          7347   253.0001087
          7348   253.0198245
          7349   253.0395402
          7350   253.0592559
          7351   253.0789717
          7352   253.0986874
          7353   253.1183985
          7354   253.1381092
          7355   253.1578199
          7356   253.1775307
          7357   253.1972414
          7358   253.2169479
          7359   253.2366537
          7360   253.2563594
          7361   253.2760652
          7362    253.295771
          7363   253.3154728
          7364   253.3351736
          7365   253.3548744
          7366   253.3745752
          7367    253.394276
          7368   253.4139732
          7369   253.4336691
          7370   253.4533649
          7371   253.4730607
          7372   253.4927565
          7373   253.5124492
          7374   253.5321401
          7375   253.5518309
          7376   253.5715218
          7377   253.5912126
          7378   253.6109007
          7379   253.6305866
          7380   253.6502725
          7381   253.6699584
          7382   253.6896443
          7383   253.7093278
          7384   253.7290087
          7385   253.7486897
          7386   253.7683706
          7387   253.7880515
          7388   253.8077305
          7389   253.8274065
          7390   253.8470825
          7391   253.8667584
          7392   253.8864344
          7393   253.9061089
          7394   253.9257799
          7395   253.9454509
          7396   253.9651219
          7397   253.9847929
          7398   254.0044628
          7399   254.0241289
          7400    254.043795
          7401   254.0634611
          7402   254.0831271
          7403   254.1027925
          7404   254.1224536
          7405   254.1421148
          7406   254.1617759
          7407    254.181437
          7408   254.2010979
          7409   254.2207541
          7410   254.2404103
          7411   254.2600665
          7412   254.2797226
          7413   254.2993788
          7414   254.3190302
          7415   254.3386815
          7416   254.3583328
          7417    254.377984
          7418   254.3976353
          7419   254.4172822
          7420   254.4369285
          7421   254.4565748
          7422   254.4762211
          7423   254.4958675
          7424   254.5155099
          7425   254.5351513
          7426   254.5547927
          7427   254.5744341
          7428   254.5940755
          7429   254.6137134
          7430   254.6333499
          7431   254.6529863
          7432   254.6726228
          7433   254.6922593
          7434   254.7118928
          7435   254.7315243
          7436   254.7511559
          7437   254.7707874
          7438   254.7904189
          7439    254.810048
          7440   254.8296746
          7441   254.8493012
          7442   254.8689279
          7443   254.8885545
          7444   254.9081791
          7445   254.9278008
          7446   254.9474225
          7447   254.9670442
          7448   254.9866659
          7449   255.0062861
          7450   255.0259029
          7451   255.0455197
          7452   255.0651365
          7453   255.0847533
          7454    255.104369
          7455   255.1239809
          7456   255.1435928
          7457   255.1632047
          7458   255.1828166
          7459   255.2024279
          7460   255.2220349
          7461   255.2416419
          7462   255.2612489
          7463   255.2808559
          7464   255.3004628
          7465   255.3200649
          7466    255.339667
          7467   255.3592691
          7468   255.3788712
          7469   255.3984733
          7470   255.4180708
          7471   255.4376681
          7472   255.4572653
          7473   255.4768625
          7474   255.4964597
          7475   255.5160529
          7476   255.5356452
          7477   255.5552375
          7478   255.5748298
          7479   255.5944221
          7480   255.6140109
          7481   255.6335984
          7482   255.6531858
          7483   255.6727732
          7484   255.6923606
          7485   255.7119451
          7486   255.7315276
          7487   255.7511102
          7488   255.7706927
          7489   255.7902753
          7490   255.8098554
          7491    255.829433
          7492   255.8490107
          7493   255.8685883
          7494    255.888166
          7495   255.9077417
          7496   255.9273145
          7497   255.9468873
          7498   255.9664601
          7499   255.9860329
          7500   256.0056043
          7501   256.0251722
          7502   256.0447401
          7503    256.064308
          7504    256.083876
          7505    256.103443
          7506   256.1230061
          7507   256.1425691
          7508   256.1621322
          7509   256.1816952
          7510   256.2012579
          7511   256.2208161
          7512   256.2403743
          7513   256.2599325
          7514   256.2794907
          7515   256.2990489
          7516   256.3186024
          7517   256.3381557
          7518   256.3577091
          7519   256.3772624
          7520   256.3968157
          7521    256.416365
          7522   256.4359134
          7523   256.4554619
          7524   256.4750104
          7525   256.4945588
          7526   256.5141038
          7527   256.5336474
          7528    256.553191
          7529   256.5727346
          7530   256.5922782
          7531   256.6118189
          7532   256.6313577
          7533   256.6508965
          7534   256.6704352
          7535    256.689974
          7536   256.7095104
          7537   256.7290443
          7538   256.7485782
          7539   256.7681121
          7540   256.7876461
          7541   256.8071782
          7542   256.8267073
          7543   256.8462363
          7544   256.8657654
          7545   256.8852945
          7546   256.9048224
          7547   256.9243466
          7548   256.9438708
          7549   256.9633951
          7550   256.9829193
          7551    257.002443
          7552   257.0219624
          7553   257.0414818
          7554   257.0610012
          7555   257.0805206
          7556     257.10004
          7557   257.1195545
          7558   257.1390691
          7559   257.1585837
          7560   257.1780982
          7561   257.1976128
          7562   257.2171232
          7563   257.2366329
          7564   257.2561426
          7565   257.2756524
          7566   257.2951621
          7567   257.3146683
          7568   257.3341732
          7569   257.3536781
          7570    257.373183
          7571   257.3926879
          7572   257.4121898
          7573   257.4316899
          7574     257.45119
          7575   257.4706902
          7576   257.4901903
          7577    257.509688
          7578   257.5291832
          7579   257.5486785
          7580   257.5681738
          7581   257.5876691
          7582   257.6071626
          7583   257.6266531
          7584   257.6461436
          7585    257.665634
          7586   257.6851245
          7587   257.7046139
          7588   257.7240995
          7589   257.7435852
          7590   257.7630708
          7591   257.7825565
          7592   257.8020417
          7593   257.8215225
          7594   257.8410034
          7595   257.8604843
          7596   257.8799651
          7597    257.899446
          7598   257.9189222
          7599   257.9383982
          7600   257.9578743
          7601   257.9773503
          7602   257.9968264
          7603   258.0162984
          7604   258.0357697
          7605    258.055241
          7606   258.0747122
          7607   258.0941835
          7608   258.1136514
          7609   258.1331179
          7610   258.1525843
          7611   258.1720508
          7612   258.1915173
          7613    258.210981
          7614   258.2304427
          7615   258.2499044
          7616   258.2693661
          7617   258.2888277
          7618   258.3082874
          7619   258.3277443
          7620   258.3472012
          7621    258.366658
          7622   258.3861149
          7623   258.4055705
          7624   258.4250226
          7625   258.4444747
          7626   258.4639268
          7627   258.4833789
          7628   258.5028303
          7629   258.5222776
          7630    258.541725
          7631   258.5611723
          7632   258.5806196
          7633   258.6000669
          7634   258.6195095
          7635    258.638952
          7636   258.6583946
          7637   258.6778371
          7638   258.6972797
          7639   258.7167181
          7640   258.7361559
          7641   258.7555937
          7642   258.7750315
          7643   258.7944693
          7644   258.8139036
          7645   258.8333366
          7646   258.8527697
          7647   258.8722027
          7648   258.8916357
          7649    258.911066
          7650   258.9304942
          7651   258.9499225
          7652   258.9693507
          7653    258.988779
          7654   259.0082052
          7655   259.0276287
          7656   259.0470522
          7657   259.0664757
          7658   259.0858992
          7659   259.1053213
          7660   259.1247401
          7661   259.1441588
          7662   259.1635775
          7663   259.1829963
          7664   259.2024144
          7665   259.2218284
          7666   259.2412424
          7667   259.2606563
          7668   259.2800703
          7669   259.2994843
          7670   259.3188936
          7671   259.3383029
          7672   259.3577121
          7673   259.3771213
          7674   259.3965306
          7675   259.4159359
          7676   259.4353404
          7677   259.4547448
          7678   259.4741493
          7679   259.4935538
          7680   259.5129551
          7681   259.5323549
          7682   259.5517546
          7683   259.5711543
          7684   259.5905541
          7685   259.6099514
          7686   259.6293464
          7687   259.6487414
          7688   259.6681364
          7689   259.6875314
          7690   259.7069247
          7691   259.7263149
          7692   259.7457052
          7693   259.7650955
          7694   259.7844857
          7695    259.803875
          7696   259.8232606
          7697   259.8426461
          7698   259.8620316
          7699   259.8814172
          7700   259.9008025
          7701   259.9201833
          7702   259.9395641
          7703   259.9589449
          7704   259.9783257
          7705   259.9977065
          7706   260.0170832
          7707   260.0364592
          7708   260.0558353
          7709   260.0752114
          7710   260.0945875
          7711   260.1139601
          7712   260.1333315
          7713   260.1527029
          7714   260.1720742
          7715   260.1914456
          7716   260.2108143
          7717   260.2301809
          7718   260.2495476
          7719   260.2689142
          7720   260.2882808
          7721   260.3076456
          7722   260.3270076
          7723   260.3463695
          7724   260.3657314
          7725   260.3850933
          7726   260.4044542
          7727   260.4238114
          7728   260.4431686
          7729   260.4625258
          7730    260.481883
          7731   260.5012399
          7732   260.5205925
          7733    260.539945
          7734   260.5592975
          7735     260.57865
          7736   260.5980025
          7737   260.6173508
          7738   260.6366986
          7739   260.6560464
          7740   260.6753942
          7741    260.694742
          7742   260.7140864
          7743   260.7334295
          7744   260.7527726
          7745   260.7721157
          7746   260.7914588
          7747   260.8107993
          7748   260.8301377
          7749   260.8494761
          7750   260.8688145
          7751   260.8881529
          7752   260.9074895
          7753   260.9268232
          7754    260.946157
          7755   260.9654907
          7756   260.9848244
          7757   261.0041571
          7758   261.0234861
          7759   261.0428152
          7760   261.0621442
          7761   261.0814732
          7762   261.1008021
          7763   261.1201264
          7764   261.1394507
          7765   261.1587751
          7766   261.1780994
          7767   261.1974238
          7768   261.2167441
          7769   261.2360637
          7770   261.2553834
          7771   261.2747031
          7772   261.2940227
          7773   261.3133391
          7774   261.3326541
          7775   261.3519691
          7776   261.3712841
          7777   261.3905991
          7778   261.4099117
          7779    261.429222
          7780   261.4485323
          7781   261.4678426
          7782   261.4871529
          7783   261.5064616
          7784   261.5257673
          7785   261.5450729
          7786   261.5643786
          7787   261.5836842
          7788   261.6029891
          7789   261.6222901
          7790   261.6415911
          7791    261.660892
          7792    261.680193
          7793    261.699494
          7794   261.7187904
          7795   261.7380867
          7796    261.757383
          7797   261.7766793
          7798   261.7959756
          7799   261.8152682
          7800   261.8345599
          7801   261.8538515
          7802   261.8731432
          7803   261.8924348
          7804   261.9117237
          7805   261.9310106
          7806   261.9502976
          7807   261.9695846
          7808   261.9888716
          7809   262.0081566
          7810    262.027439
          7811   262.0467213
          7812   262.0660036
          7813    262.085286
          7814   262.1045672
          7815   262.1238449
          7816   262.1431226
          7817   262.1624003
          7818    262.181678
          7819   262.2009554
          7820   262.2202285
          7821   262.2395015
          7822   262.2587745
          7823   262.2780476
          7824   262.2973206
          7825   262.3165897
          7826   262.3358581
          7827   262.3551265
          7828   262.3743949
          7829   262.3936633
          7830   262.4129285
          7831   262.4321923
          7832   262.4514561
          7833   262.4707198
          7834   262.4899836
          7835   262.5092451
          7836   262.5285042
          7837   262.5477633
          7838   262.5670225
          7839   262.5862816
          7840   262.6055394
          7841   262.6247939
          7842   262.6440484
          7843   262.6633029
          7844   262.6825573
          7845   262.7018114
          7846   262.7210613
          7847   262.7403111
          7848    262.759561
          7849   262.7788109
          7850   262.7980607
          7851   262.8173064
          7852   262.8365517
          7853   262.8557969
          7854   262.8750421
          7855   262.8942874
          7856   262.9135293
          7857     262.93277
          7858   262.9520106
          7859   262.9712512
          7860   262.9904918
          7861   263.0097301
          7862   263.0289661
          7863   263.0482021
          7864   263.0674381
          7865   263.0866741
          7866   263.1059087
          7867     263.12514
          7868   263.1443714
          7869   263.1636028
          7870   263.1828342
          7871   263.2020651
          7872   263.2212918
          7873   263.2405186
          7874   263.2597454
          7875   263.2789722
          7876   263.2981989
          7877   263.3174215
          7878   263.3366437
          7879   263.3558659
          7880    263.375088
          7881   263.3943102
          7882   263.4135291
          7883   263.4327467
          7884   263.4519642
          7885   263.4711818
          7886   263.4903993
          7887   263.5096146
          7888   263.5288276
          7889   263.5480405
          7890   263.5672535
          7891   263.5864664
          7892    263.605678
          7893   263.6248864
          7894   263.6440947
          7895   263.6633031
          7896   263.6825115
          7897   263.7017194
          7898   263.7209232
          7899    263.740127
          7900   263.7593307
          7901   263.7785345
          7902   263.7977383
          7903    263.816938
          7904   263.8361372
          7905   263.8553363
          7906   263.8745355
          7907   263.8937347
          7908   263.9129308
          7909   263.9321254
          7910     263.95132
          7911   263.9705145
          7912   263.9897091
          7913   264.0089016
          7914   264.0280916
          7915   264.0472816
          7916   264.0664716
          7917   264.0856616
          7918   264.1048505
          7919   264.1240359
          7920   264.1432213
          7921   264.1624068
          7922   264.1815922
          7923   264.2007774
          7924   264.2199583
          7925   264.2391391
          7926     264.25832
          7927   264.2775008
          7928   264.2966817
          7929   264.3158587
          7930    264.335035
          7931   264.3542113
          7932   264.3733876
          7933   264.3925639
          7934   264.4117373
          7935    264.430909
          7936   264.4500807
          7937   264.4692525
          7938   264.4884242
          7939   264.5075941
          7940   264.5267612
          7941   264.5459283
          7942   264.5650955
          7943   264.5842626
          7944    264.603429
          7945   264.6225915
          7946   264.6417541
          7947   264.6609167
          7948   264.6800793
          7949   264.6992418
          7950      264.7184
          7951   264.7375581
          7952   264.7567161
          7953   264.7758741
          7954   264.7950321
          7955   264.8141868
          7956   264.8333402
          7957   264.8524937
          7958   264.8716472
          7959   264.8908006
          7960   264.9099517
          7961   264.9291006
          7962   264.9482496
          7963   264.9673985
          7964   264.9865474
          7965   265.0056949
          7966   265.0248393
          7967   265.0439837
          7968    265.063128
          7969   265.0822724
          7970   265.1014164
          7971   265.1205562
          7972    265.139696
          7973   265.1588359
          7974   265.1779757
          7975   265.1971155
          7976   265.2162515
          7977   265.2353867
          7978    265.254522
          7979   265.2736573
          7980   265.2927926
          7981    265.311925
          7982   265.3310557
          7983   265.3501865
          7984   265.3693172
          7985   265.3884479
          7986   265.4075769
          7987   265.4267031
          7988   265.4458293
          7989   265.4649555
          7990   265.4840817
          7991   265.5032071
          7992   265.5223288
          7993   265.5414505
          7994   265.5605721
          7995   265.5796938
          7996   265.5988155
          7997   265.6179329
          7998     265.63705
          7999   265.6561672
          8000   265.6752843
          8001   265.6944014
          8002   265.7135154
          8003    265.732628
          8004   265.7517406
          8005   265.7708532
          8006   265.7899659
          8007   265.8090763
          8008   265.8281844
          8009   265.8472925
          8010   265.8664006
          8011   265.8855087
          8012   265.9046157
          8013   265.9237193
          8014   265.9428228
          8015   265.9619264
          8016     265.98103
          8017   266.0001335
          8018   266.0192326
          8019   266.0383317
          8020   266.0574307
          8021   266.0765298
          8022   266.0956288
          8023   266.1147244
          8024    266.133819
          8025   266.1529135
          8026   266.1720081
          8027   266.1911026
          8028   266.2101948
          8029   266.2292848
          8030   266.2483748
          8031   266.2674649
          8032   266.2865549
          8033   266.3056436
          8034   266.3247292
          8035   266.3438147
          8036   266.3629002
          8037   266.3819858
          8038   266.4010711
          8039   266.4201521
          8040   266.4392331
          8041   266.4583142
          8042   266.4773952
          8043   266.4964762
          8044   266.5155536
          8045   266.5346301
          8046   266.5537067
          8047   266.5727832
          8048   266.5918597
          8049   266.6109337
          8050   266.6300057
          8051   266.6490778
          8052   266.6681498
          8053   266.6872219
          8054   266.7062924
          8055     266.72536
          8056   266.7444275
          8057   266.7634951
          8058   266.7825626
          8059   266.8016298
          8060   266.8206929
          8061   266.8397559
          8062    266.858819
          8063    266.877882
          8064   266.8969451
          8065   266.9160044
          8066    266.935063
          8067   266.9541216
          8068   266.9731801
          8069   266.9922387
          8070   267.0112946
          8071   267.0303487
          8072   267.0494028
          8073   267.0684569
          8074    267.087511
          8075   267.1065636
          8076   267.1256132
          8077   267.1446628
          8078   267.1637124
          8079   267.1827621
          8080   267.2018113
          8081   267.2208564
          8082   267.2399015
          8083   267.2589467
          8084   267.2779918
          8085    267.297037
          8086   267.3160783
          8087    267.335119
          8088   267.3541597
          8089   267.3732004
          8090    267.392241
          8091   267.4112791
          8092   267.4303153
          8093   267.4493515
          8094   267.4683877
          8095   267.4874239
          8096   267.5064586
          8097   267.5254903
          8098   267.5445221
          8099   267.5635538
          8100   267.5825855
          8101   267.6016169
          8102   267.6206442
          8103   267.6396715
          8104   267.6586987
          8105    267.677726
          8106   267.6967533
          8107   267.7157769
          8108   267.7347997
          8109   267.7538225
          8110   267.7728454
          8111   267.7918682
          8112   267.8108884
          8113   267.8299068
          8114   267.8489252
          8115   267.8679436
          8116   267.8869619
          8117   267.9059789
          8118   267.9249928
          8119   267.9440067
          8120   267.9630206
          8121   267.9820346
          8122   268.0010482
          8123   268.0200577
          8124   268.0390672
          8125   268.0580766
          8126   268.0770861
          8127   268.0960956
          8128   268.1151015
          8129   268.1341065
          8130   268.1531116
          8131   268.1721166
          8132   268.1911216
          8133   268.2101243
          8134   268.2291248
          8135   268.2481254
          8136    268.267126
          8137   268.2861266
          8138    268.305126
          8139   268.3241221
          8140   268.3431183
          8141   268.3621144
          8142   268.3811106
          8143   268.4001067
          8144   268.4190984
          8145   268.4380901
          8146   268.4570818
          8147   268.4760735
          8148   268.4950652
          8149   268.5140537
          8150   268.5330409
          8151   268.5520282
          8152   268.5710155
          8153   268.5900028
          8154    268.608988
          8155   268.6279708
          8156   268.6469537
          8157   268.6659365
          8158   268.6849194
          8159   268.7039013
          8160   268.7228797
          8161   268.7418582
          8162   268.7608366
          8163    268.779815
          8164   268.7987934
          8165   268.8177677
          8166   268.8367417
          8167   268.8557157
          8168   268.8746897
          8169   268.8936638
          8170   268.9126348
          8171   268.9316044
          8172    268.950574
          8173   268.9695436
          8174   268.9885132
          8175    269.007481
          8176   269.0264462
          8177   269.0454114
          8178   269.0643765
          8179   269.0833417
          8180   269.1023063
          8181   269.1212671
          8182   269.1402279
          8183   269.1591886
          8184   269.1781494
          8185   269.1971101
          8186   269.2160672
          8187   269.2350235
          8188   269.2539799
          8189   269.2729362
          8190   269.2918926
          8191   269.3108464
          8192   269.3297984
          8193   269.3487503
          8194   269.3677023
          8195   269.3866542
          8196   269.4056048
          8197   269.4245524
          8198   269.4434999
          8199   269.4624475
          8200    269.481395
          8201   269.5003425
          8202   269.5192856
          8203   269.5382288
          8204   269.5571719
          8205   269.5761151
          8206   269.5950582
          8207   269.6139981
          8208   269.6329369
          8209   269.6518756
          8210   269.6708144
          8211   269.6897532
          8212   269.7086899
          8213   269.7276242
          8214   269.7465586
          8215    269.765493
          8216   269.7844273
          8217   269.8033609
          8218   269.8222909
          8219   269.8412209
          8220   269.8601508
          8221   269.8790808
          8222   269.8980108
          8223   269.9169368
          8224   269.9358624
          8225    269.954788
          8226   269.9737136
          8227   269.9926392
          8228   270.0115621
          8229   270.0304833
          8230   270.0494045
          8231   270.0683257
          8232   270.0872469
          8233   270.1061667
          8234   270.1250835
          8235   270.1440003
          8236   270.1629172
          8237    270.181834
          8238   270.2007506
          8239   270.2196631
          8240   270.2385755
          8241    270.257488
          8242   270.2764004
          8243   270.2953129
          8244    270.314222
          8245   270.3331301
          8246   270.3520382
          8247   270.3709463
          8248   270.3898544
          8249   270.4087604
          8250   270.4276641
          8251   270.4465678
          8252   270.4654715
          8253   270.4843752
          8254   270.5032782
          8255   270.5221775
          8256   270.5410769
          8257   270.5599762
          8258   270.5788756
          8259   270.5977749
          8260   270.6166704
          8261   270.6355654
          8262   270.6544604
          8263   270.6733554
          8264   270.6922503
          8265   270.7111427
          8266   270.7300334
          8267    270.748924
          8268   270.7678146
          8269   270.7867052
          8270   270.8055946
          8271   270.8244808
          8272   270.8433671
          8273   270.8622534
          8274   270.8811396
          8275   270.9000259
          8276   270.9189078
          8277   270.9377897
          8278   270.9566716
          8279   270.9755535
          8280   270.9944354
          8281   271.0133143
          8282   271.0321918
          8283   271.0510694
          8284    271.069947
          8285   271.0888245
          8286   271.1077003
          8287   271.1265735
          8288   271.1454468
          8289     271.16432
          8290   271.1831932
          8291   271.2020659
          8292   271.2209348
          8293   271.2398037
          8294   271.2586725
          8295   271.2775414
          8296   271.2964103
          8297   271.3152756
          8298   271.3341402
          8299   271.3530047
          8300   271.3718692
          8301   271.3907338
          8302   271.4095961
          8303   271.4284563
          8304   271.4473165
          8305   271.4661767
          8306   271.4850369
          8307   271.5038962
          8308    271.522752
          8309   271.5416079
          8310   271.5604638
          8311   271.5793196
          8312   271.5981755
          8313   271.6170274
          8314    271.635879
          8315   271.6547305
          8316    271.673582
          8317   271.6924336
          8318   271.7112825
          8319   271.7301297
          8320   271.7489769
          8321   271.7678241
          8322   271.7866713
          8323   271.8055173
          8324   271.8243602
          8325    271.843203
          8326   271.8620459
          8327   271.8808888
          8328   271.8997317
          8329   271.9185703
          8330   271.9374089
          8331   271.9562474
          8332    271.975086
          8333   271.9939245
          8334   272.0127602
          8335   272.0315944
          8336   272.0504287
          8337   272.0692629
          8338   272.0880971
          8339   272.1069298
          8340   272.1257597
          8341   272.1445896
          8342   272.1634196
          8343   272.1822495
          8344   272.2010792
          8345   272.2199048
          8346   272.2387304
          8347    272.257556
          8348   272.2763816
          8349   272.2952073
          8350   272.3140297
          8351    272.332851
          8352   272.3516723
          8353   272.3704936
          8354   272.3893149
          8355   272.4081343
          8356   272.4269513
          8357   272.4457684
          8358   272.4645854
          8359   272.4834024
          8360   272.5022189
          8361   272.5210316
          8362   272.5398443
          8363    272.558657
          8364   272.5774697
          8365   272.5962824
          8366   272.6150916
          8367      272.6339
          8368   272.6527084
          8369   272.6715168
          8370   272.6903252
          8371   272.7091315
          8372   272.7279357
          8373   272.7467398
          8374   272.7655439
          8375    272.784348
          8376   272.8031514
          8377   272.8219512
          8378    272.840751
          8379   272.8595508
          8380   272.8783506
          8381   272.8971504
          8382   272.9159466
          8383   272.9347421
          8384   272.9535377
          8385   272.9723332
          8386   272.9911287
          8387    273.009922
          8388   273.0287132
          8389   273.0475045
          8390   273.0662957
          8391   273.0850869
          8392   273.1038773
          8393   273.1226643
          8394   273.1414512
          8395   273.1602382
          8396   273.1790251
          8397   273.1978121
          8398   273.2165953
          8399   273.2353779
          8400   273.2541606
          8401   273.2729433
          8402    273.291726
          8403   273.3105063
          8404   273.3292847
          8405   273.3480631
          8406   273.3668415
          8407   273.3856199
          8408   273.4043973
          8409   273.4231714
          8410   273.4419455
          8411   273.4607196
          8412   273.4794938
          8413   273.4982679
          8414   273.5170382
          8415    273.535808
          8416   273.5545779
          8417   273.5733477
          8418   273.5921176
          8419    273.610885
          8420   273.6296506
          8421   273.6484161
          8422   273.6671817
          8423   273.6859473
          8424   273.7047119
          8425   273.7234732
          8426   273.7422345
          8427   273.7609958
          8428   273.7797572
          8429   273.7985185
          8430   273.8172759
          8431    273.836033
          8432     273.85479
          8433   273.8735471
          8434   273.8923042
          8435   273.9110587
          8436   273.9298115
          8437   273.9485643
          8438   273.9673171
          8439   273.9860699
          8440   274.0048217
          8441   274.0235702
          8442   274.0423188
          8443   274.0610673
          8444   274.0798159
          8445   274.0985644
          8446   274.1173091
          8447   274.1360534
          8448   274.1547977
          8449    274.173542
          8450   274.1922863
          8451   274.2110281
          8452   274.2297681
          8453   274.2485082
          8454   274.2672482
          8455   274.2859883
          8456   274.3047273
          8457   274.3234631
          8458   274.3421989
          8459   274.3609347
          8460   274.3796705
          8461   274.3984063
          8462   274.4171382
          8463   274.4358698
          8464   274.4546014
          8465   274.4733329
          8466   274.4920645
          8467   274.5107936
          8468    274.529521
          8469   274.5482483
          8470   274.5669756
          8471   274.5857029
          8472   274.6044293
          8473   274.6231524
          8474   274.6418755
          8475   274.6605985
          8476   274.6793216
          8477   274.6980447
          8478    274.716764
          8479   274.7354829
          8480   274.7542018
          8481   274.7729206
          8482   274.7916395
          8483    274.810356
          8484   274.8290706
          8485   274.8477853
          8486   274.8664999
          8487   274.8852145
          8488   274.9039283
          8489   274.9226387
          8490   274.9413491
          8491   274.9600595
          8492   274.9787699
          8493   274.9974803
          8494    275.016187
