           -82  -25.70545766
           -81  -24.37850517
           -80  -23.07570662
           -79  -21.80030537
           -78  -20.55090383
           -77   -19.3261115
           -76   -18.1247307
           -75  -16.94563011
           -74  -15.78774034
           -73  -14.65012636
           -72  -13.53184915
           -71    -12.432083
           -70  -11.35004244
           -69  -10.28498002
           -68   -9.23623668
           -67  -8.203130045
           -66  -7.185098745
           -65  -6.181547692
           -64  -5.191939881
           -63  -4.215787107
           -62  -3.252607491
           -61  -2.301923376
           -60  -1.363362578
           -59 -0.4364771181
           -58  0.4791053904
           -57   1.383741137
           -56   2.277773269
           -55   3.161532418
           -54   4.035337205
           -53   4.899494078
           -52   5.754243397
           -51   6.599916333
           -50   7.436710527
           -49   8.264917732
           -48   9.084765232
           -47   9.896473154
           -46   10.70025451
           -45   11.49631696
           -44   12.28485998
           -43   13.06607814
           -42   13.84015978
           -41    14.6072875
           -40   15.36760092
           -39   16.12129377
           -38   16.86850552
           -37   17.60940321
           -36   18.34410572
           -35   19.07278187
           -34   19.79556108
           -33   20.51255562
           -32   21.22390381
           -31   21.92973018
           -30   22.63015126
           -29   23.32528068
           -28   24.01522919
           -27   24.70010478
           -26    25.3799915
           -25   26.05500825
           -24   26.72525545
           -23   27.39082135
           -22   28.05178007
           -21   28.70825138
           -20   29.36028546
           -19   30.00799943
           -18   30.65143923
           -17   31.29071768
           -16   31.92587934
           -15   32.55701438
           -14    33.1841998
           -13    33.8074944
           -12    34.4269588
           -11   35.04267216
           -10   35.65469668
            -9    36.2630933
            -8   36.86792174
            -7   37.46924053
            -6   38.06710703
            -5   38.66157747
            -4   39.25270695
            -3    39.8405495
            -2   40.42515806
            -1   41.00658454
             0   41.58486581
             1   42.16005698
             2   42.73221323
             3   43.30138258
             4   43.86758265
             5   44.43088556
             6   44.99133012
             7   45.54893846
             8   46.10378234
             9   46.65586533
            10   47.20526343
            11   47.75197897
            12   48.29608491
            13   48.83758145
            14   49.37653322
            15   49.91296446
            16   50.44689996
            17   50.97839117
            18   51.50746227
            19   52.03413336
            20   52.55845261
            21   53.08044914
            22   53.60015149
            23   54.11757352
            24   54.63275955
            25    55.1457369
            26   55.65653251
            27   56.16517291
            28   56.67168422
            29   57.17609217
            30   57.67842211
            31     58.178699
            32   58.67694745
            33   59.17319167
            34   59.66745554
            35   60.15976257
            36   60.65013593
            37   61.13859844
            38   61.62517259
            39   62.10988053
            40   62.59273839
            41   63.07376425
            42   63.55298716
            43   64.03042802
            44   64.50610745
            45   64.98003036
            46   65.45222626
            47   65.92271964
            48   66.39152352
            49   66.85864503
            50   67.32412055
            51   67.78795965
            52   68.25017051
            53    68.7107896
            54   69.16981226
            55   69.62726967
            56   70.08317485
            57   70.53753626
            58   70.99038409
            59    71.4417135
            60    71.8915626
            61   72.33992238
            62   72.78682998
            63    73.2322809
            64    73.6763028
            65   74.11890409
            66   74.56009477
            67    74.9999041
            68   75.43831676
            69   75.87537305
            70   76.31107692
            71   76.74543145
            72   77.17846559
            73   77.61018355
            74    78.0405896
            75   78.46970997
            76   78.89755563
            77   79.32412072
            78   79.74943197
            79   80.17350168
            80   80.59634035
            81   81.01794606
            82   81.43833978
            83   81.85753417
            84   82.27553925
            85   82.69236497
            86   83.10801575
            87    83.5225024
            88   83.93583969
            89   84.34803711
            90   84.75910408
            91   85.16904991
            92   85.57788381
            93   85.98561488
            94   86.39225216
            95   86.79780456
            96   87.20227943
            97   87.60568627
            98   88.00803517
            99   88.40933466
           100   88.80959321
           101    89.2088192
           102   89.60702092
           103   90.00420655
           104   90.40038423
           105   90.79555916
           106   91.18974125
           107   91.58293865
           108   91.97515914
           109   92.36641046
           110   92.75670024
           111   93.14603604
           112   93.53442537
           113   93.92187562
           114   94.30839414
           115   94.69398447
           116   95.07865178
           117   95.46240843
           118   95.84526146
           119   96.22721786
           120   96.60828455
           121   96.98846134
           122   97.36775651
           123   97.74618183
           124   98.12374397
           125   98.50044949
           126   98.87629068
           127   99.25128754
           128   99.62544673
           129   99.99877387
           130   100.3712603
           131   100.7429275
           132   101.1137816
           133   101.4838192
           134   101.8530473
           135     102.22148
           136    102.589117
           137   102.9559574
           138   103.3220197
           139   103.6873023
           140   104.0518051
           141   104.4155466
           142     104.77852
           143   105.1407339
           144   105.5022028
           145   105.8629109
           146   106.2228833
           147   106.5821165
           148   106.9406124
           149   107.2983886
           150   107.6554278
           151   108.0117582
           152   108.3673665
           153   108.7222694
           154   109.0764652
           155   109.4299593
           156   109.7827597
           157   110.1348637
           158   110.4862853
           159   110.8370173
           160   111.1870768
           161   111.5364549
           162   111.8851684
           163     112.23321
           164   112.5805937
           165   112.9273163
           166   113.2733858
           167   113.6188063
           168   113.9635772
           169   114.3077124
           170      114.6512
           171   114.9940631
           172   115.3362856
           173   115.6778874
           174    116.018865
           175   116.3592203
           176   116.6989682
           177   117.0380919
           178   117.3766145
           179   117.7145321
           180   118.0518435
           181   118.3885642
           182   118.7246843
           183   119.0602143
           184   119.3951631
           185   119.7295184
           186   120.0632964
           187   120.3965027
           188   120.7291251
           189   121.0611802
           190   121.3926727
           191   121.7235934
           192   122.0539538
           193   122.3837606
           194     122.71301
           195   123.0417035
           196   123.3698521
           197   123.6974586
           198   124.0245135
           199   124.3510308
           200   124.6770146
           201   125.0024663
           202   125.3273786
           203   125.6517658
           204   125.9756305
           205   126.2989752
           206   126.6217918
           207   126.9440936
           208   127.2658835
           209   127.5871641
           210   127.9079341
           211   128.2281939
           212   128.5479522
           213   128.8672116
           214   129.1859746
           215   129.5042415
           216   129.8220103
           217   130.1392902
           218   130.4560836
           219   130.7723929
           220   131.0882206
           221   131.4035672
           222   131.7184314
           223   132.0328212
           224   132.3467389
           225   132.6601868
           226   132.9731671
           227   133.2856822
           228   133.5977343
           229   133.9093213
           230   134.2204488
           231   134.5311203
           232   134.8413378
           233   135.1511037
           234   135.4604199
           235   135.7692888
           236   136.0777124
           237   136.3856929
           238   136.6932324
           239   137.0003327
           240   137.3069933
           241   137.6132194
           242   137.9190129
           243    138.224376
           244   138.5293106
           245   138.8338189
           246   139.1379027
           247   139.4415641
           248   139.7448052
           249   140.0476277
           250   140.3500337
           251   140.6520252
           252   140.9536041
           253   141.2547723
           254   141.5555316
           255   141.8558841
           256   142.1558315
           257   142.4553758
           258   142.7545188
           259   143.0532624
           260   143.3516084
           261   143.6495586
           262   143.9471149
           263    144.244279
           264   144.5410528
           265    144.837438
           266   145.1334365
           267   145.4290498
           268     145.72428
           269   146.0191285
           270   146.3135973
           271   146.6076879
           272   146.9014022
           273   147.1947395
           274    147.487703
           275    147.780295
           276   148.0725173
           277   148.3643714
           278    148.655859
           279   148.9469817
           280   149.2377413
           281   149.5281392
           282   149.8181771
           283   150.1078566
           284   150.3971781
           285   150.6861409
           286   150.9747498
           287   151.2630066
           288   151.5509127
           289   151.8384696
           290    152.125679
           291   152.4125423
           292   152.6990606
           293   152.9852305
           294   153.2710588
           295   153.5565468
           296   153.8416962
           297   154.1265084
           298   154.4109848
           299   154.6951249
           300   154.9789274
           301   155.2623985
           302   155.5455394
           303   155.8283517
           304   156.1108368
           305   156.3929931
           306   156.6748204
           307   156.9563246
           308    157.237507
           309    157.518369
           310   157.7989116
           311   158.0791288
           312   158.3590297
           313   158.6386155
           314   158.9178875
           315   159.1968459
           316   159.4754859
           317    159.753816
           318   160.0318376
           319   160.3095519
           320    160.586955
           321   160.8640496
           322   161.1408406
           323   161.4173294
           324   161.6935147
           325   161.9693934
           326   162.2449735
           327   162.5202563
           328   162.7952412
           329   163.0699231
           330   163.3443114
           331   163.6184073
           332   163.8922088
           333    164.165713
           334   164.4389282
           335   164.7118557
           336   164.9844906
           337   165.2568354
           338   165.5288959
           339   165.8006733
           340    166.072158
           341   166.3433615
           342   166.6142853
           343   166.8849247
           344    167.155281
           345   167.4253609
           346   167.6951637
           347   167.9646825
           348   168.2339282
           349   168.5029018
           350   168.7715937
           351   169.0400146
           352   169.3081666
           353   169.5760419
           354   169.8436473
           355   170.1109871
           356   170.3780539
           357   170.6448531
           358   170.9113896
           359   171.1776563
           360   171.4436582
           361   171.7094006
           362   171.9748752
           363   172.2400887
           364   172.5050458
           365   172.7697362
           366   173.0341702
           367     173.29835
           368   173.5622647
           369   173.8259277
           370   174.0893363
           371   174.3524856
           372   174.6153863
           373   174.8780312
           374   175.1404237
           375   175.4025703
           376   175.6644591
           377    175.926103
           378   176.1874993
           379    176.448644
           380   176.7095475
           381      176.9702
           382   177.2306096
           383   177.4907775
           384   177.7506967
           385   178.0103793
           386   178.2698153
           387   178.5290126
           388   178.7879717
           389   179.0466872
           390   179.3051704
           391   179.5634093
           392   179.8214158
           393   180.0791853
           394   180.3367183
           395   180.5940213
           396   180.8510842
           397   181.1079207
           398   181.3645194
           399   181.6208907
           400   181.8770302
           401   182.1329395
           402   182.3886226
           403   182.6440729
           404   182.8993025
           405    183.154297
           406   183.4090726
           407   183.6636176
           408   183.9179421
           409   184.1720406
           410   184.4259171
           411   184.6795717
           412   184.9330033
           413   185.1862167
           414   185.4392063
           415   185.6919814
           416   185.9445319
           417   186.1968712
           418   186.4489857
           419   186.7008915
           420   186.9525732
           421   187.2040473
           422   187.4552999
           423   187.7063453
           424   187.9571713
           425   188.2077908
           426   188.4581928
           427   188.7083893
           428   188.9583698
           429   189.2081461
           430   189.4577076
           431   189.7070664
           432   189.9562114
           433   190.2051556
           434   190.4538866
           435   190.7024187
           436   190.9507382
           437   191.1988608
           438   191.4467715
           439    191.694486
           440   191.9419914
           441   192.1893004
           442   192.4364032
           443   192.6833089
           444   192.9300118
           445   193.1765166
           446   193.4228221
           447   193.6689284
           448   193.9148391
           449   194.1605492
           450   194.4060676
           451   194.6513839
           452   194.8965114
           453   195.1414373
           454   195.3861743
           455   195.6307141
           456   195.8750628
           457   196.1192192
           458   196.3631818
           459   196.6069571
           460    196.850536
           461   197.0939307
           462     197.33713
           463   197.5801441
           464   197.8229683
           465   198.0656041
           466   198.3080556
           467   198.5503151
           468    198.792394
           469   199.0342818
           470   199.2759876
           471   199.5175086
           472   199.7588434
           473           200
           474   200.2412043
           475   200.4821386
           476   200.7227927
           477   200.9631701
           478   201.2032785
           479    201.443103
           480   201.6826618
           481   201.9219454
           482   202.1609569
           483   202.3997054
           484   202.6381735
           485   202.8763802
           486   203.1143197
           487   203.3519884
           488   203.5893984
           489   203.8265378
           490   204.0634153
           491   204.3000364
           492   204.5363849
           493   204.7724789
           494   205.0083151
           495   205.2438855
           496   205.4792038
           497    205.714264
           498   205.9490639
           499   206.1836141
           500    206.417907
           501   206.6519441
           502   206.8857337
           503   207.1192678
           504   207.3525495
           505   207.5855862
           506     207.81837
           507   208.0509037
           508   208.2831947
           509   208.5152366
           510   208.7470296
           511   208.9785821
           512   209.2098903
           513   209.4409498
           514   209.6717711
           515   209.9023537
           516   210.1326869
           517    210.362784
           518   210.5926457
           519   210.8222628
           520   211.0516427
           521   211.2807895
           522   211.5096994
           523   211.7383691
           524   211.9668077
           525   212.1950161
           526   212.4229845
           527   212.6507218
           528    212.878231
           529   213.1055101
           530   213.3325528
           531   213.5593694
           532   213.7859606
           533   214.0123216
           534   214.2384522
           535   214.4643595
           536   214.6900441
           537   214.9154998
           538   215.1407297
           539   215.3657389
           540   215.5905281
           541   215.8150912
           542   216.0394315
           543   216.2635536
           544   216.4874584
           545   216.7111414
           546   216.9346029
           547   217.1578489
           548   217.3808801
           549   217.6036954
           550   217.8262888
           551   218.0486693
           552   218.2708375
           553    218.492794
           554   218.7145331
           555   218.9360587
           556   219.1573744
           557   219.3784809
           558   219.5993788
           559   219.8200599
           560   220.0405335
           561   220.2608003
           562   220.4808609
           563   220.7007156
           564   220.9203571
           565   221.1397943
           566   221.3590277
           567   221.5780579
           568   221.7968854
           569   222.0155042
           570   222.2339203
           571   222.4521356
           572   222.6701505
           573   222.8879657
           574   223.1055793
           575   223.3229893
           576   223.5402014
           577   223.7572159
           578   223.9740336
           579    224.190655
           580   224.4070775
           581    224.623301
           582   224.8393298
           583   225.0551646
           584   225.2708058
           585   225.4862539
           586   225.7015089
           587   225.9165663
           588   226.1314324
           589   226.3461076
           590   226.5605925
           591   226.7748877
           592   226.9889936
           593   227.2029095
           594   227.4166327
           595   227.6301683
           596   227.8435167
           597   228.0566786
           598   228.2696544
           599   228.4824445
           600   228.6950496
           601    228.907467
           602   229.1196983
           603   229.3317462
           604    229.543611
           605   229.7552933
           606   229.9667936
           607   230.1781124
           608   230.3892501
           609   230.6002072
           610   230.8109799
           611   231.0215731
           612   231.2319873
           613   231.4422229
           614   231.6522805
           615   231.8621604
           616   232.0718633
           617   232.2813895
           618   232.4907396
           619   232.6999139
           620   232.9089095
           621   233.1177303
           622   233.3263769
           623   233.5348498
           624   233.7431494
           625   233.9512761
           626   234.1592304
           627   234.3670129
           628   234.5746238
           629   234.7820638
           630   234.9893332
           631   235.1964325
           632   235.4033608
           633   235.6101186
           634   235.8167076
           635   236.0231284
           636   236.2293814
           637   236.4354671
           638   236.6413858
           639    236.847138
           640   237.0527242
           641   237.2581448
           642   237.4634002
           643   237.6684908
           644   237.8734171
           645   238.0781796
           646   238.2827785
           647   238.4872145
           648   238.6914878
           649   238.8955989
           650   239.0995483
           651    239.303335
           652   239.5069607
           653   239.7104259
           654   239.9137311
           655   240.1168767
           656   240.3198631
           657   240.5226907
           658     240.72536
           659   240.9278712
           660   241.1302249
           661   241.3324214
           662   241.5344612
           663   241.7363446
           664   241.9380721
           665    242.139644
           666   242.3410608
           667   242.5423228
           668   242.7434304
           669   242.9443841
           670   243.1451843
           671   243.3458312
           672   243.5463254
           673   243.7466672
           674   243.9468569
           675   244.1468951
           676    244.346782
           677   244.5465181
           678   244.7461037
           679   244.9455392
           680    245.144825
           681   245.3439615
           682    245.542949
           683    245.741788
           684   245.9404788
           685   246.1390217
           686   246.3374172
           687   246.5356657
           688   246.7337674
           689   246.9317228
           690   247.1295322
           691    247.327196
           692   247.5247146
           693   247.7220883
           694   247.9193176
           695   248.1164026
           696   248.3133439
           697   248.5101418
           698   248.7067966
           699   248.9033086
           700   249.0996782
           701   249.2959046
           702   249.4919892
           703   249.6879325
           704   249.8837348
           705   250.0793965
           706   250.2749178
           707   250.4702993
           708   250.6655411
           709   250.8606437
           710   251.0556074
           711   251.2504325
           712   251.4451194
           713   251.6396684
           714   251.8340799
           715   252.0283541
           716   252.2224915
           717   252.4164924
           718   252.6103571
           719    252.804086
           720   252.9976784
           721   253.1911342
           722   253.3844551
           723   253.5776413
           724   253.7706934
           725   253.9636115
           726   254.1563961
           727   254.3490473
           728   254.5415657
           729   254.7339514
           730   254.9262049
           731   255.1183263
           732   255.3103161
           733   255.5021746
           734      255.6939
           735   255.8854938
           736   256.0769571
           737   256.2682904
           738   256.4594939
           739    256.650568
           740   256.8415129
           741   257.0323289
           742   257.2230164
           743   257.4135756
           744    257.604007
           745   257.7943087
           746   257.9844817
           747   258.1745276
           748   258.3644468
           749   258.5542396
           750   258.7439063
           751   258.9334471
           752   259.1228624
           753   259.3121525
           754   259.5013177
           755   259.6903549
           756   259.8792672
           757   260.0680555
           758   260.2567201
           759   260.4452611
           760    260.633679
           761    260.821974
           762   261.0101463
           763   261.1981958
           764   261.3861196
           765   261.5739218
           766   261.7616024
           767   261.9491618
           768   262.1366004
           769   262.3239183
           770   262.5111159
           771   262.6981928
           772   262.8851462
           773   263.0719799
           774   263.2586945
           775   263.4452901
           776    263.631767
           777   263.8181255
           778    264.004366
           779   264.1904853
           780   264.3764855
           781   264.5623684
           782   264.7481343
           783   264.9337833
           784   265.1193159
           785   265.3047323
           786   265.4900293
           787   265.6752089
           788   265.8602732
           789   266.0452222
           790   266.2300563
           791   266.4147758
           792   266.5993807
           793   266.7838664
           794   266.9682383
           795   267.1524965
           796   267.3366414
           797   267.5206732
           798   267.7045922
           799   267.8883947
           800   268.0720833
           801   268.2556598
           802   268.4391245
           803   268.6224776
           804   268.8057195
           805   268.9888465
           806   269.1718608
           807   269.3547645
           808    269.537558
           809   269.7202413
           810   269.9028148
           811   270.0852739
           812   270.2676227
           813   270.4498625
           814   270.6319933
           815   270.8140156
           816   270.9959282
           817    271.177728
           818     271.35942
           819   271.5410043
           820   271.7224812
           821    271.903851
           822    272.085109
           823    272.266259
           824   272.4473026
           825     272.62824
           826   272.8090714
           827   272.9897937
           828   273.1704076
           829   273.3509162
           830   273.5313198
           831   273.7116185
           832   273.8918101
           833   274.0718935
           834   274.2518728
           835   274.4317482
           836   274.6115199
           837   274.7911854
           838    274.970744
           839   275.1501995
           840   275.3295523
           841   275.5088026
           842   275.6879467
           843   275.8669859
           844   276.0459233
           845    276.224759
           846   276.4034933
           847   276.5821207
           848    276.760646
           849   276.9390706
           850   277.1173946
           851    277.295617
           852   277.4737336
           853   277.6517504
           854   277.8296676
           855   278.0074852
           856    278.185199
           857   278.3628114
           858   278.5403249
           859   278.7177399
           860    278.895055
           861   279.0722662
           862   279.2493795
           863   279.4263951
           864   279.6033132
           865   279.7801276
           866   279.9568439
           867   280.1334633
           868    280.309986
           869    280.486408
           870   280.6627305
           871    280.838957
           872   281.0150876
           873   281.1911198
           874   281.3670518
           875   281.5428885
           876   281.7186301
           877   281.8942752
           878   282.0698197
           879   282.2452698
           880   282.4206257
           881   282.5958863
           882   282.7710466
           883   282.9461132
           884   283.1210864
           885   283.2959651
           886   283.4707442
           887   283.6454304
           888    283.820024
           889   283.9945234
           890   284.1689244
           891   284.3432333
           892   284.5174503
           893   284.6915731
           894   284.8655989
           895   285.0395335
           896    285.213377
           897   285.3871256
           898   285.5607793
           899   285.7343426
           900   285.9078155
           901   286.0811924
           902   286.2544771
           903   286.4276719
           904   286.6007772
           905   286.7737851
           906   286.9467035
           907   287.1195329
           908   287.2922711
           909   287.4649147
           910   287.6374698
           911   287.8099366
           912     287.98231
           913   288.1545924
           914   288.3267871
           915   288.4988939
           916   288.6709051
           917   288.8428292
           918   289.0146663
           919   289.1864125
           920   289.3580676
           921   289.5296362
           922   289.7011185
           923   289.8725064
           924    290.043808
           925   290.2150239
           926     290.38615
           927   290.5571863
           928   290.7281372
           929   290.8990029
           930   291.0697752
           931   291.2404628
           932   291.4110658
           933    291.581579
           934   291.7520047
           935   291.9223464
           936   292.0926021
           937   292.2627674
           938   292.4328492
           939   292.6028477
           940   292.7727549
           941   292.9425783
           942   293.1123188
           943   293.2819714
           944   293.4515379
           945    293.621022
           946   293.7904211
           947   293.9597321
           948   294.1289612
           949   294.2981081
           950    294.467165
           951   294.6361405
           952   294.8050349
           953   294.9738407
           954   295.1425641
           955   295.3112068
           956   295.4797632
           957   295.6482359
           958   295.8166284
           959   295.9849365
           960   296.1531599
           961   296.3213035
           962   296.4893646
           963     296.65734
           964   296.8252363
           965   296.9930514
           966   297.1607803
           967   297.3284305
           968    297.496001
           969   297.6634847
           970   297.8308902
           971    297.998217
           972    298.165457
           973   298.3326191
           974   298.4997035
           975    298.666701
           976   298.8336212
           977   299.0004641
           978   299.1672206
           979   299.3339001
           980   299.5005029
           981   299.6670197
           982   299.8334599
           983   299.9998237
           984   300.1661019
           985   300.3323041
           986     300.49843
           987    300.664471
           988   300.8304365
           989   300.9963256
           990   301.1621308
           991   301.3278609
           992   301.4935143
           993   301.6590849
           994   301.8245809
           995   301.9899996
           996    302.155337
           997   302.3206002
           998   302.4857853
           999   302.6508907
          1000   302.8159224
          1001    302.980875
          1002   303.1457497
          1003   303.3105511
          1004   303.4752723
          1005   303.6399175
          1006   303.8044899
          1007   303.9689808
          1008   304.1333978
          1009   304.2977417
          1010   304.4620039
          1011    304.626194
          1012   304.7903093
          1013   304.9543453
          1014   305.1183096
          1015   305.2821973
          1016   305.4460084
          1017   305.6097482
          1018   305.7734094
          1019   305.9369967
          1020   306.1005132
          1021   306.2639489
          1022   306.4273137
          1023   306.5906055
          1024   306.7538192
          1025   306.9169628
          1026   307.0800307
          1027   307.2430239
          1028   307.4059473
          1029   307.5687924
          1030   307.7315662
          1031   307.8942691
          1032   308.0568939
          1033   308.2194496
          1034   308.3819313
          1035   308.5443387
          1036   308.7066774
          1037   308.8689389
          1038   309.0311301
          1039    309.193251
          1040   309.3552952
          1041   309.5172712
          1042   309.6791736
          1043   309.8410034
          1044   310.0027655
          1045   310.1644503
          1046   310.3260669
          1047   310.4876128
          1048   310.6490844
          1049   310.8104889
          1050   310.9718188
          1051    311.133079
          1052    311.294271
          1053   311.4553874
          1054   311.6164374
          1055    311.777415
          1056   311.9383219
          1057   312.0991626
          1058   312.2599269
          1059   312.4206255
          1060   312.5812533
          1061   312.7418099
          1062   312.9023012
          1063   313.0627171
          1064   313.2230672
          1065   313.3833477
          1066   313.5435571
          1067   313.7037017
          1068   313.8637719
          1069   314.0237765
          1070   314.1837123
          1071   314.3435774
          1072   314.5033783
          1073   314.6631052
          1074   314.8227673
          1075   314.9823608
          1076   315.1418845
          1077   315.3013446
          1078   315.4607308
          1079   315.6200533
          1080    315.779307
          1081   315.9384922
          1082   316.0976138
          1083   316.2566623
          1084    316.415648
          1085   316.5745643
          1086   316.7334139
          1087    316.892199
          1088    317.050913
          1089   317.2095648
          1090   317.3681461
          1091   317.5266629
          1092    317.685114
          1093   317.8434963
          1094    318.001817
          1095   318.1600657
          1096   318.3182525
          1097   318.4763719
          1098   318.6344253
          1099   318.7924157
          1100   318.9503361
          1101   319.1081958
          1102   319.2659858
          1103    319.423713
          1104    319.581375
          1105   319.7389703
          1106   319.8965046
          1107   320.0539684
          1108   320.2113723
          1109   320.3687081
          1110   320.5259811
          1111   320.6831901
          1112   320.8403327
          1113   320.9974152
          1114   321.1544278
          1115   321.3113812
          1116   321.4682672
          1117   321.6250912
          1118   321.7818516
          1119   321.9385467
          1120   322.0951818
          1121   322.2517483
          1122   322.4082564
          1123   322.5646969
          1124   322.7210771
          1125   322.8773932
          1126   323.0336459
          1127    323.189838
          1128   323.3459635
          1129   323.5020314
          1130   323.6580308
          1131   323.8139721
          1132   323.9698483
          1133   324.1256636
          1134   324.2814169
          1135   324.4371065
          1136   324.5927372
          1137   324.7483016
          1138   324.9038091
          1139   325.0592496
          1140   325.2146325
          1141   325.3699512
          1142   325.5252098
          1143   325.6804072
          1144   325.8355419
          1145   325.9906182
          1146   326.1456294
          1147   326.3005848
          1148   326.4554731
          1149   326.6103056
          1150   326.7650737
          1151   326.9197837
          1152   327.0744318
          1153   327.2290197
          1154   327.3835482
          1155   327.5380144
          1156   327.6924236
          1157   327.8467684
          1158   328.0010584
          1159   328.1552825
          1160   328.3094517
          1161   328.4635573
          1162   328.6176062
          1163   328.7715936
          1164   328.9255225
          1165    329.079392
          1166   329.2332012
          1167   329.3869533
          1168   329.5406432
          1169    329.694278
          1170    329.847849
          1171   330.0013666
          1172   330.1548194
          1173   330.3082186
          1174    330.461555
          1175   330.6148362
          1176   330.7680565
          1177   330.9212201
          1178   331.0743245
          1179   331.2273709
          1180   331.3803598
          1181   331.5332894
          1182    331.686163
          1183    331.838976
          1184   331.9917348
          1185   332.1444316
          1186   332.2970757
          1187   332.4496568
          1188    332.602186
          1189   332.7546522
          1190   332.9070662
          1191   333.0594185
          1192   333.2117176
          1193   333.3639563
          1194   333.5161409
          1195   333.6682664
          1196   333.8203367
          1197   333.9723492
          1198   334.1243057
          1199   334.2762055
          1200   334.4280486
          1201    334.579836
          1202   334.7315659
          1203   334.8832412
          1204   335.0348583
          1205   335.1864218
          1206   335.3379264
          1207   335.4893784
          1208   335.6407709
          1209   335.7921116
          1210   335.9433924
          1211   336.0946221
          1212   336.2457916
          1213   336.3969106
          1214   336.5479689
          1215   336.6989776
          1216   336.8499252
          1217   337.0008235
          1218   337.1516609
          1219    337.302449
          1220   337.4531767
          1221   337.6038549
          1222   337.7544733
          1223   337.9050419
          1224   338.0555512
          1225   338.2060106
          1226    338.356411
          1227   338.5067615
          1228   338.6570533
          1229   338.8072953
          1230   338.9574789
          1231   339.1076126
          1232   339.2576882
          1233    339.407714
          1234   339.5576818
          1235      339.7076
          1236   339.8574604
          1237   340.0072714
          1238   340.1570246
          1239   340.3067286
          1240   340.4563749
          1241   340.6059723
          1242   340.7555119
          1243    340.905003
          1244   341.0544363
          1245   341.2038214
          1246   341.3531486
          1247    341.502428
          1248   341.6516494
          1249   341.8008235
          1250   341.9499392
          1251   342.0990081
          1252   342.2480188
          1253   342.3969824
          1254   342.5458886
          1255   342.6947473
          1256   342.8435492
          1257   342.9923032
          1258   343.1410011
          1259   343.2896508
          1260   343.4382451
          1261   343.5867906
          1262   343.7352816
          1263   343.8837232
          1264   344.0321112
          1265   344.1804492
          1266   344.3287344
          1267   344.4769691
          1268   344.6251519
          1269   344.7732835
          1270   344.9213642
          1271   345.0693929
          1272   345.2173718
          1273   345.3652979
          1274   345.5131753
          1275   345.6609991
          1276   345.8087753
          1277    345.956497
          1278   346.1041723
          1279   346.2517922
          1280   346.3993667
          1281   346.5468851
          1282   346.6943582
          1283   346.8417765
          1284   346.9891483
          1285   347.1364667
          1286   347.2837376
          1287   347.4309564
          1288   347.5781266
          1289   347.7252461
          1290   347.8723158
          1291   348.0193364
          1292   348.1663058
          1293   348.3132277
          1294   348.4600972
          1295   348.6069206
          1296   348.7536903
          1297   348.9004156
          1298   349.0470859
          1299   349.1937119
          1300   349.3402844
          1301   349.4868112
          1302   349.6332863
          1303   349.7797142
          1304   349.9260921
          1305   350.0724214
          1306   350.2187025
          1307   350.3649334
          1308   350.5111179
          1309   350.6572506
          1310   350.8033388
          1311   350.9493736
          1312   351.0953647
          1313   351.2413029
          1314   351.3871964
          1315    351.533039
          1316   351.6788352
          1317   351.8245824
          1318   351.9702814
          1319   352.1159336
          1320   352.2615358
          1321   352.4070932
          1322   352.5525988
          1323   352.6980612
          1324   352.8434708
          1325   352.9888369
          1326   353.1341524
          1327   353.2794225
          1328   353.4246442
          1329   353.5698184
          1330   353.7149465
          1331   353.8600251
          1332   354.0050599
          1333   354.1500431
          1334   354.2949838
          1335    354.439873
          1336   354.5847186
          1337   354.7295152
          1338    354.874266
          1339   355.0189702
          1340   355.1636264
          1341   355.3082385
          1342   355.4528004
          1343     355.59732
          1344   355.7417883
          1345    355.886214
          1346   356.0305908
          1347   356.1749226
          1348   356.3192083
          1349   356.4634465
          1350   356.6076413
          1351   356.7517861
          1352   356.8958893
          1353   357.0399419
          1354    357.183952
          1355   357.3279144
          1356   357.4718316
          1357    357.615704
          1358   357.7595286
          1359   357.9033112
          1360   358.0470435
          1361   358.1907344
          1362   358.3343766
          1363   358.4779755
          1364   358.6215285
          1365   358.7650356
          1366   358.9084997
          1367   359.0519152
          1368   359.1952896
          1369   359.3386147
          1370   359.4818978
          1371   359.6251346
          1372   359.7683266
          1373   359.9114753
          1374   360.0545765
          1375   360.1976369
          1376   360.3406479
          1377   360.4836178
          1378   360.6265414
          1379   360.7694209
          1380   360.9122573
          1381   361.0550466
          1382   361.1977956
          1383   361.3404955
          1384   361.4831547
          1385    361.625768
          1386   361.7683375
          1387   361.9108646
          1388   362.0533447
          1389   362.1957847
          1390   362.3381765
          1391   362.4805274
          1392   362.6228335
          1393   362.7650954
          1394    362.907316
          1395   363.0494893
          1396   363.1916229
          1397   363.3337094
          1398   363.4757546
          1399   363.6177563
          1400   363.7597132
          1401   363.9016302
          1402   364.0434991
          1403   364.1853286
          1404   364.3271129
          1405   364.4688547
          1406   364.6105549
          1407   364.7522091
          1408   364.8938242
          1409   365.0353925
          1410   365.1769203
          1411   365.3184051
          1412   365.4598459
          1413   365.6012474
          1414   365.7426015
          1415   365.8839165
          1416   366.0251874
          1417   366.1664159
          1418   366.3076041
          1419   366.4487463
          1420   366.5898499
          1421   366.7309082
          1422   366.8719256
          1423   367.0129018
          1424   367.1538335
          1425   367.2947266
          1426   367.4355738
          1427   367.5763814
          1428   367.7171469
          1429   367.8578692
          1430   367.9985531
          1431   368.1391905
          1432   368.2797894
          1433   368.4203457
          1434   368.5608597
          1435   368.7013353
          1436   368.8417646
          1437   368.9821559
          1438   369.1225045
          1439   369.2628114
          1440   369.4030797
          1441   369.5433024
          1442   369.6834872
          1443   369.8236293
          1444   369.9637302
          1445   370.1037926
          1446   370.2438098
          1447   370.3837894
          1448   370.5237264
          1449   370.6636225
          1450   370.8034803
          1451   370.9432931
          1452   371.0830685
          1453   371.2228018
          1454   371.3624941
          1455   371.5021488
          1456   371.6417583
          1457   371.7813307
          1458   371.9208615
          1459   372.0603513
          1460   372.1998039
          1461   372.3392114
          1462   372.4785818
          1463   372.6179115
          1464   372.7571998
          1465   372.8964512
          1466   373.0356583
          1467   373.1748279
          1468   373.3139578
          1469   373.4530457
          1470   373.5920969
          1471    373.731105
          1472   373.8700748
          1473   374.0090062
          1474   374.1478948
          1475   374.2867469
          1476   374.4255573
          1477   374.5643285
          1478   374.7030626
          1479    374.841753
          1480   374.9804071
          1481   375.1190209
          1482   375.2575945
          1483   375.3961319
          1484    375.534626
          1485   375.6730831
          1486   375.8115018
          1487   375.9498789
          1488   376.0882199
          1489   376.2265195
          1490   376.3647808
          1491   376.5030055
          1492   376.6411871
          1493   376.7793329
          1494   376.9174393
          1495   377.0555057
          1496   377.1935364
          1497   377.3315249
          1498   377.4694765
          1499   377.6073909
          1500   377.7452636
          1501   377.8831007
          1502    378.020898
          1503   378.1586564
          1504   378.2963793
          1505     378.43406
          1506   378.5717045
          1507   378.7093118
          1508    378.846878
          1509    378.984409
          1510   379.1219004
          1511   379.2593534
          1512   379.3967712
          1513    379.534147
          1514   379.6714871
          1515   379.8087903
          1516   379.9460528
          1517   380.0832803
          1518   380.2204688
          1519   380.3576189
          1520   380.4947342
          1521   380.6318083
          1522   380.7688465
          1523   380.9058487
          1524     381.04281
          1525   381.1797366
          1526   381.3166251
          1527    381.453475
          1528   381.5902903
          1529   381.7270656
          1530   381.8638045
          1531   382.0005087
          1532   382.1371713
          1533   382.2737995
          1534   382.4103912
          1535   382.5469433
          1536   382.6834612
          1537   382.8199407
          1538   382.9563827
          1539   383.0927905
          1540   383.2291584
          1541   383.3654906
          1542   383.5017884
          1543   383.6380453
          1544   383.7742681
          1545   383.9104548
          1546   384.0466025
          1547   384.1827162
          1548   384.3187923
          1549   384.4548312
          1550   384.5908361
          1551    384.726802
          1552   384.8627323
          1553   384.9986288
          1554   385.1344849
          1555    385.270307
          1556   385.4060942
          1557    385.541842
          1558   385.6775563
          1559   385.8132343
          1560   385.9488745
          1561   386.0844812
          1562   386.2200506
          1563   386.3555834
          1564   386.4910829
          1565   386.6265439
          1566   386.7619698
          1567   386.8973624
          1568   387.0327154
          1569   387.1680347
          1570   387.3033201
          1571   387.4385662
          1572   387.5737791
          1573   387.7089573
          1574   387.8440972
          1575   387.9792042
          1576   388.1142754
          1577   388.2493096
          1578   388.3843108
          1579   388.5192755
          1580   388.6542042
          1581   388.7891001
          1582   388.9239586
          1583   389.0587822
          1584   389.1935731
          1585   389.3283258
          1586   389.4630446
          1587   389.5977308
          1588   389.7323781
          1589   389.8669924
          1590   390.0015739
          1591   390.1361165
          1592   390.2706266
          1593   390.4051033
          1594    390.539542
          1595   390.6739482
          1596   390.8083205
          1597   390.9426556
          1598   391.0769583
          1599   391.2112266
          1600   391.3454582
          1601   391.4796577
          1602   391.6138224
          1603    391.747951
          1604   391.8820476
          1605    392.016109
          1606   392.1501349
          1607   392.2841288
          1608   392.4180873
          1609   392.5520109
          1610   392.6859025
          1611   392.8197584
          1612   392.9535799
          1613   393.0873695
          1614   393.2211233
          1615   393.3548429
          1616   393.4885308
          1617   393.6221828
          1618    393.755801
          1619   393.8893875
          1620   394.0229381
          1621    394.156455
          1622   394.2899405
          1623   394.4233899
          1624    394.556806
          1625   394.6901907
          1626   394.8235394
          1627   394.9568549
          1628   395.0901391
          1629   395.2233875
          1630   395.3566027
          1631   395.4897866
          1632    395.622935
          1633   395.7560503
          1634   395.8891343
          1635    396.022183
          1636   396.1551986
          1637    396.288183
          1638   396.4211324
          1639   396.5540486
          1640   396.6869338
          1641   396.8197842
          1642   396.9526013
          1643   397.0853874
          1644   397.2181393
          1645   397.3508575
          1646    397.483545
          1647   397.6161985
          1648   397.7488183
          1649   397.8814073
          1650    398.013963
          1651   398.1464845
          1652   398.2789753
          1653   398.4114334
          1654    398.543857
          1655   398.6762501
          1656   398.8086109
          1657   398.9409369
          1658   399.0732323
          1659   399.2054963
          1660   399.3377249
          1661   399.4699231
          1662   399.6020905
          1663    399.734222
          1664   399.8663232
          1665   399.9983941
          1666   400.1304292
          1667   400.2624337
          1668   400.3944079
          1669   400.5263472
          1670   400.6582553
          1671   400.7901332
          1672   400.9219771
          1673    401.053789
          1674   401.1855709
          1675   401.3173196
          1676   401.4490357
          1677   401.5807218
          1678   401.7123758
          1679   401.8439963
          1680   401.9755869
          1681   402.1071464
          1682   402.2386716
          1683   402.3701671
          1684   402.5016324
          1685   402.6330626
          1686   402.7644631
          1687   402.8958339
          1688   403.0271701
          1689    403.158476
          1690   403.2897522
          1691    403.420995
          1692   403.5522065
          1693   403.6833884
          1694   403.8145382
          1695   403.9456555
          1696   404.0767434
          1697   404.2078005
          1698    404.338824
          1699   404.4698181
          1700   404.6007828
          1701   404.7317127
          1702   404.8626134
          1703   404.9934848
          1704   405.1243226
          1705     405.25513
          1706   405.3859083
          1707   405.5166544
          1708   405.6473689
          1709   405.7780543
          1710   405.9087091
          1711   406.0393309
          1712   406.1699237
          1713   406.3004874
          1714   406.4310168
          1715   406.5615173
          1716   406.6919889
          1717   406.8224275
          1718   406.9528359
          1719   407.0832155
          1720   407.2135639
          1721   407.3438805
          1722   407.4741683
          1723   407.6044267
          1724   407.7346517
          1725   407.8648481
          1726   407.9950159
          1727   408.1251505
          1728   408.2552557
          1729   408.3853324
          1730   408.5153777
          1731    408.645392
          1732   408.7753777
          1733   408.9053341
          1734   409.0352577
          1735   409.1651528
          1736   409.2950196
          1737   409.4248537
          1738   409.5546585
          1739    409.684435
          1740   409.8141807
          1741   409.9438955
          1742    410.073582
          1743   410.2032397
          1744   410.3328646
          1745   410.4624614
          1746     410.59203
          1747   410.7215668
          1748    410.851074
          1749   410.9805532
          1750   411.1100027
          1751   411.2394207
          1752   411.3688107
          1753   411.4981728
          1754   411.6275022
          1755   411.7568033
          1756   411.8860765
          1757   412.0153193
          1758   412.1445317
          1759   412.2737164
          1760   412.4028728
          1761   412.5319968
          1762   412.6610931
          1763   412.7901618
          1764   412.9191994
          1765   413.0482076
          1766   413.1771882
          1767   413.3061401
          1768   413.4350605
          1769   413.5639534
          1770   413.6928187
          1771   413.8216527
          1772   413.9504581
          1773   414.0792359
          1774    414.207985
          1775    414.336703
          1776   414.4653937
          1777    414.594057
          1778   414.7226891
          1779   414.8512928
          1780   414.9798692
          1781   415.1084169
          1782   415.2369339
          1783   415.3654237
          1784   415.4938863
          1785   415.6223179
          1786   415.7507213
          1787   415.8790976
          1788   416.0074455
          1789   416.1357627
          1790   416.2640529
          1791   416.3923161
          1792   416.5205487
          1793   416.6487531
          1794   416.7769305
          1795   416.9050801
          1796   417.0331989
          1797   417.1612907
          1798   417.2893558
          1799    417.417391
          1800   417.5453976
          1801   417.6733774
          1802   417.8013302
          1803   417.9292517
          1804   418.0571465
          1805   418.1850147
          1806   418.3128539
          1807    418.440664
          1808   418.5684474
          1809   418.6962043
          1810   418.8239305
          1811   418.9516295
          1812    419.079302
          1813   419.2069468
          1814   419.3345616
          1815   419.4621499
          1816   419.5897118
          1817   419.7172444
          1818   419.8447488
          1819   419.9722269
          1820   420.0996786
          1821   420.2270994
          1822   420.3544939
          1823   420.4818621
          1824   420.6092025
          1825   420.7365136
          1826   420.8637984
          1827   420.9910571
          1828   421.1182866
          1829   421.2454884
          1830   421.3726641
          1831   421.4998137
          1832   421.6269327
          1833   421.7540256
          1834   421.8810925
          1835    422.008132
          1836   422.1351424
          1837   422.2621268
          1838   422.3890853
          1839   422.5160151
          1840   422.6429173
          1841   422.7697936
          1842    422.896644
          1843   423.0234647
          1844    423.150259
          1845   423.2770276
          1846   423.4037697
          1847   423.5304823
          1848   423.6571692
          1849   423.7838303
          1850   423.9104641
          1851   424.0370695
          1852   424.1636493
          1853   424.2902035
          1854   424.4167293
          1855    424.543228
          1856   424.6697011
          1857   424.7961487
          1858    424.922567
          1859   425.0489592
          1860    425.175326
          1861   425.3016671
          1862   425.4279786
          1863   425.5542648
          1864   425.6805256
          1865     425.80676
          1866   425.9329658
          1867   426.0591464
          1868   426.1853016
          1869   426.3114297
          1870   426.4375301
          1871   426.5636054
          1872   426.6896554
          1873   426.8156777
          1874   426.9416731
          1875   427.0676434
          1876   427.1935886
          1877   427.3195055
          1878   427.4453963
          1879    427.571262
          1880   427.6971027
          1881   427.8229146
          1882   427.9487011
          1883   428.0744627
          1884   428.2001992
          1885   428.3259067
          1886   428.4515893
          1887    428.577247
          1888   428.7028793
          1889   428.8284832
          1890   428.9540622
          1891   429.0796164
          1892    429.205145
          1893   429.3306455
          1894   429.4561213
          1895   429.5815724
          1896   429.7069977
          1897   429.8323953
          1898   429.9577683
          1899   430.0831166
          1900    430.208439
          1901    430.333734
          1902   430.4590045
          1903   430.5842504
          1904   430.7094703
          1905   430.8346631
          1906   430.9598314
          1907   431.0849753
          1908   431.2100931
          1909    431.335184
          1910   431.4602506
          1911   431.5852927
          1912   431.7103089
          1913   431.8352983
          1914   431.9602634
          1915   432.0852042
          1916   432.2101191
          1917   432.3350074
          1918   432.4598714
          1919   432.5847112
          1920   432.7095253
          1921   432.8343128
          1922    432.959076
          1923   433.0838152
          1924   433.2085289
          1925   433.3332158
          1926   433.4578787
          1927   433.5825176
          1928   433.7071312
          1929    433.831718
          1930   433.9562809
          1931   434.0808198
          1932   434.2053338
          1933   434.3298209
          1934    434.454284
          1935   434.5787232
          1936   434.7031381
          1937   434.8275257
          1938   434.9518894
          1939   435.0762294
          1940   435.2005454
          1941   435.3248339
          1942   435.4490986
          1943   435.5733396
          1944   435.6975569
          1945    435.821747
          1946    435.945913
          1947   436.0700554
          1948   436.1941742
          1949   436.3182664
          1950    436.442334
          1951   436.5663781
          1952   436.6903986
          1953   436.8143933
          1954    436.938363
          1955   437.0623091
          1956   437.1862318
          1957   437.3101294
          1958   437.4340013
          1959   437.5578498
          1960    437.681675
          1961   437.8054758
          1962   437.9292504
          1963   438.0530016
          1964   438.1767295
          1965   438.3004341
          1966   438.4241116
          1967   438.5477659
          1968   438.6713969
          1969   438.7950047
          1970   438.9185863
          1971    439.042144
          1972   439.1656784
          1973   439.2891897
          1974   439.4126759
          1975   439.5361372
          1976   439.6595754
          1977   439.7829906
          1978   439.9063816
          1979    440.029747
          1980   440.1530893
          1981   440.2764086
          1982   440.3997049
          1983   440.5229747
          1984   440.6462214
          1985   440.7694452
          1986   440.8926461
          1987   441.0158216
          1988    441.138973
          1989   441.2621016
          1990   441.3852074
          1991    441.508289
          1992   441.6313455
          1993   441.7543792
          1994   441.8773902
          1995   442.0003783
          1996   442.1233402
          1997   442.2462794
          1998   442.3691959
          1999   442.4920896
          2000   442.6149584
          2001   442.7378034
          2002   442.8606257
          2003   442.9834253
          2004   443.1062015
          2005   443.2289525
          2006   443.3516809
          2007   443.4743868
          2008   443.5970702
          2009    443.719728
          2010   443.8423629
          2011   443.9649754
          2012   444.0875653
          2013   444.2101313
          2014    444.332673
          2015   444.4551923
          2016   444.5776892
          2017   444.7001637
          2018   444.8226124
          2019   444.9450388
          2020   445.0674429
          2021   445.1898248
          2022   445.3121824
          2023   445.4345163
          2024   445.5568279
          2025   445.6791174
          2026   445.8013844
          2027    445.923626
          2028   446.0458455
          2029   446.1680428
          2030    446.290218
          2031   446.4123692
          2032   446.5344968
          2033   446.6566023
          2034   446.7786858
          2035   446.9007471
          2036   447.0227831
          2037   447.1447972
          2038   447.2667892
          2039   447.3887593
          2040   447.5107058
          2041   447.6326286
          2042   447.7545296
          2043   447.8764086
          2044   447.9982657
          2045   448.1200979
          2046    448.241908
          2047   448.3636963
          2048   448.4854628
          2049   448.6072063
          2050   448.7289259
          2051   448.8506237
          2052   448.9722998
          2053   449.0939541
          2054   449.2155844
          2055    449.337192
          2056    449.458778
          2057   449.5803423
          2058   449.7018847
          2059   449.8234025
          2060   449.9448987
          2061   450.0663733
          2062   450.1878263
          2063   450.3092563
          2064    450.430663
          2065   450.5520482
          2066   450.6734118
          2067   450.7947539
          2068   450.9160722
          2069   451.0373682
          2070   451.1586428
          2071   451.2798959
          2072   451.4011275
          2073   451.5223346
          2074   451.6435204
          2075   451.7646848
          2076   451.8858279
          2077   452.0069486
          2078   452.1280458
          2079   452.2491218
          2080   452.3701765
          2081     452.49121
          2082   452.6122204
          2083   452.7332082
          2084   452.8541748
          2085   452.9751203
          2086   453.0960445
          2087   453.2169451
          2088   453.3378239
          2089   453.4586816
          2090   453.5795182
          2091   453.7003337
          2092    453.821125
          2093   453.9418952
          2094   454.0626445
          2095   454.1833726
          2096   454.3040792
          2097   454.4247623
          2098   454.5454244
          2099   454.6660656
          2100   454.7866858
          2101    454.907284
          2102   455.0278593
          2103   455.1484137
          2104   455.2689472
          2105   455.3894598
          2106   455.5099501
          2107   455.6304181
          2108   455.7508652
          2109   455.8712915
          2110    455.991697
          2111   456.1120799
          2112   456.2324409
          2113   456.3527812
          2114   456.4731007
          2115   456.5933995
          2116   456.7136756
          2117     456.83393
          2118   456.9541638
          2119   457.0743769
          2120   457.1945694
          2121   457.3147392
          2122   457.4348875
          2123   457.5550152
          2124   457.6751224
          2125    457.795209
          2126   457.9152729
          2127   458.0353155
          2128   458.1553377
          2129   458.2753393
          2130   458.3953205
          2131   458.5152789
          2132   458.6352163
          2133   458.7551332
          2134   458.8750297
          2135   458.9949058
          2136   459.1147594
          2137   459.2345919
          2138    459.354404
          2139   459.4741958
          2140   459.5939673
          2141   459.7137164
          2142   459.8334444
          2143   459.9531522
          2144   460.0728396
          2145   460.1925069
          2146   460.3121521
          2147   460.4317761
          2148   460.5513798
          2149   460.6709634
          2150   460.7905268
          2151   460.9100686
          2152   461.0295889
          2153    461.149089
          2154   461.2685691
          2155   461.3880291
          2156   461.5074679
          2157   461.6268849
          2158   461.7462819
          2159   461.8656589
          2160   461.9850158
          2161   462.1043521
          2162   462.2236663
          2163   462.3429605
          2164   462.4622348
          2165   462.5814891
          2166   462.7007233
          2167   462.8199351
          2168   462.9391269
          2169   463.0582988
          2170   463.1774509
          2171   463.2965831
          2172   463.4156933
          2173   463.5347831
          2174   463.6538531
          2175   463.7729034
          2176   463.8919338
          2177    464.010943
          2178   464.1299312
          2179   464.2488997
          2180   464.3678485
          2181   464.4867776
          2182   464.6056862
          2183   464.7245732
          2184   464.8434406
          2185   464.9622883
          2186   465.0811164
          2187   465.1999249
          2188   465.3187111
          2189   465.4374777
          2190   465.5562248
          2191   465.6749523
          2192   465.7936602
          2193   465.9123469
          2194   466.0310132
          2195   466.1496599
          2196   466.2682872
          2197   466.3868951
          2198   466.5054826
          2199   466.6240489
          2200   466.7425958
          2201   466.8611232
          2202   466.9796313
          2203     467.09812
          2204   467.2165869
          2205   467.3350343
          2206   467.4534623
          2207   467.5718709
          2208   467.6902603
          2209   467.8086291
          2210   467.9269773
          2211   468.0453063
          2212   468.1636159
          2213   468.2819064
          2214   468.4001776
          2215    468.518427
          2216   468.6366572
          2217   468.7548683
          2218   468.8730601
          2219   468.9912329
          2220   469.1093851
          2221    469.227517
          2222   469.3456298
          2223   469.4637235
          2224   469.5817981
          2225   469.6998537
          2226   469.8178877
          2227   469.9359026
          2228   470.0538985
          2229   470.1718753
          2230   470.2898332
          2231    470.407771
          2232   470.5256884
          2233   470.6435868
          2234   470.7614663
          2235   470.8793269
          2236   470.9971686
          2237   471.1149892
          2238   471.2327906
          2239   471.3505731
          2240   471.4683367
          2241   471.5860815
          2242   471.7038069
          2243   471.8215116
          2244   471.9391975
          2245   472.0568645
          2246   472.1745128
          2247   472.2921424
          2248   472.4097518
          2249   472.5273414
          2250   472.6449122
          2251   472.7624644
          2252   472.8799978
          2253   472.9975126
          2254   473.1150066
          2255   473.2324816
          2256    473.349938
          2257   473.4673757
          2258   473.5847949
          2259   473.7021951
          2260   473.8195746
          2261   473.9369356
          2262    474.054278
          2263   474.1716018
          2264   474.2889071
          2265    474.406193
          2266   474.5234589
          2267   474.6407063
          2268   474.7579352
          2269   474.8751457
          2270   474.9923377
          2271   475.1095099
          2272   475.2266627
          2273    475.343797
          2274   475.4609129
          2275   475.5780105
          2276   475.6950897
          2277   475.8121488
          2278   475.9291889
          2279   476.0462107
          2280   476.1632142
          2281   476.2801993
          2282   476.3971662
          2283   476.5141128
          2284   476.6310408
          2285   476.7479505
          2286    476.864842
          2287   476.9817153
          2288   477.0985703
          2289    477.215405
          2290   477.3322214
          2291   477.4490195
          2292   477.5657995
          2293   477.6825613
          2294    477.799305
          2295   477.9160284
          2296   478.0327336
          2297   478.1494207
          2298   478.2660897
          2299   478.3827406
          2300   478.4993734
          2301    478.615986
          2302   478.7325805
          2303    478.849157
          2304   478.9657155
          2305    479.082256
          2306   479.1987785
          2307   479.3152809
          2308   479.4317652
          2309   479.5482316
          2310     479.66468
          2311   479.7811105
          2312   479.8975232
          2313    480.013916
          2314   480.1302906
          2315   480.2466473
          2316   480.3629862
          2317   480.4793073
          2318   480.5956105
          2319   480.7118942
          2320   480.8281596
          2321   480.9444072
          2322    481.060637
          2323   481.1768491
          2324   481.2930433
          2325   481.4092186
          2326   481.5253752
          2327   481.6415142
          2328   481.7576354
          2329   481.8737389
          2330   481.9898247
          2331    482.105892
          2332   482.2219404
          2333   482.3379711
          2334   482.4539842
          2335   482.5699796
          2336   482.6859575
          2337   482.8019174
          2338    482.917858
          2339   483.0337809
          2340   483.1496863
          2341   483.2655742
          2342   483.3814445
          2343   483.4972973
          2344   483.6131309
          2345   483.7289465
          2346   483.8447447
          2347   483.9605255
          2348   484.0762887
          2349   484.1920346
          2350   484.3077619
          2351   484.4234708
          2352   484.5391623
          2353   484.6548363
          2354    484.770493
          2355   484.8861323
          2356    485.001754
          2357   485.1173565
          2358   485.2329417
          2359   485.3485096
          2360   485.4640601
          2361   485.5795934
          2362   485.6951093
          2363   485.8106066
          2364   485.9260859
          2365    486.041548
          2366   486.1569929
          2367   486.2724205
          2368    486.387831
          2369   486.5032237
          2370   486.6185977
          2371   486.7339546
          2372   486.8492942
          2373   486.9646167
          2374    487.079922
          2375   487.1952102
          2376   487.3104799
          2377   487.4257319
          2378   487.5409667
          2379   487.6561845
          2380   487.7713852
          2381   487.8865689
          2382   488.0017352
          2383   488.1168828
          2384   488.2320133
          2385   488.3471269
          2386   488.4622234
          2387   488.5773029
          2388   488.6923654
          2389     488.80741
          2390   488.9224367
          2391   489.0374464
          2392   489.1524392
          2393    489.267415
          2394    489.382374
          2395    489.497316
          2396   489.6122396
          2397   489.7271459
          2398   489.8420354
          2399    489.956908
          2400   490.0717638
          2401   490.1866027
          2402   490.3014247
          2403   490.4162281
          2404   490.5310147
          2405   490.6457845
          2406   490.7605376
          2407   490.8752739
          2408   490.9899934
          2409   491.1046956
          2410   491.2193798
          2411   491.3340473
          2412   491.4486981
          2413   491.5633321
          2414   491.6779495
          2415   491.7925503
          2416   491.9071334
          2417   492.0216989
          2418   492.1362479
          2419   492.2507801
          2420   492.3652958
          2421   492.4797949
          2422   492.5942774
          2423   492.7087422
          2424   492.8231896
          2425   492.9376206
          2426    493.052035
          2427   493.1664328
          2428   493.2808141
          2429    493.395179
          2430   493.5095261
          2431   493.6238561
          2432   493.7381696
          2433   493.8524666
          2434   493.9667472
          2435   494.0810114
          2436   494.1952591
          2437   494.3094892
          2438   494.4237023
          2439    494.537899
          2440   494.6520793
          2441   494.7662432
          2442   494.8803908
          2443    494.994522
          2444   495.1086357
          2445   495.2227324
          2446   495.3368128
          2447   495.4508769
          2448   495.5649247
          2449   495.6789563
          2450   495.7929715
          2451   495.9069696
          2452   496.0209505
          2453   496.1349152
          2454   496.2488637
          2455   496.3627959
          2456    496.476712
          2457   496.5906118
          2458   496.7044949
          2459   496.8183606
          2460   496.9322101
          2461   497.0460435
          2462   497.1598608
          2463   497.2736619
          2464   497.3874469
          2465   497.5012156
          2466   497.6149666
          2467   497.7287016
          2468   497.8424204
          2469   497.9561232
          2470     498.06981
          2471   498.1834806
          2472   498.2971353
          2473   498.4107726
          2474   498.5243935
          2475   498.6379984
          2476   498.7515873
          2477   498.8651602
          2478   498.9787171
          2479   499.0922581
          2480   499.2057824
          2481   499.3192898
          2482   499.4327813
          2483   499.5462568
          2484   499.6597164
          2485   499.7731602
          2486    499.886588
          2487           500
          2488   500.1074189
          2489   500.2146283
          2490   500.3218201
          2491   500.4289942
          2492   500.5361506
          2493   500.6432895
          2494   500.7504107
          2495   500.8575143
          2496   500.9646004
          2497   501.0716688
          2498   501.1787198
          2499   501.2857531
          2500   501.3927689
          2501   501.4997672
          2502    501.606747
          2503   501.7137092
          2504   501.8206539
          2505   501.9275812
          2506    502.034491
          2507   502.1413833
          2508   502.2482582
          2509   502.3551157
          2510   502.4619557
          2511   502.5687784
          2512   502.6755836
          2513   502.7823715
          2514    502.889142
          2515   502.9958951
          2516   503.1026305
          2517    503.209348
          2518   503.3160481
          2519   503.4227309
          2520   503.5293964
          2521   503.6360447
          2522   503.7426757
          2523   503.8492894
          2524   503.9558858
          2525    504.062465
          2526    504.169027
          2527   504.2755718
          2528   504.3820994
          2529   504.4886098
          2530    504.595103
          2531   504.7015788
          2532   504.8080367
          2533   504.9144775
          2534   505.0209011
          2535   505.1273076
          2536    505.233697
          2537   505.3400694
          2538   505.4464246
          2539   505.5527628
          2540   505.6590839
          2541   505.7653879
          2542   505.8716749
          2543   505.9779449
          2544   506.0841979
          2545   506.1904339
          2546   506.2966529
          2547   506.4028544
          2548   506.5090385
          2549   506.6152057
          2550   506.7213559
          2551   506.8274892
          2552   506.9336055
          2553    507.039705
          2554   507.1457875
          2555   507.2518532
          2556    507.357902
          2557   507.4639339
          2558    507.569949
          2559   507.6759472
          2560   507.7819286
          2561   507.8878932
          2562   507.9938409
          2563   508.0997719
          2564   508.2056852
          2565   508.3115818
          2566   508.4174616
          2567   508.5233246
          2568   508.6291709
          2569   508.7350004
          2570   508.8408133
          2571   508.9466094
          2572   509.0523889
          2573   509.1581517
          2574   509.2638978
          2575   509.3696272
          2576     509.47534
          2577   509.5810362
          2578   509.6867157
          2579   509.7923786
          2580    509.898025
          2581   510.0036541
          2582   510.1092664
          2583   510.2148622
          2584   510.3204414
          2585    510.426004
          2586   510.5315501
          2587   510.6370797
          2588   510.7425927
          2589   510.8480893
          2590   510.9535694
          2591    511.059033
          2592   511.1644801
          2593   511.2699108
          2594    511.375325
          2595   511.4807228
          2596   511.5861041
          2597   511.6914691
          2598   511.7968176
          2599   511.9021495
          2600   512.0074644
          2601   512.1127631
          2602   512.2180453
          2603   512.3233112
          2604   512.4285608
          2605    512.533794
          2606    512.639011
          2607   512.7442116
          2608    512.849396
          2609    512.954564
          2610   513.0597158
          2611   513.1648513
          2612   513.2699706
          2613   513.3750737
          2614   513.4801605
          2615   513.5852311
          2616   513.6902854
          2617   513.7953236
          2618   513.9003456
          2619   514.0053507
          2620   514.1103396
          2621   514.2153124
          2622   514.3202691
          2623   514.4252096
          2624    514.530134
          2625   514.6350423
          2626   514.7399344
          2627   514.8448105
          2628   514.9496706
          2629   515.0545145
          2630   515.1593424
          2631   515.2641543
          2632   515.3689501
          2633   515.4737299
          2634   515.5784937
          2635   515.6832415
          2636   515.7879733
          2637   515.8926891
          2638    515.997389
          2639   516.1020725
          2640   516.2067398
          2641   516.3113911
          2642   516.4160265
          2643    516.520646
          2644   516.6252495
          2645   516.7298372
          2646    516.834409
          2647   516.9389649
          2648   517.0435049
          2649   517.1480291
          2650   517.2525375
          2651     517.35703
          2652   517.4615067
          2653   517.5659676
          2654   517.6704126
          2655   517.7748419
          2656   517.8792554
          2657   517.9836531
          2658   518.0880351
          2659   518.1924013
          2660   518.2967518
          2661   518.4010864
          2662   518.5054048
          2663   518.6097075
          2664   518.7139945
          2665   518.8182658
          2666   518.9225214
          2667   519.0267614
          2668   519.1309857
          2669   519.2351943
          2670   519.3393874
          2671   519.4435648
          2672   519.5477266
          2673   519.6518727
          2674   519.7560033
          2675   519.8601183
          2676   519.9642177
          2677   520.0683016
          2678   520.1723699
          2679   520.2764226
          2680   520.3804599
          2681   520.4844816
          2682   520.5884877
          2683   520.6924784
          2684   520.7964536
          2685   520.9004132
          2686   521.0043569
          2687   521.1082851
          2688   521.2121978
          2689   521.3160951
          2690    521.419977
          2691   521.5238434
          2692   521.6276945
          2693   521.7315301
          2694   521.8353503
          2695   521.9391552
          2696   522.0429447
          2697   522.1467188
          2698   522.2504775
          2699    522.354221
          2700   522.4579491
          2701   522.5616618
          2702   522.6653593
          2703   522.7690414
          2704   522.8727083
          2705   522.9763598
          2706   523.0799961
          2707   523.1836172
          2708    523.287223
          2709   523.3908135
          2710   523.4943888
          2711   523.5979489
          2712   523.7014935
          2713   523.8050227
          2714   523.9085366
          2715   524.0120354
          2716    524.115519
          2717   524.2189874
          2718   524.3224407
          2719   524.4258788
          2720   524.5293018
          2721   524.6327097
          2722   524.7361025
          2723   524.8394801
          2724   524.9428427
          2725   525.0461902
          2726   525.1495226
          2727   525.2528399
          2728   525.3561422
          2729   525.4594294
          2730   525.5627016
          2731   525.6659587
          2732   525.7692008
          2733    525.872428
          2734   525.9756401
          2735   526.0788372
          2736   526.1820194
          2737   526.2851866
          2738   526.3883388
          2739   526.4914761
          2740   526.5945984
          2741   526.6977058
          2742   526.8007981
          2743   526.9038752
          2744   527.0069375
          2745   527.1099848
          2746   527.2130172
          2747   527.3160348
          2748   527.4190375
          2749   527.5220253
          2750   527.6249984
          2751   527.7279565
          2752   527.8308999
          2753   527.9338284
          2754   528.0367421
          2755    528.139641
          2756   528.2425251
          2757   528.3453945
          2758   528.4482491
          2759   528.5510889
          2760   528.6539139
          2761   528.7567243
          2762   528.8595198
          2763   528.9623007
          2764   529.0650669
          2765   529.1678183
          2766    529.270555
          2767   529.3732771
          2768   529.4759845
          2769   529.5786772
          2770   529.6813553
          2771   529.7840187
          2772   529.8866674
          2773   529.9893016
          2774   530.0919211
          2775    530.194526
          2776   530.2971163
          2777    530.399692
          2778   530.5022528
          2779    530.604799
          2780   530.7073306
          2781   530.8098477
          2782   530.9123502
          2783   531.0148382
          2784   531.1173117
          2785   531.2197706
          2786   531.3222151
          2787    531.424645
          2788   531.5270604
          2789   531.6294614
          2790   531.7318479
          2791   531.8342199
          2792   531.9365775
          2793   532.0389206
          2794   532.1412493
          2795   532.2435636
          2796   532.3458634
          2797   532.4481488
          2798   532.5504199
          2799   532.6526765
          2800   532.7549188
          2801   532.8571467
          2802   532.9593602
          2803   533.0615594
          2804   533.1637442
          2805   533.2659147
          2806   533.3680708
          2807   533.4702126
          2808   533.5723402
          2809   533.6744534
          2810   533.7765523
          2811    533.878637
          2812   533.9807074
          2813   534.0827635
          2814   534.1848053
          2815   534.2868329
          2816   534.3888463
          2817   534.4908454
          2818   534.5928303
          2819    534.694801
          2820   534.7967575
          2821   534.8986998
          2822   535.0006279
          2823   535.1025416
          2824   535.2044411
          2825   535.3063264
          2826   535.4081976
          2827   535.5100547
          2828   535.6118977
          2829   535.7137265
          2830   535.8155412
          2831   535.9173418
          2832   536.0191283
          2833   536.1209007
          2834    536.222659
          2835   536.3244033
          2836   536.4261335
          2837   536.5278497
          2838   536.6295518
          2839   536.7312399
          2840   536.8329139
          2841    536.934574
          2842     537.03622
          2843    537.137852
          2844   537.2394701
          2845   537.3410741
          2846   537.4426642
          2847   537.5442403
          2848   537.6458025
          2849   537.7473507
          2850    537.848885
          2851   537.9504053
          2852   538.0519118
          2853   538.1534043
          2854   538.2548829
          2855   538.3563476
          2856   538.4577984
          2857   538.5592354
          2858   538.6606584
          2859   538.7620676
          2860    538.863463
          2861   538.9648445
          2862   539.0662122
          2863   539.1675661
          2864   539.2689061
          2865   539.3702323
          2866   539.4715447
          2867   539.5728434
          2868   539.6741282
          2869   539.7753993
          2870   539.8766566
          2871   539.9779001
          2872   540.0791299
          2873   540.1803459
          2874   540.2815483
          2875   540.3827368
          2876   540.4839117
          2877   540.5850729
          2878   540.6862203
          2879   540.7873541
          2880   540.8884742
          2881   540.9895806
          2882   541.0906733
          2883   541.1917524
          2884   541.2928179
          2885   541.3938696
          2886   541.4949078
          2887   541.5959323
          2888   541.6969433
          2889   541.7979406
          2890   541.8989243
          2891   541.9998944
          2892   542.1008508
          2893   542.2017937
          2894   542.3027229
          2895   542.4036386
          2896   542.5045408
          2897   542.6054294
          2898   542.7063045
          2899   542.8071661
          2900   542.9080142
          2901   543.0088487
          2902   543.1096698
          2903   543.2104773
          2904   543.3112714
          2905    543.412052
          2906   543.5128192
          2907   543.6135728
          2908   543.7143131
          2909   543.8150399
          2910   543.9157532
          2911   544.0164532
          2912   544.1171397
          2913   544.2178128
          2914   544.3184725
          2915   544.4191188
          2916   544.5197518
          2917   544.6203713
          2918   544.7209775
          2919   544.8215704
          2920   544.9221498
          2921    545.022716
          2922   545.1232688
          2923   545.2238083
          2924   545.3243344
          2925   545.4248473
          2926   545.5253468
          2927   545.6258331
          2928    545.726306
          2929   545.8267657
          2930   545.9272121
          2931   546.0276453
          2932   546.1280652
          2933   546.2284719
          2934   546.3288653
          2935   546.4292455
          2936   546.5296124
          2937   546.6299662
          2938   546.7303067
          2939    546.830634
          2940   546.9309482
          2941   547.0312492
          2942    547.131537
          2943   547.2318116
          2944   547.3320731
          2945   547.4323214
          2946   547.5325566
          2947   547.6327786
          2948   547.7329875
          2949   547.8331833
          2950    547.933366
          2951   548.0335356
          2952   548.1336921
          2953   548.2338355
          2954   548.3339658
          2955   548.4340831
          2956   548.5341873
          2957   548.6342784
          2958   548.7343565
          2959   548.8344215
          2960   548.9344736
          2961   549.0345125
          2962   549.1345385
          2963   549.2345515
          2964   549.3345514
          2965   549.4345384
          2966   549.5345124
          2967   549.6344734
          2968   549.7344215
          2969   549.8343565
          2970   549.9342787
          2971   550.0341878
          2972   550.1340841
          2973   550.2339674
          2974   550.3338378
          2975   550.4336952
          2976   550.5335398
          2977   550.6333715
          2978   550.7331902
          2979   550.8329961
          2980   550.9327891
          2981   551.0325693
          2982   551.1323366
          2983    551.232091
          2984   551.3318326
          2985   551.4315613
          2986   551.5312772
          2987   551.6309803
          2988   551.7306706
          2989    551.830348
          2990   551.9300127
          2991   552.0296646
          2992   552.1293037
          2993     552.22893
          2994   552.3285435
          2995   552.4281443
          2996   552.5277324
          2997   552.6273076
          2998   552.7268702
          2999     552.82642
          3000   552.9259571
          3001   553.0254815
          3002   553.1249931
          3003   553.2244921
          3004   553.3239784
          3005   553.4234519
          3006   553.5229128
          3007   553.6223611
          3008   553.7217966
          3009   553.8212196
          3010   553.9206298
          3011   554.0200275
          3012   554.1194125
          3013   554.2187848
          3014   554.3181446
          3015   554.4174917
          3016   554.5168262
          3017   554.6161482
          3018   554.7154575
          3019   554.8147543
          3020   554.9140385
          3021   555.0133101
          3022   555.1125692
          3023   555.2118157
          3024   555.3110497
          3025   555.4102712
          3026   555.5094801
          3027   555.6086765
          3028   555.7078603
          3029   555.8070317
          3030   555.9061906
          3031    556.005337
          3032   556.1044709
          3033   556.2035923
          3034   556.3027012
          3035   556.4017977
          3036   556.5008818
          3037   556.5999533
          3038   556.6990124
          3039   556.7980589
          3040   556.8970931
          3041   556.9961149
          3042   557.0951242
          3043   557.1941211
          3044   557.2931056
          3045   557.3920778
          3046   557.4910375
          3047   557.5899849
          3048   557.6889199
          3049   557.7878426
          3050   557.8867529
          3051   557.9856508
          3052   558.0845364
          3053   558.1834097
          3054   558.2822707
          3055   558.3811193
          3056   558.4799556
          3057   558.5787796
          3058   558.6775914
          3059   558.7763908
          3060   558.8751779
          3061   558.9739528
          3062   559.0727154
          3063   559.1714658
          3064   559.2702039
          3065   559.3689297
          3066   559.4676433
          3067   559.5663447
          3068   559.6650339
          3069   559.7637108
          3070   559.8623756
          3071   559.9610281
          3072   560.0596684
          3073   560.1582966
          3074   560.2569125
          3075   560.3555163
          3076   560.4541079
          3077   560.5526874
          3078   560.6512547
          3079   560.7498099
          3080   560.8483529
          3081   560.9468838
          3082   561.0454025
          3083   561.1439092
          3084   561.2424037
          3085   561.3408862
          3086   561.4393565
          3087   561.5378148
          3088   561.6362609
          3089    561.734695
          3090    561.833117
          3091    561.931527
          3092   562.0299249
          3093   562.1283108
          3094   562.2266846
          3095   562.3250464
          3096   562.4233961
          3097   562.5217339
          3098   562.6200596
          3099   562.7183733
          3100   562.8166751
          3101   562.9149648
          3102   563.0132426
          3103   563.1115083
          3104   563.2097621
          3105    563.308004
          3106   563.4062339
          3107   563.5044518
          3108   563.6026578
          3109   563.7008518
          3110   563.7990338
          3111   563.8972038
          3112   563.9953619
          3113    564.093508
          3114   564.1916423
          3115   564.2897646
          3116   564.3878751
          3117   564.4859737
          3118   564.5840604
          3119   564.6821352
          3120   564.7801982
          3121   564.8782494
          3122   564.9762886
          3123   565.0743161
          3124   565.1723317
          3125   565.2703354
          3126   565.3683274
          3127   565.4663075
          3128   565.5642759
          3129   565.6622324
          3130   565.7601772
          3131   565.8581101
          3132   565.9560313
          3133   566.0539407
          3134   566.1518383
          3135   566.2497242
          3136   566.3475983
          3137   566.4454607
          3138   566.5433114
          3139   566.6411503
          3140   566.7389775
          3141   566.8367929
          3142   566.9345967
          3143   567.0323887
          3144   567.1301691
          3145   567.2279378
          3146   567.3256947
          3147     567.42344
          3148   567.5211737
          3149   567.6188956
          3150   567.7166059
          3151   567.8143046
          3152   567.9119916
          3153   568.0096669
          3154   568.1073307
          3155   568.2049828
          3156   568.3026233
          3157   568.4002522
          3158   568.4978692
          3159   568.5954746
          3160   568.6930684
          3161   568.7906506
          3162   568.8882212
          3163   568.9857803
          3164   569.0833278
          3165   569.1808637
          3166   569.2783881
          3167   569.3759009
          3168   569.4734022
          3169    569.570892
          3170   569.6683702
          3171   569.7658369
          3172   569.8632921
          3173   569.9607358
          3174    570.058168
          3175   570.1555887
          3176   570.2529979
          3177   570.3503956
          3178   570.4477819
          3179   570.5451567
          3180     570.64252
          3181   570.7398719
          3182   570.8372123
          3183   570.9345413
          3184   571.0318588
          3185   571.1291649
          3186   571.2264596
          3187   571.3237429
          3188   571.4210148
          3189   571.5182753
          3190   571.6155243
          3191    571.712762
          3192   571.8099883
          3193   571.9072033
          3194   572.0044068
          3195    572.101599
          3196   572.1987797
          3197   572.2959488
          3198   572.3931066
          3199   572.4902531
          3200   572.5873882
          3201    572.684512
          3202   572.7816245
          3203   572.8787256
          3204   572.9758155
          3205   573.0728941
          3206   573.1699613
          3207   573.2670173
          3208    573.364062
          3209   573.4610954
          3210   573.5581176
          3211   573.6551285
          3212   573.7521281
          3213   573.8491165
          3214   573.9460936
          3215   574.0430595
          3216   574.1400142
          3217   574.2369576
          3218   574.3338898
          3219   574.4308109
          3220   574.5277207
          3221   574.6246193
          3222   574.7215067
          3223   574.8183829
          3224    574.915248
          3225   575.0121019
          3226   575.1089446
          3227   575.2057761
          3228   575.3025965
          3229   575.3994057
          3230   575.4962034
          3231     575.59299
          3232   575.6897655
          3233   575.7865298
          3234    575.883283
          3235   575.9800251
          3236   576.0767561
          3237    576.173476
          3238   576.2701848
          3239   576.3668825
          3240   576.4635692
          3241   576.5602447
          3242   576.6569092
          3243   576.7535626
          3244    576.850205
          3245   576.9468363
          3246   577.0434566
          3247   577.1400658
          3248    577.236664
          3249   577.3332512
          3250   577.4298274
          3251   577.5263925
          3252   577.6229467
          3253   577.7194898
          3254    577.816022
          3255   577.9125431
          3256   578.0090533
          3257   578.1055525
          3258   578.2020408
          3259   578.2985179
          3260   578.3949837
          3261   578.4914387
          3262   578.5878827
          3263   578.6843157
          3264   578.7807379
          3265   578.8771491
          3266   578.9735493
          3267   579.0699387
          3268   579.1663171
          3269   579.2626847
          3270   579.3590413
          3271   579.4553871
          3272   579.5517219
          3273   579.6480459
          3274    579.744359
          3275   579.8406613
          3276   579.9369527
          3277   580.0332332
          3278   580.1295029
          3279   580.2257617
          3280   580.3220097
          3281   580.4182469
          3282   580.5144732
          3283   580.6106888
          3284   580.7068935
          3285   580.8030874
          3286   580.8992704
          3287   580.9954423
          3288   581.0916033
          3289   581.1877536
          3290   581.2838931
          3291   581.3800219
          3292   581.4761398
          3293    581.572247
          3294   581.6683435
          3295   581.7644292
          3296   581.8605042
          3297   581.9565684
          3298   582.0526219
          3299   582.1486647
          3300   582.2446967
          3301   582.3407181
          3302   582.4367287
          3303   582.5327286
          3304   582.6287179
          3305   582.7246964
          3306   582.8206643
          3307   582.9166215
          3308    583.012568
          3309   583.1085039
          3310    583.204429
          3311   583.3003436
          3312    583.396247
          3313   583.4921398
          3314    583.588022
          3315   583.6838935
          3316   583.7797543
          3317   583.8756046
          3318   583.9714442
          3319   584.0672733
          3320   584.1630917
          3321   584.2588996
          3322   584.3546968
          3323   584.4504835
          3324   584.5462596
          3325   584.6420251
          3326     584.73778
          3327   584.8335244
          3328   584.9292582
          3329   585.0249815
          3330   585.1206943
          3331   585.2163965
          3332   585.3120881
          3333   585.4077693
          3334   585.5034399
          3335   585.5990999
          3336    585.694749
          3337   585.7903876
          3338   585.8860157
          3339   585.9816333
          3340   586.0772404
          3341    586.172837
          3342   586.2684232
          3343   586.3639989
          3344   586.4595641
          3345   586.5551189
          3346   586.6506632
          3347    586.746197
          3348   586.8417205
          3349   586.9372334
          3350    587.032736
          3351   587.1282281
          3352   587.2237099
          3353   587.3191812
          3354   587.4146421
          3355   587.5100925
          3356   587.6055326
          3357   587.7009624
          3358   587.7963813
          3359   587.8917897
          3360   587.9871877
          3361   588.0825754
          3362   588.1779527
          3363   588.2733197
          3364   588.3686763
          3365   588.4640226
          3366   588.5593585
          3367   588.6546841
          3368   588.7499993
          3369   588.8453043
          3370   588.9405989
          3371   589.0358832
          3372   589.1311572
          3373   589.2264209
          3374   589.3216743
          3375   589.4169174
          3376   589.5121502
          3377   589.6073728
          3378   589.7025851
          3379   589.7977868
          3380   589.8929781
          3381    589.988159
          3382   590.0833297
          3383   590.1784901
          3384   590.2736404
          3385   590.3687803
          3386   590.4639101
          3387   590.5590296
          3388   590.6541389
          3389    590.749238
          3390   590.8443269
          3391   590.9394056
          3392   591.0344741
          3393   591.1295324
          3394   591.2245805
          3395   591.3196184
          3396   591.4146462
          3397   591.5096638
          3398   591.6046712
          3399   591.6996684
          3400    591.794655
          3401   591.8896314
          3402   591.9845977
          3403   592.0795538
          3404   592.1744998
          3405   592.2694357
          3406   592.3643614
          3407    592.459277
          3408   592.5541826
          3409    592.649078
          3410   592.7439633
          3411   592.8388386
          3412   592.9337037
          3413   593.0285588
          3414   593.1234038
          3415   593.2182387
          3416   593.3130635
          3417   593.4078783
          3418   593.5026831
          3419   593.5974775
          3420   593.6922615
          3421   593.7870356
          3422   593.8817995
          3423   593.9765535
          3424   594.0712974
          3425   594.1660314
          3426   594.2607553
          3427   594.3554692
          3428   594.4501731
          3429    594.544867
          3430   594.6395509
          3431   594.7342248
          3432   594.8288887
          3433   594.9235427
          3434   595.0181867
          3435   595.1128207
          3436   595.2074448
          3437   595.3020589
          3438   595.3966627
          3439   595.4912564
          3440   595.5858401
          3441   595.6804138
          3442   595.7749776
          3443   595.8695316
          3444   595.9640755
          3445   596.0586096
          3446   596.1531338
          3447   596.2476481
          3448   596.3421524
          3449   596.4366469
          3450   596.5311315
          3451   596.6256062
          3452   596.7200711
          3453   596.8145261
          3454   596.9089712
          3455   597.0034064
          3456   597.0978316
          3457   597.1922465
          3458   597.2866516
          3459   597.3810469
          3460   597.4754323
          3461   597.5698079
          3462   597.6641736
          3463   597.7585296
          3464   597.8528757
          3465    597.947212
          3466   598.0415385
          3467   598.1358553
          3468   598.2301622
          3469   598.3244594
          3470   598.4187467
          3471   598.5130243
          3472   598.6072921
          3473   598.7015502
          3474    598.795798
          3475   598.8900359
          3476   598.9842641
          3477   599.0784825
          3478   599.1726911
          3479   599.2668901
          3480   599.3610793
          3481   599.4552588
          3482   599.5494285
          3483   599.6435885
          3484   599.7377389
          3485   599.8318795
          3486   599.9260104
          3487   600.0201317
          3488   600.1142432
          3489   600.2083451
          3490   600.3024372
          3491   600.3965194
          3492   600.4905916
          3493   600.5846541
          3494   600.6787069
          3495   600.7727502
          3496   600.8667837
          3497   600.9608076
          3498   601.0548219
          3499   601.1488266
          3500   601.2428216
          3501    601.336807
          3502   601.4307828
          3503   601.5247489
          3504   601.6187055
          3505   601.7126524
          3506   601.8065898
          3507   601.9005175
          3508   601.9944351
          3509    602.088343
          3510   602.1822414
          3511   602.2761301
          3512   602.3700093
          3513    602.463879
          3514   602.5577391
          3515   602.6515896
          3516   602.7454306
          3517    602.839262
          3518   602.9330839
          3519   603.0268963
          3520   603.1206991
          3521   603.2144924
          3522   603.3082762
          3523   603.4020505
          3524   603.4958148
          3525   603.5895694
          3526   603.6833145
          3527   603.7770501
          3528   603.8707762
          3529   603.9644928
          3530      604.0582
          3531   604.1518976
          3532   604.2455858
          3533   604.3392646
          3534   604.4329338
          3535   604.5265937
          3536    604.620244
          3537    604.713885
          3538   604.8075165
          3539   604.9011385
          3540   604.9947506
          3541   605.0883531
          3542   605.1819462
          3543   605.2755298
          3544   605.3691041
          3545    605.462669
          3546   605.5562244
          3547   605.6497705
          3548   605.7433072
          3549   605.8368344
          3550   605.9303523
          3551   606.0238609
          3552     606.11736
          3553   606.2108498
          3554   606.3043302
          3555   606.3978011
          3556   606.4912621
          3557   606.5847137
          3558   606.6781561
          3559   606.7715891
          3560   606.8650127
          3561    606.958427
          3562    607.051832
          3563   607.1452277
          3564   607.2386141
          3565   607.3319911
          3566   607.4253589
          3567   607.5187174
          3568   607.6120665
          3569   607.7054064
          3570   607.7987368
          3571   607.8920574
          3572   607.9853687
          3573   608.0786708
          3574   608.1719636
          3575   608.2652471
          3576   608.3585214
          3577   608.4517864
          3578   608.5450421
          3579   608.6382886
          3580   608.7315259
          3581    608.824754
          3582   608.9179728
          3583   609.0111824
          3584   609.1043828
          3585   609.1975737
          3586   609.2907549
          3587    609.383927
          3588   609.4770898
          3589   609.5702434
          3590   609.6633879
          3591   609.7565231
          3592   609.8496492
          3593   609.9427661
          3594   610.0358738
          3595   610.1289724
          3596   610.2220618
          3597   610.3151421
          3598   610.4082132
          3599   610.5012751
          3600   610.5943273
          3601   610.6873702
          3602    610.780404
          3603   610.8734287
          3604   610.9664442
          3605   611.0594506
          3606   611.1524479
          3607   611.2454361
          3608   611.3384152
          3609   611.4313852
          3610   611.5243461
          3611   611.6172979
          3612   611.7102406
          3613   611.8031742
          3614   611.8960984
          3615   611.9890131
          3616   612.0819188
          3617   612.1748154
          3618   612.2677029
          3619   612.3605814
          3620   612.4534508
          3621   612.5463112
          3622   612.6391625
          3623   612.7320048
          3624   612.8248381
          3625   612.9176624
          3626   613.0104776
          3627   613.1032838
          3628   613.1960806
          3629    613.288868
          3630   613.3816464
          3631   613.4744158
          3632   613.5671763
          3633   613.6599277
          3634   613.7526702
          3635   613.8454036
          3636   613.9381281
          3637   614.0308436
          3638   614.1235502
          3639   614.2162478
          3640   614.3089364
          3641   614.4016161
          3642   614.4942862
          3643   614.5869472
          3644   614.6795993
          3645   614.7722424
          3646   614.8648766
          3647   614.9575019
          3648   615.0501182
          3649   615.1427257
          3650   615.2353242
          3651   615.3279138
          3652   615.4204945
          3653   615.5130663
          3654   615.6056292
          3655    615.698183
          3656   615.7907274
          3657   615.8832629
          3658   615.9757894
          3659   616.0683072
          3660    616.160816
          3661    616.253316
          3662   616.3458071
          3663   616.4382894
          3664   616.5307628
          3665   616.6232274
          3666   616.7156831
          3667     616.80813
          3668   616.9005681
          3669   616.9929966
          3670   617.0854162
          3671    617.177827
          3672    617.270229
          3673   617.3626222
          3674   617.4550065
          3675   617.5473821
          3676   617.6397489
          3677   617.7321068
          3678    617.824456
          3679   617.9167964
          3680   618.0091281
          3681   618.1014509
          3682   618.1937643
          3683   618.2860688
          3684   618.3783646
          3685   618.4706516
          3686   618.5629298
          3687   618.6551993
          3688   618.7474601
          3689   618.8397121
          3690   618.9319553
          3691   619.0241899
          3692   619.1164157
          3693   619.2086328
          3694   619.3008411
          3695   619.3930401
          3696   619.4852302
          3697   619.5774116
          3698   619.6695844
          3699   619.7617484
          3700   619.8539037
          3701   619.9460504
          3702   620.0381884
          3703   620.1303177
          3704   620.2224383
          3705   620.3145502
          3706   620.4066535
          3707    620.498748
          3708   620.5908331
          3709   620.6829096
          3710   620.7749775
          3711   620.8670367
          3712   620.9590872
          3713   621.0511291
          3714   621.1431624
          3715   621.2351871
          3716   621.3272031
          3717   621.4192105
          3718   621.5112094
          3719   621.6031995
          3720   621.6951806
          3721   621.7871528
          3722   621.8791164
          3723   621.9710713
          3724   622.0630177
          3725   622.1549555
          3726   622.2468847
          3727   622.3388054
          3728   622.4307175
          3729    622.522621
          3730   622.6145159
          3731   622.7064023
          3732   622.7982799
          3733   622.8901484
          3734   622.9820083
          3735   623.0738596
          3736   623.1657024
          3737   623.2575367
          3738   623.3493625
          3739   623.4411797
          3740   623.5329884
          3741   623.6247886
          3742   623.7165803
          3743   623.8083634
          3744   623.9001381
          3745   623.9919034
          3746   624.0836603
          3747   624.1754086
          3748   624.2671485
          3749   624.3588798
          3750   624.4506027
          3751   624.5423171
          3752   624.6340231
          3753   624.7257206
          3754   624.8174096
          3755   624.9090901
          3756   625.0007622
          3757   625.0924251
          3758   625.1840795
          3759   625.2757254
          3760   625.3673629
          3761   625.4589919
          3762   625.5506125
          3763   625.6422247
          3764   625.7338285
          3765   625.8254239
          3766   625.9170108
          3767   626.0085894
          3768   626.1001595
          3769   626.1917204
          3770   626.2832729
          3771    626.374817
          3772   626.4663527
          3773     626.55788
          3774   626.6493989
          3775   626.7409095
          3776   626.8324117
          3777   626.9239055
          3778    627.015391
          3779   627.1068681
          3780   627.1983367
          3781   627.2897962
          3782   627.3812474
          3783   627.4726903
          3784   627.5641248
          3785    627.655551
          3786   627.7469688
          3787   627.8383784
          3788   627.9297796
          3789   628.0211725
          3790    628.112557
          3791   628.2039333
          3792   628.2953008
          3793   628.3866596
          3794   628.4780101
          3795   628.5693523
          3796   628.6606862
          3797   628.7520118
          3798   628.8433291
          3799   628.9346382
          3800    629.025939
          3801   629.1172315
          3802   629.2085158
          3803   629.2997917
          3804   629.3910586
          3805   629.4823172
          3806   629.5735676
          3807   629.6648097
          3808   629.7560436
          3809   629.8472692
          3810   629.9384866
          3811   630.0296958
          3812   630.1208967
          3813   630.2120895
          3814    630.303274
          3815   630.3944497
          3816    630.485617
          3817    630.576776
          3818   630.6679268
          3819   630.7590694
          3820   630.8502038
          3821     630.94133
          3822   631.0324481
          3823   631.1235579
          3824   631.2146596
          3825   631.3057531
          3826   631.3968382
          3827   631.4879145
          3828   631.5789826
          3829   631.6700426
          3830   631.7610944
          3831   631.8521381
          3832   631.9431736
          3833    632.034201
          3834   632.1252202
          3835   632.2162313
          3836   632.3072343
          3837    632.398229
          3838   632.4892149
          3839   632.5801926
          3840   632.6711622
          3841   632.7621237
          3842   632.8530771
          3843   632.9440224
          3844   633.0349596
          3845   633.1258887
          3846   633.2168097
          3847   633.3077227
          3848   633.3986274
          3849   633.4895232
          3850    633.580411
          3851   633.6712908
          3852   633.7621624
          3853    633.853026
          3854   633.9438815
          3855    634.034729
          3856   634.1255685
          3857   634.2163998
          3858   634.3072232
          3859   634.3980383
          3860   634.4888446
          3861    634.579643
          3862   634.6704333
          3863   634.7612156
          3864   634.8519898
          3865    634.942756
          3866   635.0335143
          3867   635.1242645
          3868   635.2150067
          3869   635.3057409
          3870   635.3964668
          3871   635.4871841
          3872   635.5778934
          3873   635.6685948
          3874   635.7592881
          3875   635.8499735
          3876   635.9406509
          3877   636.0313203
          3878   636.1219818
          3879   636.2126353
          3880   636.3032809
          3881   636.3939179
          3882   636.4845466
          3883   636.5751674
          3884   636.6657802
          3885   636.7563851
          3886   636.8469821
          3887   636.9375711
          3888   637.0281522
          3889   637.1187254
          3890   637.2092906
          3891   637.2998479
          3892   637.3903964
          3893    637.480937
          3894   637.5714697
          3895   637.6619945
          3896   637.7525114
          3897   637.8430204
          3898   637.9335215
          3899   638.0240147
          3900   638.1145001
          3901   638.2049775
          3902   638.2954467
          3903   638.3859075
          3904   638.4763604
          3905   638.5668054
          3906   638.6572426
          3907    638.747672
          3908   638.8380934
          3909   638.9285071
          3910   639.0189129
          3911   639.1093108
          3912   639.1997009
          3913   639.2900823
          3914   639.3804558
          3915   639.4708215
          3916   639.5611793
          3917   639.6515294
          3918   639.7418716
          3919    639.832206
          3920   639.9225326
          3921   640.0128515
          3922   640.1031625
          3923    640.193465
          3924   640.2837595
          3925   640.3740462
          3926   640.4643251
          3927   640.5545963
          3928   640.6448596
          3929   640.7351152
          3930    640.825363
          3931    640.915603
          3932   641.0058353
          3933   641.0960594
          3934   641.1862752
          3935   641.2764833
          3936   641.3666836
          3937   641.4568762
          3938    641.547061
          3939   641.6372381
          3940   641.7274075
          3941   641.8175691
          3942    641.907723
          3943    641.997869
          3944   642.0880065
          3945   642.1781363
          3946   642.2682584
          3947   642.3583727
          3948   642.4484794
          3949   642.5385784
          3950   642.6286696
          3951   642.7187532
          3952   642.8088291
          3953   642.8988972
          3954   642.9889568
          3955   643.0790087
          3956   643.1690529
          3957   643.2590894
          3958   643.3491183
          3959   643.4391395
          3960   643.5291531
          3961   643.6191589
          3962   643.7091572
          3963   643.7991477
          3964   643.8891297
          3965    643.979104
          3966   644.0690707
          3967   644.1590298
          3968   644.2489812
          3969    644.338925
          3970   644.4288612
          3971   644.5187898
          3972   644.6087107
          3973   644.6986239
          3974   644.7885286
          3975   644.8784258
          3976   644.9683153
          3977   645.0581973
          3978   645.1480716
          3979   645.2379384
          3980   645.3277975
          3981   645.4176491
          3982   645.5074931
          3983   645.5973293
          3984   645.6871572
          3985   645.7769775
          3986   645.8667902
          3987   645.9565954
          3988    646.046393
          3989   646.1361831
          3990   646.2259656
          3991   646.3157405
          3992    646.405508
          3993   646.4952674
          3994   646.5850187
          3995   646.6747626
          3996   646.7644988
          3997   646.8542276
          3998   646.9439488
          3999   647.0336625
          4000   647.1233687
          4001   647.2130674
          4002   647.3027586
          4003   647.3924415
          4004   647.4821167
          4005   647.5717844
          4006   647.6614446
          4007   647.7510973
          4008   647.8407425
          4009   647.9303802
          4010   648.0200104
          4011   648.1096332
          4012   648.1992484
          4013   648.2888552
          4014   648.3784546
          4015   648.4680465
          4016   648.5576309
          4017   648.6472079
          4018   648.7367774
          4019   648.8263394
          4020   648.9158941
          4021   649.0054412
          4022   649.0949805
          4023   649.1845118
          4024   649.2740357
          4025   649.3635521
          4026   649.4530611
          4027   649.5425627
          4028   649.6320569
          4029   649.7215436
          4030    649.811023
          4031   649.9004949
          4032   649.9899585
          4033   650.0794146
          4034   650.1688634
          4035   650.2583047
          4036   650.3477386
          4037   650.4371652
          4038   650.5265844
          4039   650.6159962
          4040   650.7054006
          4041   650.7947971
          4042   650.8841858
          4043   650.9735671
          4044    651.062941
          4045   651.1523076
          4046   651.2416668
          4047   651.3310187
          4048   651.4203632
          4049   651.5097003
          4050     651.59903
          4051   651.6883515
          4052   651.7776657
          4053   651.8669725
          4054   651.9562719
          4055   652.0455641
          4056   652.1348489
          4057   652.2241264
          4058   652.3133966
          4059   652.4026594
          4060   652.4919142
          4061   652.5811615
          4062   652.6704014
          4063   652.7596341
          4064   652.8488594
          4065   652.9380775
          4066   653.0272882
          4067   653.1164917
          4068   653.2056879
          4069   653.2948763
          4070    653.384057
          4071   653.4732303
          4072   653.5623964
          4073   653.6515552
          4074   653.7407068
          4075   653.8298511
          4076   653.9189881
          4077   654.0081179
          4078   654.0972402
          4079   654.1863544
          4080   654.2754615
          4081   654.3645613
          4082   654.4536538
          4083   654.5427391
          4084   654.6318172
          4085   654.7208881
          4086   654.8099517
          4087   654.8990081
          4088   654.9880563
          4089   655.0770972
          4090    655.166131
          4091   655.2551576
          4092   655.3441769
          4093   655.4331891
          4094    655.522194
          4095   655.6111918
          4096   655.7001824
          4097   655.7891648
          4098     655.87814
          4099    655.967108
          4100   656.0560688
          4101   656.1450225
          4102   656.2339689
          4103   656.3229083
          4104   656.4118404
          4105   656.5007654
          4106   656.5896823
          4107    656.678592
          4108   656.7674945
          4109   656.8563898
          4110   656.9452781
          4111   657.0341591
          4112   657.1230331
          4113   657.2118999
          4114   657.3007596
          4115   657.3896112
          4116   657.4784556
          4117   657.5672928
          4118    657.656123
          4119    657.744946
          4120    657.833762
          4121   657.9225708
          4122   658.0113725
          4123   658.1001671
          4124   658.1889536
          4125    658.277733
          4126   658.3665053
          4127   658.4552706
          4128   658.5440287
          4129   658.6327797
          4130   658.7215237
          4131   658.8102606
          4132   658.8989903
          4133    658.987712
          4134   659.0764267
          4135   659.1651343
          4136   659.2538348
          4137   659.3425283
          4138   659.4312147
          4139   659.5198941
          4140   659.6085664
          4141   659.6972314
          4142   659.7858886
          4143   659.8745388
          4144   659.9631819
          4145    660.051818
          4146   660.1404471
          4147   660.2290691
          4148   660.3176842
          4149   660.4062922
          4150   660.4948927
          4151   660.5834857
          4152   660.6720716
          4153   660.7606505
          4154   660.8492225
          4155   660.9377874
          4156   661.0263453
          4157   661.1148963
          4158   661.2034402
          4159   661.2919764
          4160   661.3805054
          4161   661.4690273
          4162   661.5575423
          4163   661.6460503
          4164   661.7345514
          4165   661.8230455
          4166   661.9115326
          4167   662.0000127
          4168   662.0884849
          4169     662.17695
          4170   662.2654083
          4171   662.3538596
          4172   662.4423039
          4173   662.5307413
          4174   662.6191718
          4175   662.7075953
          4176   662.7960115
          4177   662.8844202
          4178   662.9728219
          4179   663.0612166
          4180   663.1496045
          4181   663.2379854
          4182   663.3263594
          4183   663.4147265
          4184   663.5030867
          4185   663.5914392
          4186   663.6797846
          4187    663.768123
          4188   663.8564546
          4189   663.9447792
          4190    664.033097
          4191   664.1214079
          4192   664.2097119
          4193   664.2980088
          4194    664.386298
          4195   664.4745803
          4196   664.5628558
          4197   664.6511243
          4198   664.7393861
          4199   664.8276409
          4200   664.9158889
          4201     665.00413
          4202   665.0923636
          4203     665.18059
          4204   665.2688096
          4205   665.3570222
          4206   665.4452281
          4207   665.5334271
          4208   665.6216193
          4209   665.7098047
          4210    665.797983
          4211   665.8861536
          4212   665.9743175
          4213   666.0624745
          4214   666.1506247
          4215    666.238768
          4216   666.3269046
          4217   666.4150344
          4218   666.5031573
          4219   666.5912727
          4220    666.679381
          4221   666.7674825
          4222   666.8555772
          4223   666.9436651
          4224   667.0317463
          4225   667.1198207
          4226   667.2078882
          4227   667.2959487
          4228   667.3840017
          4229   667.4720479
          4230   667.5600873
          4231     667.64812
          4232   667.7361459
          4233    667.824165
          4234   667.9121774
          4235   668.0001831
          4236   668.0881809
          4237    668.176172
          4238   668.2641564
          4239    668.352134
          4240   668.4401048
          4241    668.528069
          4242   668.6160264
          4243   668.7039771
          4244   668.7919203
          4245   668.8798565
          4246   668.9677859
          4247   669.0557086
          4248   669.1436247
          4249    669.231534
          4250   669.3194366
          4251   669.4073325
          4252   669.4952212
          4253   669.5831027
          4254   669.6709774
          4255   669.7588454
          4256   669.8467068
          4257   669.9345615
          4258   670.0224095
          4259   670.1102508
          4260   670.1980852
          4261   670.2859121
          4262   670.3737323
          4263   670.4615459
          4264   670.5493528
          4265    670.637153
          4266   670.7249465
          4267   670.8127334
          4268   670.9005137
          4269   670.9882863
          4270   671.0760521
          4271   671.1638114
          4272    671.251564
          4273   671.3393099
          4274   671.4270492
          4275   671.5147819
          4276    671.602508
          4277   671.6902266
          4278   671.7779383
          4279   671.8656434
          4280   671.9533419
          4281   672.0410338
          4282    672.128719
          4283   672.2163977
          4284   672.3040697
          4285   672.3917345
          4286   672.4793922
          4287   672.5670434
          4288    672.654688
          4289    672.742326
          4290   672.8299574
          4291   672.9175822
          4292   673.0052004
          4293   673.0928114
          4294   673.1804154
          4295   673.2680128
          4296   673.3556037
          4297   673.4431879
          4298   673.5307656
          4299   673.6183368
          4300   673.7059014
          4301   673.7934588
          4302   673.8810092
          4303   673.9685531
          4304   674.0560904
          4305   674.1436211
          4306   674.2311453
          4307    674.318663
          4308   674.4061741
          4309   674.4936782
          4310   674.5811751
          4311   674.6686656
          4312   674.7561495
          4313   674.8436269
          4314   674.9310978
          4315   675.0185622
          4316     675.10602
          4317   675.1934708
          4318   675.2809146
          4319   675.3683518
          4320   675.4557826
          4321   675.5432068
          4322   675.6306245
          4323   675.7180358
          4324   675.8054406
          4325   675.8928382
          4326   675.9802289
          4327   676.0676131
          4328   676.1549909
          4329   676.2423621
          4330   676.3297269
          4331   676.4170852
          4332   676.5044371
          4333   676.5917818
          4334   676.6791196
          4335    676.766451
          4336   676.8537759
          4337   676.9410943
          4338   677.0284063
          4339   677.1157119
          4340    677.203011
          4341   677.2903029
          4342    677.377588
          4343   677.4648667
          4344    677.552139
          4345   677.6394048
          4346   677.7266642
          4347   677.8139172
          4348   677.9011637
          4349   677.9884029
          4350   678.0756355
          4351   678.1628617
          4352   678.2500815
          4353   678.3372949
          4354   678.4245019
          4355   678.5117025
          4356   678.5988966
          4357   678.6860833
          4358   678.7732635
          4359   678.8604374
          4360   678.9476049
          4361   679.0347661
          4362   679.1219208
          4363   679.2090692
          4364   679.2962108
          4365   679.3833453
          4366   679.4704735
          4367   679.5575952
          4368   679.6447106
          4369   679.7318196
          4370   679.8189223
          4371   679.9060186
          4372    679.993108
          4373   680.0801905
          4374   680.1672666
          4375   680.2543364
          4376   680.3413999
          4377    680.428457
          4378   680.5155078
          4379   680.6025522
          4380   680.6895894
          4381   680.7766201
          4382   680.8636444
          4383   680.9506624
          4384   681.0376741
          4385   681.1246795
          4386   681.2116786
          4387   681.2986712
          4388   681.3856565
          4389   681.4726355
          4390   681.5596082
          4391   681.6465746
          4392   681.7335347
          4393   681.8204885
          4394    681.907436
          4395   681.9943768
          4396   682.0813106
          4397   682.1682381
          4398   682.2551593
          4399   682.3420743
          4400    682.428983
          4401   682.5158854
          4402   682.6027815
          4403   682.6896705
          4404    682.776553
          4405   682.8634292
          4406   682.9502992
          4407   683.0371629
          4408   683.1240203
          4409   683.2108715
          4410   683.2977162
          4411   683.3845538
          4412   683.4713851
          4413   683.5582102
          4414    683.645029
          4415   683.7318416
          4416    683.818648
          4417   683.9054481
          4418   683.9922413
          4419   684.0790279
          4420   684.1658082
          4421   684.2525823
          4422   684.3393502
          4423   684.4261119
          4424   684.5128673
          4425   684.5996166
          4426   684.6863585
          4427   684.7730942
          4428   684.8598237
          4429    684.946547
          4430   685.0332641
          4431    685.119975
          4432   685.2066798
          4433   685.2933777
          4434    685.380069
          4435    685.466754
          4436   685.5534329
          4437   685.6401055
          4438    685.726772
          4439   685.8134324
          4440   685.9000865
          4441   685.9867334
          4442   686.0733741
          4443   686.1600086
          4444    686.246637
          4445   686.3332592
          4446   686.4198753
          4447   686.5064852
          4448   686.5930884
          4449   686.6796849
          4450   686.7662752
          4451   686.8528594
          4452   686.9394375
          4453   687.0260094
          4454   687.1125752
          4455   687.1991348
          4456   687.2856872
          4457   687.3722334
          4458   687.4587736
          4459   687.5453076
          4460   687.6318355
          4461   687.7183573
          4462    687.804873
          4463   687.8913818
          4464   687.9778842
          4465   688.0643804
          4466   688.1508705
          4467   688.2373546
          4468   688.3238325
          4469   688.4103043
          4470   688.4967698
          4471   688.5832283
          4472   688.6696808
          4473   688.7561271
          4474   688.8425674
          4475   688.9290016
          4476   689.0154297
          4477   689.1018517
          4478   689.1882667
          4479   689.2746755
          4480   689.3610782
          4481   689.4474748
          4482   689.5338654
          4483   689.6202499
          4484   689.7066283
          4485   689.7930002
          4486   689.8793654
          4487   689.9657246
          4488   690.0520777
          4489   690.1384248
          4490   690.2247658
          4491   690.3111008
          4492   690.3974296
          4493   690.4837514
          4494   690.5700671
          4495   690.6563769
          4496   690.7426806
          4497   690.8289783
          4498     690.91527
          4499   691.0015556
          4500   691.0878343
          4501   691.1741068
          4502   691.2603732
          4503   691.3466337
          4504   691.4328882
          4505   691.5191367
          4506   691.6053791
          4507   691.6916149
          4508   691.7778442
          4509   691.8640676
          4510   691.9502849
          4511   692.0364963
          4512   692.1227017
          4513   692.2089011
          4514   692.2950941
          4515   692.3812804
          4516   692.4674608
          4517   692.5536351
          4518   692.6398035
          4519   692.7259659
          4520   692.8121224
          4521   692.8982728
          4522   692.9844162
          4523   693.0705536
          4524   693.1566851
          4525   693.2428106
          4526   693.3289302
          4527   693.4150439
          4528   693.5011516
          4529   693.5872523
          4530    693.673347
          4531   693.7594357
          4532   693.8455185
          4533   693.9315954
          4534   694.0176663
          4535   694.1037313
          4536   694.1897896
          4537   694.2758416
          4538   694.3618877
          4539   694.4479279
          4540   694.5339622
          4541   694.6199906
          4542    694.706013
          4543   694.7920289
          4544   694.8780384
          4545    694.964042
          4546   695.0500397
          4547   695.1360315
          4548   695.2220174
          4549   695.3079975
          4550   695.3939711
          4551   695.4799382
          4552   695.5658994
          4553   695.6518547
          4554   695.7378042
          4555   695.8237478
          4556   695.9096855
          4557   695.9956169
          4558   696.0815418
          4559   696.1674607
          4560   696.2533738
          4561    696.339281
          4562   696.4251824
          4563   696.5110779
          4564   696.5969673
          4565   696.6828499
          4566   696.7687267
          4567   696.8545977
          4568   696.9404628
          4569    697.026322
          4570   697.1121754
          4571   697.1980229
          4572   697.2838635
          4573   697.3696982
          4574   697.4555272
          4575   697.5413503
          4576   697.6271676
          4577    697.712979
          4578   697.7987846
          4579   697.8845832
          4580   697.9703761
          4581   698.0561631
          4582   698.1419444
          4583   698.2277198
          4584   698.3134894
          4585   698.3992532
          4586     698.48501
          4587   698.5707611
          4588   698.6565064
          4589   698.7422458
          4590   698.8279795
          4591   698.9137074
          4592   698.9994295
          4593   699.0851446
          4594    699.170854
          4595   699.2565576
          4596   699.3422555
          4597   699.4279475
          4598   699.5136338
          4599   699.5993143
          4600   699.6849879
          4601   699.7706557
          4602   699.8563178
          4603   699.9419741
          4604   700.0276246
          4605   700.1132694
          4606   700.1989084
          4607   700.2845405
          4608   700.3701669
          4609   700.4557875
          4610   700.5414024
          4611   700.6270116
          4612    700.712615
          4613   700.7982125
          4614   700.8838033
          4615   700.9693884
          4616   701.0549677
          4617   701.1405413
          4618   701.2261092
          4619   701.3116714
          4620   701.3972276
          4621   701.4827772
          4622    701.568321
          4623   701.6538591
          4624   701.7393916
          4625   701.8249183
          4626   701.9104393
          4627   701.9959543
          4628   702.0814628
          4629   702.1669655
          4630   702.2524626
          4631   702.3379539
          4632   702.4234396
          4633   702.5089196
          4634   702.5943935
          4635   702.6798609
          4636   702.7653227
          4637   702.8507788
          4638   702.9362292
          4639    703.021674
          4640    703.107113
          4641   703.1925458
          4642   703.2779724
          4643   703.3633933
          4644   703.4488086
          4645   703.5342182
          4646   703.6196221
          4647   703.7050204
          4648   703.7904122
          4649    703.875798
          4650   703.9611782
          4651   704.0465527
          4652   704.1319216
          4653   704.2172848
          4654   704.3026424
          4655   704.3879934
          4656   704.4733385
          4657    704.558678
          4658   704.6440119
          4659   704.7293402
          4660   704.8146628
          4661   704.8999798
          4662   704.9852901
          4663   705.0705947
          4664   705.1558937
          4665    705.241187
          4666   705.3264748
          4667    705.411757
          4668   705.4970333
          4669   705.5823031
          4670   705.6675673
          4671   705.7528258
          4672   705.8380788
          4673   705.9233262
          4674    706.008568
          4675   706.0938037
          4676   706.1790332
          4677    706.264257
          4678   706.3494753
          4679    706.434688
          4680   706.5198951
          4681   706.6050966
          4682   706.6902918
          4683   706.7754811
          4684   706.8606647
          4685   706.9458428
          4686   707.0310153
          4687   707.1161823
          4688   707.2013437
          4689   707.2864985
          4690   707.3716476
          4691   707.4567911
          4692   707.5419291
          4693   707.6270616
          4694   707.7121885
          4695   707.7973097
          4696   707.8824243
          4697   707.9675334
          4698    708.052637
          4699   708.1377351
          4700   708.2228276
          4701   708.3079145
          4702   708.3929954
          4703   708.4780702
          4704   708.5631394
          4705   708.6482031
          4706   708.7332613
          4707    708.818314
          4708   708.9033611
          4709   708.9884018
          4710   709.0734368
          4711   709.1584662
          4712   709.2434902
          4713   709.3285086
          4714   709.4135215
          4715   709.4985288
          4716   709.5835296
          4717   709.6685249
          4718   709.7535146
          4719   709.8384989
          4720   709.9234777
          4721    710.008451
          4722   710.0934183
          4723   710.1783795
          4724   710.2633352
          4725   710.3482854
          4726   710.4332301
          4727   710.5181694
          4728   710.6031032
          4729   710.6880306
          4730   710.7729523
          4731   710.8578685
          4732   710.9427792
          4733   711.0276845
          4734   711.1125844
          4735   711.1974786
          4736   711.2823663
          4737   711.3672486
          4738   711.4521255
          4739   711.5369969
          4740   711.6218629
          4741   711.7067234
          4742   711.7915778
          4743   711.8764263
          4744   711.9612693
          4745   712.0461069
          4746   712.1309391
          4747   712.2157659
          4748   712.3005872
          4749    712.385402
          4750   712.4702113
          4751   712.5550151
          4752   712.6398136
          4753   712.7246066
          4754   712.8093943
          4755    712.894176
          4756   712.9789517
          4757   713.0637219
          4758   713.1484867
          4759   713.2332461
          4760   713.3180002
          4761   713.4027488
          4762   713.4874911
          4763   713.5722277
          4764    713.656959
          4765   713.7416848
          4766   713.8264053
          4767   713.9111204
          4768   713.9958298
          4769    714.080533
          4770   714.1652308
          4771   714.2499232
          4772   714.3346102
          4773   714.4192919
          4774   714.5039682
          4775   714.5886382
          4776   714.6733026
          4777   714.7579616
          4778   714.8426153
          4779   714.9272636
          4780   715.0119065
          4781   715.0965439
          4782   715.1811749
          4783   715.2658006
          4784    715.350421
          4785    715.435036
          4786   715.5196457
          4787     715.60425
          4788   715.6888481
          4789   715.7734406
          4790   715.8580277
          4791   715.9426095
          4792    716.027186
          4793   716.1117571
          4794   716.1963227
          4795    716.280882
          4796    716.365436
          4797   716.4499846
          4798    716.534528
          4799    716.619066
          4800   716.7035988
          4801   716.7881253
          4802   716.8726462
          4803   716.9571618
          4804   717.0416721
          4805   717.1261771
          4806   717.2106768
          4807   717.2951708
          4808   717.3796588
          4809   717.4641414
          4810   717.5486187
          4811   717.6330908
          4812   717.7175575
          4813    717.802019
          4814   717.8864742
          4815   717.9709239
          4816   718.0553683
          4817   718.1398075
          4818   718.2242414
          4819     718.30867
          4820   718.3930928
          4821   718.4775097
          4822   718.5619214
          4823   718.6463277
          4824   718.7307288
          4825   718.8151247
          4826   718.8995152
          4827   718.9838994
          4828   719.0682783
          4829   719.1526519
          4830   719.2370203
          4831   719.3213834
          4832   719.4057413
          4833   719.4900932
          4834   719.5744394
          4835   719.6587804
          4836   719.7431161
          4837   719.8274467
          4838   719.9117719
          4839   719.9960917
          4840   720.0804053
          4841   720.1647137
          4842   720.2490169
          4843   720.3333148
          4844   720.4176076
          4845   720.5018951
          4846   720.5861764
          4847   720.6704523
          4848   720.7547229
          4849   720.8389884
          4850   720.9232487
          4851   721.0075037
          4852    721.091753
          4853   721.1759964
          4854   721.2602347
          4855   721.3444678
          4856   721.4286957
          4857   721.5129183
          4858   721.5971356
          4859   721.6813467
          4860   721.7655527
          4861   721.8497534
          4862   721.9339489
          4863   722.0181393
          4864   722.1023245
          4865   722.1865035
          4866   722.2706772
          4867   722.3548457
          4868    722.439009
          4869   722.5231671
          4870   722.6073201
          4871   722.6914673
          4872   722.7756087
          4873    722.859745
          4874   722.9438761
          4875   723.0280021
          4876    723.112123
          4877   723.1962384
          4878   723.2803477
          4879   723.3644519
          4880   723.4485509
          4881   723.5326448
          4882   723.6167336
          4883   723.7008172
          4884   723.7848945
          4885   723.8689667
          4886   723.9530337
          4887   724.0370956
          4888   724.1211523
          4889   724.2052039
          4890   724.2892496
          4891   724.3732898
          4892   724.4573249
          4893   724.5413548
          4894   724.6253796
          4895   724.7093994
          4896   724.7934135
          4897   724.8774217
          4898   724.9614249
          4899    725.045423
          4900    725.129416
          4901   725.2134038
          4902   725.2973864
          4903   725.3813629
          4904   725.4653342
          4905   725.5493005
          4906   725.6332617
          4907   725.7172178
          4908   725.8011688
          4909   725.8851136
          4910   725.9690532
          4911   726.0529878
          4912   726.1369173
          4913   726.2208417
          4914    726.304761
          4915   726.3886744
          4916   726.4725823
          4917   726.5564852
          4918   726.6403831
          4919   726.7242758
          4920   726.8081635
          4921   726.8920456
          4922    726.975922
          4923   727.0597933
          4924   727.1436595
          4925   727.2275207
          4926   727.3113769
          4927   727.3952276
          4928   727.4790725
          4929   727.5629123
          4930   727.6467471
          4931   727.7305768
          4932   727.8144015
          4933    727.898221
          4934   727.9820344
          4935   728.0658427
          4936   728.1496461
          4937   728.2334444
          4938   728.3172377
          4939   728.4010259
          4940    728.484808
          4941    728.568585
          4942    728.652357
          4943   728.7361239
          4944   728.8198859
          4945   728.9036428
          4946   728.9873938
          4947   729.0711395
          4948   729.1548802
          4949   729.2386159
          4950   729.3223466
          4951   729.4060722
          4952   729.4897922
          4953   729.5735066
          4954   729.6572161
          4955   729.7409206
          4956   729.8246201
          4957   729.9083146
          4958   729.9920035
          4959   730.0756868
          4960   730.1593652
          4961   730.2430385
          4962   730.3267069
          4963   730.4103703
          4964   730.4940282
          4965   730.5776805
          4966   730.6613277
          4967     730.74497
          4968   730.8286073
          4969   730.9122397
          4970   730.9958667
          4971   731.0794879
          4972   731.1631042
          4973   731.2467155
          4974   731.3303218
          4975   731.4139232
          4976   731.4975194
          4977   731.5811097
          4978    731.664695
          4979   731.7482754
          4980   731.8318508
          4981   731.9154213
          4982   731.9989867
          4983   732.0825461
          4984   732.1661006
          4985   732.2496501
          4986   732.3331946
          4987   732.4167343
          4988    732.500269
          4989   732.5837976
          4990   732.6673212
          4991   732.7508399
          4992   732.8343537
          4993   732.9178626
          4994   733.0013666
          4995   733.0848645
          4996   733.1683574
          4997   733.2518454
          4998   733.3353285
          4999   733.4188067
          5000     733.50228
          5001   733.5857473
          5002   733.6692096
          5003   733.7526669
          5004   733.8361194
          5005   733.9195669
          5006   734.0030096
          5007   734.0864464
          5008    734.169878
          5009   734.2533048
          5010   734.3367267
          5011   734.4201437
          5012   734.5035558
          5013   734.5869621
          5014   734.6703632
          5015   734.7537594
          5016   734.8371508
          5017   734.9205373
          5018    735.003919
          5019   735.0872948
          5020   735.1706655
          5021   735.2540313
          5022   735.3373922
          5023   735.4207483
          5024   735.5040995
          5025    735.587445
          5026   735.6707853
          5027   735.7541207
          5028   735.8374513
          5029    735.920777
          5030   736.0040979
          5031    736.087413
          5032   736.1707229
          5033   736.2540281
          5034   736.3373283
          5035   736.4206238
          5036   736.5039144
          5037   736.5871992
          5038   736.6704789
          5039   736.7537538
          5040   736.8370238
          5041   736.9202891
          5042   737.0035495
          5043   737.0868041
          5044   737.1700536
          5045   737.2532983
          5046   737.3365382
          5047   737.4197732
          5048   737.5030035
          5049   737.5862279
          5050   737.6694473
          5051   737.7526619
          5052   737.8358717
          5053   737.9190766
          5054   738.0022768
          5055   738.0854711
          5056   738.1686605
          5057    738.251845
          5058   738.3350248
          5059   738.4181997
          5060   738.5013699
          5061   738.5845341
          5062   738.6676935
          5063    738.750848
          5064   738.8339978
          5065   738.9171428
          5066    739.000283
          5067   739.0834173
          5068   739.1665467
          5069   739.2496714
          5070   739.3327912
          5071   739.4159063
          5072   739.4990166
          5073   739.5821209
          5074   739.6652205
          5075   739.7483153
          5076   739.8314054
          5077   739.9144907
          5078    739.997571
          5079   740.0806456
          5080   740.1637153
          5081   740.2467804
          5082   740.3298407
          5083   740.4128962
          5084   740.4959467
          5085   740.5789915
          5086   740.6620315
          5087   740.7450668
          5088   740.8280974
          5089   740.9111233
          5090   740.9941439
          5091   741.0771591
          5092   741.1601695
          5093   741.2431751
          5094   741.3261761
          5095   741.4091723
          5096   741.4921632
          5097   741.5751487
          5098   741.6581295
          5099   741.7411056
          5100    741.824077
          5101   741.9070436
          5102   741.9900048
          5103   742.0729608
          5104   742.1559121
          5105   742.2388586
          5106   742.3218005
          5107   742.4047376
          5108   742.4876692
          5109   742.5705957
          5110   742.6535175
          5111   742.7364346
          5112    742.819347
          5113   742.9022548
          5114   742.9851567
          5115   743.0680538
          5116   743.1509462
          5117   743.2338339
          5118    743.316717
          5119   743.3995953
          5120   743.4824677
          5121   743.5653355
          5122   743.6481985
          5123   743.7310569
          5124   743.8139106
          5125   743.8967595
          5126   743.9796026
          5127   744.0624411
          5128   744.1452749
          5129    744.228104
          5130   744.3109285
          5131   744.3937478
          5132   744.4765617
          5133    744.559371
          5134   744.6421756
          5135   744.7249755
          5136   744.8077708
          5137   744.8905607
          5138   744.9733455
          5139   745.0561256
          5140    745.138901
          5141   745.2216718
          5142   745.3044379
          5143   745.3871985
          5144   745.4699542
          5145   745.5527052
          5146   745.6354516
          5147   745.7181933
          5148   745.8009304
          5149   745.8836617
          5150   745.9663883
          5151   746.0491102
          5152   746.1318276
          5153   746.2145403
          5154   746.2972482
          5155   746.3799504
          5156   746.4626481
          5157   746.5453411
          5158   746.6280295
          5159   746.7107132
          5160   746.7933919
          5161   746.8760652
          5162    746.958734
          5163   747.0413981
          5164   747.1240576
          5165   747.2067124
          5166    747.289362
          5167   747.3720064
          5168   747.4546463
          5169   747.5372816
          5170   747.6199122
          5171   747.7025383
          5172   747.7851587
          5173   747.8677744
          5174   747.9503855
          5175   748.0329919
          5176   748.1155938
          5177    748.198191
          5178   748.2807825
          5179   748.3633694
          5180   748.4459518
          5181   748.5285296
          5182   748.6111027
          5183   748.6936709
          5184   748.7762337
          5185    748.858792
          5186   748.9413457
          5187   749.0238948
          5188   749.1064393
          5189   749.1889785
          5190   749.2715127
          5191   749.3540424
          5192   749.4365674
          5193    749.519088
          5194   749.6016039
          5195   749.6841142
          5196   749.7666199
          5197    749.849121
          5198   749.9316175
          5199   750.0141095
          5200   750.0965967
          5201   750.1790784
          5202   750.2615555
          5203   750.3440281
          5204   750.4264962
          5205   750.5089597
          5206   750.5914181
          5207   750.6738713
          5208     750.75632
          5209   750.8387642
          5210   750.9212038
          5211   751.0036389
          5212   751.0860685
          5213   751.1684934
          5214   751.2509137
          5215   751.3333295
          5216   751.4157408
          5217   751.4981474
          5218   751.5805484
          5219    751.662945
          5220    751.745337
          5221   751.8277245
          5222   751.9101074
          5223   751.9924854
          5224   752.0748581
          5225   752.1572264
          5226   752.2395901
          5227   752.3219494
          5228   752.4043041
          5229   752.4866535
          5230    752.568998
          5231   752.6513381
          5232   752.7336736
          5233   752.8160047
          5234   752.8983311
          5235    752.980652
          5236   753.0629684
          5237   753.1452803
          5238   753.2275877
          5239   753.3098907
          5240   753.3921886
          5241   753.4744813
          5242   753.5567696
          5243   753.6390534
          5244   753.7213328
          5245   753.8036077
          5246   753.8858771
          5247   753.9681418
          5248   754.0504021
          5249   754.1326579
          5250   754.2149092
          5251   754.2971559
          5252   754.3793971
          5253   754.4616338
          5254   754.5438661
          5255   754.6260939
          5256   754.7083173
          5257   754.7905356
          5258   754.8727488
          5259   754.9549576
          5260    755.037162
          5261   755.1193619
          5262   755.2015574
          5263   755.2837473
          5264   755.3659327
          5265   755.4481136
          5266   755.5302902
          5267   755.6124622
          5268   755.6946295
          5269   755.7767915
          5270   755.8589491
          5271   755.9411022
          5272   756.0232509
          5273   756.1053952
          5274   756.1875342
          5275   756.2696685
          5276   756.3517983
          5277   756.4339237
          5278   756.5160447
          5279   756.5981611
          5280    756.680272
          5281   756.7623785
          5282   756.8444807
          5283   756.9265784
          5284   757.0086717
          5285   757.0907599
          5286   757.1728432
          5287   757.2549221
          5288   757.3369966
          5289   757.4190666
          5290   757.5011323
          5291   757.5831925
          5292   757.6652481
          5293   757.7472994
          5294   757.8293463
          5295   757.9113888
          5296   757.9934265
          5297    758.075459
          5298   758.1574871
          5299   758.2395109
          5300   758.3215303
          5301   758.4035453
          5302   758.4855549
          5303   758.5675599
          5304   758.6495606
          5305   758.7315569
          5306   758.8135488
          5307    758.895536
          5308    758.977518
          5309   759.0594956
          5310   759.1414688
          5311   759.2234377
          5312   759.3054022
          5313   759.3873615
          5314    759.469316
          5315   759.5512662
          5316   759.6332121
          5317   759.7151536
          5318   759.7970906
          5319   759.8790222
          5320   759.9609494
          5321   760.0428723
          5322   760.1247909
          5323   760.2067051
          5324   760.2886142
          5325   760.3705185
          5326   760.4524185
          5327   760.5343141
          5328   760.6162054
          5329   760.6980923
          5330   760.7799737
          5331   760.8618508
          5332   760.9437235
          5333    761.025592
          5334   761.1074561
          5335   761.1893151
          5336   761.2711694
          5337   761.3530193
          5338   761.4348649
          5339   761.5167062
          5340   761.5985431
          5341   761.6803745
          5342   761.7622016
          5343   761.8440245
          5344    761.925843
          5345   762.0076572
          5346   762.0894664
          5347   762.1712707
          5348   762.2530708
          5349   762.3348666
          5350    762.416658
          5351   762.4984451
          5352   762.5802268
          5353   762.6620041
          5354   762.7437772
          5355    762.825546
          5356   762.9073104
          5357   762.9890699
          5358   763.0708246
          5359    763.152575
          5360   763.2343211
          5361    763.316063
          5362   763.3978004
          5363   763.4795324
          5364   763.5612602
          5365   763.6429837
          5366   763.7247029
          5367   763.8064179
          5368   763.8881278
          5369    763.969833
          5370   764.0515339
          5371   764.1332306
          5372    764.214923
          5373   764.2966109
          5374   764.3782935
          5375   764.4599719
          5376   764.5416461
          5377   764.6233159
          5378   764.7049816
          5379    764.786642
          5380   764.8682979
          5381   764.9499496
          5382    765.031597
          5383   765.1132401
          5384   765.1948787
          5385   765.2765121
          5386   765.3581413
          5387   765.4397662
          5388    765.521387
          5389   765.6030034
          5390   765.6846146
          5391   765.7662214
          5392    765.847824
          5393   765.9294223
          5394   766.0110164
          5395   766.0926057
          5396   766.1741901
          5397   766.2557703
          5398   766.3373463
          5399    766.418918
          5400   766.5004855
          5401   766.5820476
          5402   766.6636055
          5403   766.7451591
          5404   766.8267085
          5405   766.9082537
          5406    766.989794
          5407   767.0713296
          5408    767.152861
          5409   767.2343881
          5410   767.3159111
          5411   767.3974296
          5412   767.4789429
          5413    767.560452
          5414   767.6419569
          5415   767.7234577
          5416   767.8049542
          5417   767.8864456
          5418   767.9679325
          5419   768.0494152
          5420   768.1308937
          5421   768.2123681
          5422   768.2938378
          5423   768.3753026
          5424   768.4567631
          5425   768.5382195
          5426   768.6196717
          5427   768.7011197
          5428   768.7825624
          5429   768.8640008
          5430   768.9454351
          5431   769.0268651
          5432   769.1082911
          5433   769.1897121
          5434   769.2711285
          5435   769.3525406
          5436   769.4339487
          5437   769.5153525
          5438    769.596752
          5439   769.6781463
          5440   769.7595364
          5441   769.8409224
          5442   769.9223043
          5443   770.0036819
          5444   770.0850545
          5445   770.1664226
          5446   770.2477866
          5447   770.3291464
          5448   770.4105021
          5449   770.4918532
          5450   770.5731993
          5451   770.6545414
          5452   770.7358793
          5453    770.817213
          5454   770.8985426
          5455   770.9798668
          5456   771.0611869
          5457   771.1425029
          5458   771.2238148
          5459   771.3051225
          5460   771.3864252
          5461   771.4677234
          5462   771.5490175
          5463   771.6303075
          5464   771.7115934
          5465   771.7928747
          5466   771.8741511
          5467   771.9554233
          5468   772.0366915
          5469   772.1179556
          5470   772.1992154
          5471     772.28047
          5472   772.3617205
          5473   772.4429669
          5474   772.5242091
          5475   772.6054473
          5476   772.6866805
          5477   772.7679092
          5478   772.8491338
          5479   772.9303543
          5480   773.0115707
          5481   773.0927826
          5482   773.1739896
          5483   773.2551925
          5484   773.3363913
          5485    773.417586
          5486   773.4987765
          5487   773.5799618
          5488    773.661143
          5489   773.7423202
          5490   773.8234932
          5491   773.9046622
          5492   773.9858262
          5493   774.0669857
          5494   774.1481412
          5495   774.2292926
          5496     774.31044
          5497   774.3915827
          5498   774.4727207
          5499   774.5538546
          5500   774.6349844
          5501   774.7161102
          5502   774.7972317
          5503   774.8783481
          5504   774.9594604
          5505   775.0405687
          5506   775.1216729
          5507   775.2027731
          5508   775.2838681
          5509   775.3649589
          5510   775.4460457
          5511   775.5271284
          5512    775.608207
          5513   775.6892809
          5514   775.7703502
          5515   775.8514155
          5516   775.9324767
          5517   776.0135339
          5518   776.0945867
          5519   776.1756346
          5520   776.2566784
          5521   776.3377182
          5522    776.418754
          5523   776.4997857
          5524   776.5808121
          5525   776.6618345
          5526   776.7428529
          5527   776.8238673
          5528   776.9048776
          5529    776.985883
          5530    777.066884
          5531    777.147881
          5532    777.228874
          5533    777.309863
          5534   777.3908474
          5535   777.4718271
          5536   777.5528028
          5537   777.6337744
          5538   777.7147421
          5539   777.7957055
          5540   777.8766639
          5541   777.9576183
          5542   778.0385687
          5543    778.119515
          5544   778.2004574
          5545   778.2813946
          5546   778.3623277
          5547   778.4432569
          5548    778.524182
          5549   778.6051031
          5550   778.6860194
          5551   778.7669313
          5552   778.8478392
          5553   778.9287431
          5554   779.0096431
          5555   779.0905384
          5556   779.1714291
          5557   779.2523159
          5558   779.3331986
          5559   779.4140774
          5560   779.4949519
          5561   779.5758215
          5562   779.6566871
          5563   779.7375487
          5564   779.8184063
          5565   779.8992599
          5566   779.9801084
          5567   780.0609529
          5568   780.1417934
          5569     780.22263
          5570   780.3034625
          5571   780.3842901
          5572   780.4651136
          5573    780.545933
          5574   780.6267485
          5575     780.70756
          5576   780.7883668
          5577   780.8691692
          5578   780.9499676
          5579   781.0307621
          5580   781.1115526
          5581   781.1923387
          5582   781.2731201
          5583   781.3538975
          5584    781.434671
          5585   781.5154405
          5586   781.5962058
          5587   781.6769663
          5588   781.7577227
          5589   781.8384752
          5590   781.9192238
          5591   781.9999685
          5592   782.0807079
          5593   782.1614435
          5594   782.2421751
          5595   782.3229028
          5596   782.4036265
          5597   782.4843453
          5598     782.56506
          5599   782.6457707
          5600   782.7264775
          5601   782.8071804
          5602   782.8878785
          5603   782.9685723
          5604   783.0492622
          5605   783.1299482
          5606   783.2106302
          5607   783.2913078
          5608   783.3719808
          5609   783.4526498
          5610    783.533315
          5611   783.6139762
          5612   783.6946332
          5613   783.7752854
          5614   783.8559337
          5615    783.936578
          5616   784.0172185
          5617   784.0978549
          5618   784.1784864
          5619   784.2591139
          5620   784.3397376
          5621   784.4203573
          5622   784.5009732
          5623   784.5815839
          5624   784.6621908
          5625   784.7427937
          5626   784.8233928
          5627   784.9039879
          5628   784.9845782
          5629   785.0651644
          5630   785.1457466
          5631    785.226325
          5632   785.3068995
          5633   785.3874694
          5634   785.4680349
          5635   785.5485965
          5636   785.6291543
          5637   785.7097081
          5638   785.7902575
          5639   785.8708025
          5640   785.9513435
          5641   786.0318807
          5642    786.112414
          5643   786.1929429
          5644   786.2734673
          5645   786.3539877
          5646   786.4345044
          5647   786.5150171
          5648   786.5955257
          5649   786.6760295
          5650   786.7565294
          5651   786.8370255
          5652   786.9175178
          5653    786.998006
          5654   787.0784893
          5655   787.1589687
          5656   787.2394443
          5657   787.3199161
          5658    787.400384
          5659   787.4808468
          5660   787.5613058
          5661    787.641761
          5662   787.7222122
          5663   787.8026597
          5664   787.8831023
          5665   787.9635408
          5666   788.0439755
          5667   788.1244064
          5668   788.2048335
          5669   788.2852557
          5670   788.3656739
          5671   788.4460882
          5672   788.5264987
          5673   788.6069054
          5674   788.6873074
          5675   788.7677052
          5676   788.8480992
          5677   788.9284894
          5678   789.0088757
          5679   789.0892575
          5680    789.169635
          5681   789.2500086
          5682   789.3303785
          5683   789.4107445
          5684   789.4911062
          5685   789.5714633
          5686   789.6518167
          5687   789.7321662
          5688    789.812512
          5689   789.8928535
          5690   789.9731904
          5691   790.0535235
          5692   790.1338528
          5693   790.2141783
          5694   790.2944997
          5695   790.3748164
          5696   790.4551293
          5697   790.5354383
          5698   790.6157436
          5699   790.6960449
          5700   790.7763414
          5701   790.8566341
          5702    790.936923
          5703   791.0172081
          5704   791.0974893
          5705   791.1777656
          5706   791.2580382
          5707    791.338307
          5708   791.4185719
          5709   791.4988331
          5710   791.5790893
          5711   791.6593417
          5712   791.7395903
          5713   791.8198352
          5714   791.9000763
          5715   791.9803124
          5716   792.0605448
          5717   792.1407733
          5718   792.2209981
          5719   792.3012192
          5720   792.3814353
          5721   792.4616476
          5722   792.5418561
          5723   792.6220608
          5724   792.7022618
          5725    792.782458
          5726   792.8626502
          5727   792.9428387
          5728   793.0230235
          5729   793.1032045
          5730   793.1833807
          5731    793.263553
          5732   793.3437215
          5733   793.4238863
          5734   793.5040473
          5735   793.5842036
          5736   793.6643559
          5737   793.7445045
          5738   793.8246493
          5739   793.9047904
          5740   793.9849268
          5741   794.0650592
          5742   794.1451879
          5743   794.2253128
          5744    794.305434
          5745   794.3855505
          5746    794.465663
          5747   794.5457718
          5748   794.6258768
          5749   794.7059781
          5750   794.7860749
          5751   794.8661675
          5752   794.9462564
          5753   795.0263416
          5754   795.1064231
          5755      795.1865
          5756   795.2665728
          5757   795.3466419
          5758   795.4267073
          5759   795.5067689
          5760   795.5868261
          5761   795.6668791
          5762   795.7469284
          5763    795.826974
          5764   795.9070159
          5765   795.9870533
          5766   796.0670865
          5767   796.1471161
          5768   796.2271419
          5769   796.3071641
          5770   796.3871817
          5771   796.4671953
          5772   796.5472051
          5773   796.6272112
          5774   796.7072137
          5775   796.7872116
          5776   796.8672054
          5777   796.9471956
          5778    797.027182
          5779   797.1071648
          5780   797.1871431
          5781   797.2671172
          5782   797.3470877
          5783   797.4270545
          5784   797.5070176
          5785   797.5869762
          5786   797.6669308
          5787   797.7468816
          5788   797.8268288
          5789   797.9067723
          5790   797.9867113
          5791   798.0666462
          5792   798.1465775
          5793    798.226505
          5794    798.306429
          5795   798.3863484
          5796   798.4662637
          5797   798.5461754
          5798   798.6260834
          5799   798.7059878
          5800   798.7858876
          5801   798.8657835
          5802   798.9456756
          5803   799.0255641
          5804    799.105449
          5805   799.1853293
          5806   799.2652056
          5807   799.3450782
          5808   799.4249472
          5809   799.5048126
          5810   799.5846734
          5811   799.6645302
          5812   799.7443834
          5813   799.8242329
          5814   799.9040788
          5815   799.9839201
          5816   800.0637575
          5817   800.1435913
          5818   800.2234214
          5819   800.3032478
          5820   800.3830697
          5821   800.4628876
          5822    800.542702
          5823   800.6225127
          5824   800.7023198
          5825   800.7821221
          5826   800.8619207
          5827   800.9417157
          5828   801.0215071
          5829   801.1012948
          5830   801.1810777
          5831    801.260857
          5832   801.3406326
          5833   801.4204046
          5834    801.500173
          5835   801.5799366
          5836   801.6596965
          5837   801.7394528
          5838   801.8192055
          5839   801.8989546
          5840   801.9786988
          5841   802.0584394
          5842   802.1381765
          5843   802.2179099
          5844   802.2976396
          5845   802.3773646
          5846    802.457086
          5847   802.5368038
          5848   802.6165179
          5849   802.6962283
          5850   802.7759341
          5851   802.8556362
          5852   802.9353348
          5853   803.0150298
          5854   803.0947208
          5855   803.1744074
          5856   803.2540904
          5857   803.3337697
          5858   803.4134455
          5859   803.4931173
          5860   803.5727847
          5861   803.6524485
          5862   803.7321087
          5863   803.8117654
          5864   803.8914179
          5865   803.9710662
          5866   804.0507109
          5867    804.130352
          5868   804.2099895
          5869   804.2896228
          5870   804.3692519
          5871   804.4488775
          5872   804.5284995
          5873    804.608118
          5874   804.6877321
          5875   804.7673421
          5876   804.8469487
          5877   804.9265516
          5878    805.006151
          5879   805.0857459
          5880   805.1653369
          5881   805.2449244
          5882   805.3245083
          5883   805.4040887
          5884   805.4836645
          5885   805.5632365
          5886   805.6428049
          5887   805.7223698
          5888   805.8019312
          5889   805.8814879
          5890   805.9610409
          5891   806.0405904
          5892   806.1201363
          5893   806.1996786
          5894   806.2792162
          5895   806.3587503
          5896   806.4382808
          5897   806.5178078
          5898   806.5973311
          5899   806.6768498
          5900   806.7563649
          5901   806.8358765
          5902   806.9153846
          5903   806.9948888
          5904   807.0743886
          5905   807.1538849
          5906   807.2333776
          5907   807.3128668
          5908    807.392352
          5909   807.4718329
          5910   807.5513103
          5911   807.6307841
          5912   807.7102545
          5913   807.7897207
          5914   807.8691827
          5915   807.9486413
          5916   808.0280963
          5917   808.1075478
          5918   808.1869951
          5919   808.2664383
          5920   808.3458781
          5921   808.4253143
          5922    808.504747
          5923   808.5841753
          5924   808.6635998
          5925   808.7430207
          5926   808.8224382
          5927   808.9018522
          5928   808.9812615
          5929   809.0606672
          5930   809.1400695
          5931   809.2194682
          5932   809.2988634
          5933   809.3782539
          5934   809.4576409
          5935   809.5370244
          5936   809.6164044
          5937   809.6957807
          5938   809.7751525
          5939   809.8545208
          5940   809.9338856
          5941    810.013247
          5942   810.0926044
          5943   810.1719575
          5944   810.2513072
          5945   810.3306534
          5946   810.4099961
          5947   810.4893346
          5948   810.5686691
          5949   810.6480002
          5950   810.7273277
          5951   810.8066518
          5952   810.8859715
          5953   810.9652874
          5954   811.0445999
          5955   811.1239088
          5956   811.2032143
          5957   811.2825153
          5958   811.3618126
          5959   811.4411065
          5960   811.5203968
          5961   811.5996837
          5962    811.678966
          5963   811.7582447
          5964   811.8375201
          5965   811.9167919
          5966   811.9960601
          5967   812.0753238
          5968    812.154584
          5969   812.2338408
          5970   812.3130942
          5971   812.3923436
          5972   812.4715888
          5973   812.5508306
          5974   812.6300689
          5975   812.7093038
          5976   812.7885345
          5977   812.8677612
          5978   812.9469845
          5979   813.0262044
          5980   813.1054208
          5981   813.1846329
          5982   813.2638412
          5983   813.3430461
          5984   813.4222475
          5985   813.5014455
          5986   813.5806389
          5987   813.6598288
          5988   813.7390153
          5989   813.8181983
          5990   813.8973778
          5991   813.9765527
          5992   814.0557242
          5993   814.1348923
          5994    814.214057
          5995   814.2932178
          5996   814.3723744
          5997   814.4515276
          5998   814.5306774
          5999   814.6098237
          6000    814.688966
          6001   814.7681042
          6002   814.8472391
          6003   814.9263705
          6004   815.0054985
          6005   815.0846222
          6006   815.1637422
          6007   815.2428588
          6008   815.3219719
          6009   815.4010817
          6010   815.4801868
          6011   815.5592885
          6012   815.6383868
          6013   815.7174817
          6014    815.796573
          6015   815.8756599
          6016   815.9547433
          6017   816.0338234
          6018      816.1129
          6019   816.1919728
          6020   816.2710415
          6021   816.3501067
          6022   816.4291686
          6023    816.508227
          6024   816.5872814
          6025   816.6663318
          6026   816.7453789
          6027   816.8244226
          6028   816.9034629
          6029   816.9824987
          6030    817.061531
          6031   817.1405599
          6032   817.2195855
          6033   817.2986075
          6034   817.3776251
          6035   817.4566392
          6036     817.53565
          6037   817.6146574
          6038   817.6936611
          6039   817.7726605
          6040   817.8516566
          6041   817.9306493
          6042   818.0096386
          6043   818.0886239
          6044   818.1676052
          6045   818.2465832
          6046   818.3255578
          6047   818.4045291
          6048    818.483496
          6049   818.5624593
          6050   818.6414192
          6051   818.7203758
          6052    818.799329
          6053   818.8782776
          6054   818.9572229
          6055   819.0361648
          6056   819.1151034
          6057   819.1940383
          6058   819.2729689
          6059   819.3518962
          6060   819.4308201
          6061   819.5097407
          6062   819.5886572
          6063   819.6675699
          6064   819.7464792
          6065   819.8253852
          6066   819.9042878
          6067   819.9831861
          6068   820.0620808
          6069   820.1409722
          6070   820.2198602
          6071   820.2987449
          6072    820.377625
          6073   820.4565018
          6074   820.5353752
          6075   820.6142454
          6076   820.6931118
          6077    820.771974
          6078   820.8508329
          6079   820.9296885
          6080   821.0085407
          6081   821.0873889
          6082   821.1662333
          6083   821.2450743
          6084   821.3239121
          6085   821.4027465
          6086   821.4815765
          6087    821.560403
          6088   821.6392262
          6089   821.7180461
          6090   821.7968625
          6091   821.8756745
          6092   821.9544833
          6093   822.0332887
          6094   822.1120908
          6095    822.190889
          6096   822.2696833
          6097   822.3484742
          6098   822.4272618
          6099   822.5060462
          6100   822.5848263
          6101   822.6636028
          6102    822.742376
          6103   822.8211458
          6104   822.8999124
          6105   822.9786745
          6106   823.0574332
          6107   823.1361887
          6108   823.2149408
          6109   823.2936893
          6110   823.3724337
          6111   823.4511747
          6112   823.5299125
          6113   823.6086469
          6114   823.6873774
          6115    823.766104
          6116   823.8448274
          6117   823.9235475
          6118   824.0022642
          6119   824.0809767
          6120   824.1596857
          6121   824.2383914
          6122   824.3170938
          6123   824.3957927
          6124   824.4744874
          6125   824.5531787
          6126   824.6318668
          6127   824.7105516
          6128   824.7892326
          6129   824.8679096
          6130   824.9465834
          6131   825.0252539
          6132   825.1039211
          6133    825.182584
          6134   825.2612435
          6135   825.3398997
          6136   825.4185526
          6137   825.4972021
          6138   825.5758473
          6139   825.6544892
          6140   825.7331278
          6141   825.8117632
          6142   825.8903948
          6143   825.9690224
          6144   826.0476468
          6145   826.1262679
          6146   826.2048858
          6147   826.2834995
          6148   826.3621096
          6149   826.4407165
          6150   826.5193201
          6151   826.5979204
          6152   826.6765163
          6153   826.7551089
          6154   826.8336983
          6155   826.9122845
          6156   826.9908669
          6157   827.0694453
          6158   827.1480205
          6159   827.2265925
          6160   827.3051612
          6161   827.3837258
          6162   827.4622868
          6163   827.5408446
          6164   827.6193991
          6165   827.6979503
          6166   827.7764972
          6167   827.8550408
          6168   827.9335812
          6169   828.0121183
          6170   828.0906517
          6171   828.1691812
          6172   828.2477075
          6173   828.3262305
          6174   828.4047503
          6175   828.4832659
          6176    828.561778
          6177   828.6402869
          6178   828.7187926
          6179   828.7972949
          6180   828.8757929
          6181   828.9542877
          6182   829.0327792
          6183   829.1112676
          6184   829.1897522
          6185   829.2682329
          6186   829.3467104
          6187   829.4251846
          6188   829.5036557
          6189   829.5821225
          6190    829.660586
          6191   829.7390462
          6192   829.8175032
          6193   829.8959568
          6194   829.9744061
          6195   830.0528523
          6196   830.1312953
          6197   830.2097351
          6198   830.2881709
          6199   830.3666031
          6200    830.445032
          6201   830.5234578
          6202   830.6018803
          6203   830.6802986
          6204   830.7587135
          6205   830.8371253
          6206   830.9155338
          6207   830.9939388
          6208   831.0723398
          6209   831.1507376
          6210   831.2291321
          6211   831.3075235
          6212   831.3859109
          6213   831.4642947
          6214   831.5426753
          6215   831.6210528
          6216    831.699427
          6217   831.7777968
          6218   831.8561635
          6219    831.934527
          6220   832.0128873
          6221   832.0912439
          6222   832.1695966
          6223   832.2479462
          6224   832.3262926
          6225   832.4046358
          6226   832.4829749
          6227   832.5613105
          6228    832.639643
          6229   832.7179723
          6230   832.7962982
          6231     832.87462
          6232   832.9529386
          6233    833.031254
          6234   833.1095663
          6235   833.1878747
          6236   833.2661794
          6237    833.344481
          6238   833.4227793
          6239   833.5010746
          6240   833.5793655
          6241   833.6576532
          6242   833.7359378
          6243   833.8142192
          6244    833.892497
          6245   833.9707709
          6246   834.0490416
          6247   834.1273092
          6248   834.2055736
          6249   834.2838339
          6250   834.3620909
          6251   834.4403446
          6252   834.5185952
          6253   834.5968425
          6254   834.6750856
          6255   834.7533256
          6256   834.8315624
          6257   834.9097961
          6258    834.988026
          6259   835.0662522
          6260   835.1444753
          6261   835.2226952
          6262    835.300912
          6263   835.3791244
          6264   835.4573337
          6265   835.5355399
          6266   835.6137429
          6267   835.6919424
          6268    835.770138
          6269   835.8483304
          6270   835.9265197
          6271   836.0047059
          6272    836.082888
          6273   836.1610667
          6274   836.2392423
          6275   836.3174148
          6276   836.3955839
          6277   836.4737489
          6278   836.5519108
          6279   836.6300695
          6280   836.7082252
          6281    836.786377
          6282   836.8645252
          6283   836.9426703
          6284   837.0208123
          6285   837.0989511
          6286   837.1770857
          6287   837.2552171
          6288   837.3333454
          6289   837.4114706
          6290   837.4895922
          6291     837.56771
          6292   837.6458247
          6293   837.7239362
          6294   837.8020447
          6295    837.880149
          6296   837.9582501
          6297    838.036348
          6298   838.1144429
          6299   838.1925342
          6300   838.2706217
          6301   838.3487061
          6302   838.4267873
          6303   838.5048655
          6304   838.5829396
          6305   838.6610104
          6306   838.7390781
          6307   838.8171427
          6308   838.8952039
          6309   838.9732611
          6310   839.0513152
          6311   839.1293662
          6312   839.2074142
          6313   839.2854582
          6314   839.3634988
          6315   839.4415363
          6316   839.5195707
          6317   839.5976019
          6318   839.6756289
          6319   839.7536528
          6320   839.8316737
          6321   839.9096915
          6322   839.9877055
          6323    840.065716
          6324   840.1437233
          6325   840.2217276
          6326   840.2997288
          6327   840.3777258
          6328   840.4557196
          6329   840.5337104
          6330   840.6116981
          6331   840.6896822
          6332   840.7676626
          6333     840.84564
          6334   840.9236142
          6335   841.0015854
          6336   841.0795524
          6337   841.1575163
          6338   841.2354771
          6339   841.3134348
          6340    841.391389
          6341   841.4693395
          6342   841.5472868
          6343   841.6252311
          6344   841.7031724
          6345   841.7811095
          6346   841.8590435
          6347   841.9369744
          6348   842.0149022
          6349   842.0928266
          6350   842.1707471
          6351   842.2486646
          6352   842.3265791
          6353   842.4044905
          6354   842.4823979
          6355    842.560302
          6356    842.638203
          6357    842.716101
          6358   842.7939957
          6359   842.8718864
          6360   842.9497741
          6361   843.0276587
          6362   843.1055404
          6363    843.183418
          6364   843.2612924
          6365   843.3391637
          6366   843.4170319
          6367   843.4948969
          6368   843.5727579
          6369   843.6506159
          6370   843.7284708
          6371   843.8063227
          6372   843.8841708
          6373   843.9620154
          6374    844.039857
          6375   844.1176957
          6376    844.195531
          6377   844.2733623
          6378   844.3511907
          6379    844.429016
          6380   844.5068383
          6381   844.5846567
          6382   844.6624718
          6383   844.7402838
          6384   844.8180928
          6385   844.8958986
          6386   844.9737004
          6387   845.0514992
          6388    845.129295
          6389   845.2070877
          6390   845.2848766
          6391   845.3626622
          6392   845.4404447
          6393   845.5182242
          6394   845.5960005
          6395   845.6737728
          6396   845.7515421
          6397   845.8293084
          6398   845.9070717
          6399   845.9848311
          6400   846.0625872
          6401   846.1403403
          6402   846.2180904
          6403   846.2958373
          6404   846.3735802
          6405   846.4513201
          6406    846.529057
          6407   846.6067909
          6408   846.6845209
          6409   846.7622477
          6410   846.8399714
          6411   846.9176921
          6412   846.9954096
          6413   847.0731232
          6414   847.1508338
          6415   847.2285414
          6416    847.306246
          6417   847.3839467
          6418   847.4616441
          6419   847.5393386
          6420   847.6170301
          6421   847.6947183
          6422   847.7724026
          6423   847.8500839
          6424   847.9277622
          6425   848.0054376
          6426   848.0831091
          6427   848.1607773
          6428   848.2384426
          6429   848.3161049
          6430   848.3937638
          6431    848.471419
          6432   848.5490711
          6433   848.6267203
          6434   848.7043665
          6435   848.7820088
          6436   848.8596479
          6437    848.937284
          6438   849.0149172
          6439    849.092547
          6440    849.170173
          6441   849.2477961
          6442   849.3254162
          6443   849.4030334
          6444   849.4806465
          6445   849.5582565
          6446   849.6358636
          6447   849.7134677
          6448   849.7910684
          6449   849.8686654
          6450   849.9462595
          6451   850.0238506
          6452   850.1014388
          6453   850.1790229
          6454   850.2566039
          6455    850.334182
          6456   850.4117572
          6457   850.4893288
          6458   850.5668969
          6459    850.644462
          6460   850.7220242
          6461   850.7995834
          6462   850.8771385
          6463   850.9546907
          6464   851.0322399
          6465   851.1097861
          6466   851.1873288
          6467    851.264868
          6468   851.3424043
          6469   851.4199376
          6470   851.4974679
          6471   851.5749941
          6472   851.6525175
          6473   851.7300379
          6474   851.8075553
          6475   851.8850691
          6476   851.9625795
          6477    852.040087
          6478   852.1175915
          6479   852.1950929
          6480   852.2725904
          6481    852.350085
          6482   852.4275766
          6483   852.5050654
          6484   852.5825502
          6485   852.6600319
          6486   852.7375107
          6487   852.8149866
          6488   852.8924591
          6489   852.9699279
          6490   853.0473938
          6491   853.1248568
          6492   853.2023169
          6493    853.279773
          6494   853.3572261
          6495   853.4346762
          6496   853.5121234
          6497   853.5895672
          6498   853.6670074
          6499   853.7444447
          6500   853.8218791
          6501   853.8993106
          6502    853.976738
          6503   854.0541625
          6504   854.1315841
          6505   854.2090028
          6506   854.2864178
          6507   854.3638295
          6508   854.4412383
          6509   854.5186442
          6510    854.596047
          6511   854.6734459
          6512   854.7508419
          6513    854.828235
          6514   854.9056252
          6515   854.9830116
          6516   855.0603948
          6517   855.1377752
          6518   855.2151526
          6519   855.2925268
          6520   855.3698973
          6521   855.4472649
          6522   855.5246296
          6523   855.6019914
          6524   855.6793492
          6525   855.7567041
          6526    855.834056
          6527   855.9114051
          6528   855.9887507
          6529   856.0660928
          6530   856.1434321
          6531   856.2207685
          6532   856.2981019
          6533   856.3754313
          6534   856.4527578
          6535   856.5300815
          6536   856.6074023
          6537   856.6847194
          6538   856.7620333
          6539   856.8393442
          6540   856.9166523
          6541   856.9939573
          6542   857.0712585
          6543   857.1485568
          6544   857.2258522
          6545   857.3031448
          6546   857.3804335
          6547   857.4577191
          6548   857.5350019
          6549   857.6122818
          6550   857.6895584
          6551   857.7668314
          6552   857.8441015
          6553   857.9213688
          6554   857.9986332
          6555   858.0758936
          6556   858.1531511
          6557   858.2304058
          6558   858.3076576
          6559   858.3849058
          6560   858.4621507
          6561   858.5393928
          6562    858.616632
          6563    858.693868
          6564   858.7711003
          6565   858.8483298
          6566   858.9255564
          6567   859.0027802
          6568   859.0800001
          6569    859.157217
          6570   859.2344311
          6571   859.3116423
          6572   859.3888501
          6573   859.4660544
          6574   859.5432559
          6575   859.6204546
          6576   859.6976503
          6577    859.774842
          6578    859.852031
          6579   859.9292171
          6580   860.0064004
          6581     860.08358
          6582   860.1607564
          6583     860.23793
          6584   860.3151008
          6585   860.3922683
          6586   860.4694322
          6587   860.5465933
          6588   860.6237515
          6589   860.7009069
          6590   860.7780584
          6591    860.855207
          6592   860.9323527
          6593   861.0094957
          6594   861.0866351
          6595   861.1637712
          6596   861.2409045
          6597   861.3180349
          6598   861.3951623
          6599   861.4722859
          6600   861.5494067
          6601   861.6265247
          6602   861.7036399
          6603   861.7807513
          6604   861.8578596
          6605   861.9349652
          6606   862.0120679
          6607   862.0891673
          6608   862.1662632
          6609   862.2433563
          6610   862.3204466
          6611    862.397534
          6612   862.4746175
          6613   862.5516982
          6614   862.6287761
          6615   862.7058512
          6616   862.7829226
          6617   862.8599909
          6618   862.9370563
          6619    863.014119
          6620   863.0911785
          6621   863.1682344
          6622   863.2452875
          6623   863.3223378
          6624   863.3993852
          6625   863.4764288
          6626   863.5534695
          6627   863.6305074
          6628   863.7075426
          6629   863.7845741
          6630   863.8616025
          6631   863.9386281
          6632   864.0156509
          6633   864.0926705
          6634   864.1696865
          6635   864.2466998
          6636   864.3237102
          6637   864.4007179
          6638   864.4777216
          6639   864.5547225
          6640   864.6317206
          6641    864.708716
          6642   864.7857078
          6643   864.8626964
          6644   864.9396822
          6645   865.0166653
          6646   865.0936452
          6647   865.1706215
          6648    865.247595
          6649   865.3245658
          6650   865.4015338
          6651   865.4784978
          6652   865.5554591
          6653   865.6324176
          6654   865.7093733
          6655   865.7863255
          6656   865.8632745
          6657   865.9402207
          6658   866.0171641
          6659   866.0941045
          6660   866.1710412
          6661   866.2479751
          6662   866.3249063
          6663   866.4018348
          6664   866.4787593
          6665   866.5556811
          6666      866.6326
          6667   866.7095162
          6668    866.786429
          6669   866.8633385
          6670   866.9402452
          6671   867.0171492
          6672   867.0940501
          6673   867.1709474
          6674   867.2478419
          6675   867.3247337
          6676   867.4016227
          6677   867.4785079
          6678   867.5553903
          6679   867.6322699
          6680   867.7091467
          6681   867.7860201
          6682   867.8628902
          6683   867.9397577
          6684   868.0166223
          6685   868.0934839
          6686   868.1703419
          6687   868.2471972
          6688   868.3240497
          6689   868.4008995
          6690   868.4777454
          6691   868.5545885
          6692   868.6314289
          6693   868.7082665
          6694   868.7851007
          6695   868.8619316
          6696   868.9387599
          6697   869.0155854
          6698   869.0924078
          6699   869.1692267
          6700   869.2460428
          6701   869.3228562
          6702   869.3996668
          6703   869.4764736
          6704   869.5532776
          6705   869.6300789
          6706   869.7068775
          6707   869.7836725
          6708   869.8604645
          6709   869.9372537
          6710   870.0140402
          6711   870.0908235
          6712   870.1676033
          6713   870.2443805
          6714   870.3211549
          6715   870.3979265
          6716   870.4746943
          6717   870.5514594
          6718   870.6282218
          6719   870.7049814
          6720   870.7817374
          6721   870.8584905
          6722   870.9352408
          6723   871.0119884
          6724   871.0887328
          6725   871.1654738
          6726   871.2422121
          6727   871.3189477
          6728   871.3956803
          6729   871.4724093
          6730   871.5491356
          6731   871.6258592
          6732   871.7025801
          6733   871.7792972
          6734   871.8560115
          6735   871.9327231
          6736    872.009432
          6737   872.0861375
          6738   872.1628398
          6739   872.2395394
          6740   872.3162363
          6741   872.3929301
          6742   872.4696205
          6743   872.5463081
          6744    872.622993
          6745   872.6996753
          6746   872.7763536
          6747   872.8530293
          6748   872.9297023
          6749   873.0063726
          6750   873.0830394
          6751   873.1597031
          6752   873.2363641
          6753   873.3130225
          6754   873.3896777
          6755   873.4663295
          6756   873.5429786
          6757    873.619625
          6758   873.6962686
          6759   873.7729085
          6760   873.8495457
          6761   873.9261802
          6762   874.0028121
          6763   874.0794402
          6764   874.1560655
          6765   874.2326882
          6766   874.3093081
          6767   874.3859247
          6768   874.4625381
          6769   874.5391489
          6770   874.6157569
          6771    874.692362
          6772   874.7689635
          6773   874.8455624
          6774   874.9221586
          6775   874.9987521
          6776   875.0753418
          6777   875.1519288
          6778   875.2285132
          6779   875.3050949
          6780    875.381673
          6781   875.4582482
          6782   875.5348207
          6783   875.6113905
          6784   875.6879571
          6785   875.7645205
          6786   875.8410812
          6787   875.9176392
          6788   875.9941943
          6789   876.0707458
          6790   876.1472947
          6791   876.2238409
          6792   876.3003845
          6793   876.3769243
          6794   876.4534613
          6795   876.5299958
          6796   876.6065275
          6797   876.6830558
          6798   876.7595811
          6799   876.8361038
          6800   876.9126238
          6801   876.9891406
          6802   877.0656541
          6803    877.142165
          6804   877.2186732
          6805   877.2951785
          6806   877.3716803
          6807   877.4481794
          6808   877.5246759
          6809   877.6011697
          6810   877.6776598
          6811   877.7541472
          6812   877.8306319
          6813    877.907114
          6814   877.9835926
          6815   878.0600683
          6816   878.1365413
          6817   878.2130117
          6818   878.2894789
          6819   878.3659428
          6820   878.4424041
          6821   878.5188628
          6822   878.5953186
          6823   878.6717708
          6824   878.7482204
          6825   878.8246673
          6826   878.9011117
          6827   878.9775523
          6828   879.0539902
          6829   879.1304255
          6830   879.2068581
          6831   879.2832873
          6832   879.3597135
          6833   879.4361371
          6834   879.5125581
          6835   879.5889759
          6836   879.6653905
          6837   879.7418025
          6838   879.8182118
          6839   879.8946182
          6840   879.9710211
          6841   880.0474214
          6842   880.1238191
          6843   880.2002142
          6844   880.2766055
          6845   880.3529942
          6846   880.4293802
          6847   880.5057637
          6848   880.5821436
          6849   880.6585207
          6850   880.7348951
          6851   880.8112669
          6852   880.8876355
          6853    880.964001
          6854   881.0403638
          6855    881.116724
          6856   881.1930813
          6857   881.2694352
          6858   881.3457864
          6859   881.4221351
          6860    881.498481
          6861   881.5748233
          6862   881.6511629
          6863      881.7275
          6864   881.8038345
          6865   881.8801654
          6866   881.9564935
          6867    882.032819
          6868   882.1091419
          6869   882.1854615
          6870    882.261778
          6871    882.338092
          6872   882.4144033
          6873   882.4907117
          6874   882.5670167
          6875   882.6433191
          6876   882.7196189
          6877   882.7959159
          6878   882.8722094
          6879   882.9485003
          6880   883.0247886
          6881   883.1010743
          6882   883.1773564
          6883   883.2536358
          6884   883.3299126
          6885   883.4061868
          6886   883.4824575
          6887   883.5587254
          6888   883.6349907
          6889   883.7112535
          6890    883.787513
          6891   883.8637694
          6892   883.9400232
          6893   884.0162745
          6894   884.0925228
          6895   884.1687677
          6896     884.24501
          6897   884.3212498
          6898   884.3974869
          6899   884.4737204
          6900   884.5499513
          6901   884.6261796
          6902   884.7024053
          6903   884.7786275
          6904   884.8548469
          6905   884.9310638
          6906   885.0072781
          6907   885.0834891
          6908   885.1596971
          6909   885.2359025
          6910   885.3121054
          6911   885.3883052
          6912   885.4645018
          6913   885.5406958
          6914   885.6168873
          6915   885.6930759
          6916   885.7692611
          6917   885.8454437
          6918   885.9216238
          6919   885.9978012
          6920    886.073975
          6921   886.1501462
          6922   886.2263149
          6923   886.3024811
          6924   886.3786436
          6925   886.4548035
          6926   886.5309608
          6927   886.6071155
          6928   886.6832669
          6929   886.7594154
          6930   886.8355614
          6931   886.9117048
          6932   886.9878451
          6933   887.0639822
          6934   887.1401168
          6935   887.2162489
          6936    887.292378
          6937   887.3685038
          6938   887.4446271
          6939   887.5207478
          6940   887.5968658
          6941   887.6729803
          6942   887.7490922
          6943   887.8252016
          6944   887.9013085
          6945   887.9774117
          6946   888.0535123
          6947   888.1296104
          6948    888.205706
          6949   888.2817981
          6950   888.3578874
          6951   888.4339742
          6952   888.5100585
          6953   888.5861395
          6954   888.6622176
          6955   888.7382931
          6956   888.8143661
          6957    888.890436
          6958   888.9665028
          6959    889.042567
          6960   889.1186287
          6961   889.1946877
          6962   889.2707432
          6963   889.3467961
          6964   889.4228466
          6965   889.4988945
          6966   889.5749387
          6967   889.6509804
          6968   889.7270196
          6969   889.8030563
          6970   889.8790895
          6971     889.95512
          6972   890.0311479
          6973   890.1071734
          6974   890.1831955
          6975   890.2592148
          6976   890.3352315
          6977   890.4112458
          6978   890.4872569
          6979   890.5632649
          6980   890.6392705
          6981   890.7152735
          6982   890.7912736
          6983   890.8672705
          6984   890.9432648
          6985   891.0192566
          6986   891.0952458
          6987   891.1712314
          6988   891.2472146
          6989   891.3231952
          6990   891.3991734
          6991   891.4751478
          6992   891.5511198
          6993   891.6270893
          6994   891.7030563
          6995   891.7790198
          6996   891.8549806
          6997    891.930939
          6998   892.0068948
          6999   892.0828473
          7000    892.158797
          7001   892.2347442
          7002   892.3106889
          7003   892.3866304
          7004    892.462569
          7005   892.5385051
          7006   892.6144386
          7007   892.6903692
          7008   892.7662967
          7009   892.8422216
          7010    892.918144
          7011   892.9940637
          7012     893.06998
          7013   893.1458939
          7014   893.2218052
          7015    893.297714
          7016   893.3736192
          7017   893.4495219
          7018   893.5254222
          7019   893.6013199
          7020   893.6772141
          7021   893.7531058
          7022   893.8289949
          7023   893.9048816
          7024   893.9807649
          7025   894.0566455
          7026   894.1325236
          7027   894.2083992
          7028   894.2842716
          7029   894.3601411
          7030   894.4360082
          7031   894.5118728
          7032   894.5877343
          7033   894.6635927
          7034   894.7394487
          7035   894.8153023
          7036   894.8911529
          7037   894.9670003
          7038   895.0428453
          7039   895.1186878
          7040   895.1945276
          7041    895.270364
          7042   895.3461979
          7043   895.4220294
          7044   895.4978583
          7045   895.5736837
          7046   895.6495067
          7047   895.7253272
          7048   895.8011452
          7049   895.8769596
          7050   895.9527716
          7051   896.0285811
          7052   896.1043881
          7053   896.1801917
          7054   896.2559927
          7055   896.3317912
          7056   896.4075872
          7057     896.48338
          7058     896.55917
          7059   896.6349575
          7060   896.7107426
          7061   896.7865246
          7062   896.8623036
          7063   896.9380802
          7064   897.0138543
          7065   897.0896255
          7066   897.1653935
          7067   897.2411592
          7068   897.3169223
          7069   897.3926827
          7070   897.4684399
          7071   897.5441946
          7072   897.6199468
          7073   897.6956964
          7074   897.7714426
          7075   897.8471864
          7076   897.9229277
          7077   897.9986665
          7078   898.0744018
          7079   898.1501347
          7080   898.2258651
          7081   898.3015931
          7082   898.3773176
          7083   898.4530395
          7084    898.528759
          7085   898.6044761
          7086   898.6801898
          7087   898.7559009
          7088   898.8316096
          7089   898.9073158
          7090   898.9830187
          7091   899.0587189
          7092   899.1344167
          7093    899.210112
          7094   899.2858043
          7095   899.3614936
          7096   899.4371805
          7097    899.512865
          7098   899.5885465
          7099    899.664225
          7100    899.739901
          7101   899.8155747
          7102   899.8912455
          7103   899.9669131
          7104   900.0425783
          7105   900.1182411
          7106   900.1939012
          7107    900.269558
          7108   900.3452124
          7109   900.4208644
          7110   900.4965138
          7111   900.5721598
          7112   900.6478033
          7113   900.7234445
          7114   900.7990832
          7115   900.8747184
          7116   900.9503512
          7117   901.0259815
          7118   901.1016095
          7119   901.1772339
          7120   901.2528559
          7121   901.3284755
          7122   901.4040927
          7123   901.4797065
          7124   901.5553177
          7125   901.6309265
          7126   901.7065329
          7127    901.782136
          7128   901.8577364
          7129   901.9333345
          7130   902.0089301
          7131   902.0845226
          7132   902.1601123
          7133   902.2356996
          7134   902.3112844
          7135   902.3868663
          7136   902.4624452
          7137   902.5380218
          7138   902.6135959
          7139   902.6891672
          7140   902.7647354
          7141   902.8403012
          7142   902.9158646
          7143   902.9914252
          7144   903.0669827
          7145   903.1425378
          7146   903.2180904
          7147   903.2936405
          7148   903.3691872
          7149   903.4447316
          7150   903.5202736
          7151    903.595813
          7152   903.6713491
          7153   903.7468828
          7154    903.822414
          7155   903.8979429
          7156   903.9734682
          7157   904.0489912
          7158   904.1245119
          7159   904.2000301
          7160   904.2755448
          7161   904.3510571
          7162   904.4265671
          7163   904.5020746
          7164   904.5775788
          7165   904.6530804
          7166   904.7285797
          7167   904.8040766
          7168   904.8795702
          7169   904.9550612
          7170   905.0305499
          7171   905.1060361
          7172   905.1815191
          7173   905.2569995
          7174   905.3324775
          7175   905.4079532
          7176   905.4834256
          7177   905.5588954
          7178   905.6343628
          7179   905.7098278
          7180   905.7852897
          7181   905.8607489
          7182   905.9362056
          7183     906.01166
          7184   906.0871114
          7185     906.16256
          7186   906.2380061
          7187   906.3134499
          7188   906.3888908
          7189   906.4643288
          7190   906.5397643
          7191   906.6151975
          7192    906.690628
          7193   906.7660553
          7194   906.8414803
          7195   906.9169029
          7196   906.9923228
          7197   907.0677396
          7198    907.143154
          7199   907.2185661
          7200   907.2939755
          7201   907.3693818
          7202   907.4447856
          7203   907.5201871
          7204   907.5955861
          7205   907.6709818
          7206   907.7463751
          7207    907.821766
          7208   907.8971545
          7209   907.9725397
          7210   908.0479224
          7211   908.1233029
          7212   908.1986809
          7213   908.2740555
          7214   908.3494278
          7215   908.4247977
          7216   908.5001653
          7217   908.5755293
          7218   908.6508911
          7219   908.7262505
          7220   908.8016076
          7221   908.8769612
          7222   908.9523125
          7223   909.0276614
          7224   909.1030079
          7225   909.1783512
          7226   909.2536919
          7227   909.3290303
          7228   909.4043664
          7229   909.4796992
          7230   909.5550295
          7231   909.6303575
          7232   909.7056831
          7233   909.7810055
          7234   909.8563253
          7235   909.9316428
          7236   910.0069579
          7237   910.0822699
          7238   910.1575793
          7239   910.2328863
          7240    910.308191
          7241   910.3834926
          7242   910.4587915
          7243   910.5340881
          7244   910.6093823
          7245   910.6846736
          7246    910.759962
          7247   910.8352482
          7248    910.910532
          7249   910.9858128
          7250   911.0610909
          7251   911.1363666
          7252     911.21164
          7253   911.2869105
          7254   911.3621782
          7255   911.4374435
          7256   911.5127065
          7257   911.5879666
          7258   911.6632238
          7259   911.7384788
          7260   911.8137314
          7261   911.8889811
          7262    911.964228
          7263   912.0394725
          7264   912.1147147
          7265   912.1899542
          7266   912.2651906
          7267   912.3404248
          7268   912.4156566
          7269   912.4908858
          7270   912.5661118
          7271   912.6413356
          7272   912.7165571
          7273   912.7917759
          7274   912.8669916
          7275   912.9422051
          7276   913.0174162
          7277   913.0926247
          7278   913.1678301
          7279   913.2430332
          7280    913.318234
          7281   913.3934321
          7282   913.4686272
          7283     913.54382
          7284   913.6190104
          7285   913.6941983
          7286    913.769383
          7287   913.8445655
          7288   913.9197456
          7289   913.9949232
          7290   914.0700976
          7291   914.1452697
          7292   914.2204396
          7293   914.2956069
          7294    914.370771
          7295   914.4459328
          7296   914.5210924
          7297   914.5962494
          7298   914.6714032
          7299   914.7465548
          7300    914.821704
          7301   914.8968508
          7302   914.9719944
          7303   915.0471356
          7304   915.1222746
          7305   915.1974111
          7306   915.2725444
          7307   915.3476754
          7308   915.4228041
          7309   915.4979304
          7310   915.5730534
          7311   915.6481741
          7312   915.7232926
          7313   915.7984087
          7314   915.8735214
          7315   915.9486319
          7316   916.0237401
          7317    916.098846
          7318   916.1739485
          7319   916.2490487
          7320   916.3241467
          7321   916.3992424
          7322   916.4743346
          7323   916.5494247
          7324   916.6245124
          7325   916.6995979
          7326   916.7746799
          7327   916.8497597
          7328   916.9248373
          7329   916.9999125
          7330   917.0749844
          7331    917.150054
          7332   917.2251213
          7333   917.3001864
          7334   917.3752481
          7335   917.4503075
          7336   917.5253646
          7337   917.6004195
          7338    917.675471
          7339   917.7505202
          7340   917.8255672
          7341   917.9006119
          7342   917.9756532
          7343   918.0506923
          7344    918.125729
          7345   918.2007636
          7346   918.2757948
          7347   918.3508237
          7348   918.4258503
          7349   918.5008747
          7350   918.5758957
          7351   918.6509144
          7352   918.7259309
          7353   918.8009451
          7354    918.875956
          7355   918.9509646
          7356    919.025971
          7357   919.1009751
          7358   919.1759758
          7359   919.2509743
          7360   919.3259705
          7361   919.4009645
          7362   919.4759551
          7363   919.5509435
          7364   919.6259296
          7365   919.7009135
          7366    919.775894
          7367   919.8508722
          7368   919.9258482
          7369    920.000822
          7370   920.0757924
          7371   920.1507605
          7372   920.2257264
          7373   920.3006901
          7374   920.3756504
          7375   920.4506085
          7376   920.5255643
          7377   920.6005179
          7378   920.6754681
          7379   920.7504161
          7380   920.8253619
          7381   920.9003054
          7382   920.9752455
          7383   921.0501834
          7384   921.1251191
          7385   921.2000526
          7386   921.2749827
          7387   921.3499105
          7388   921.4248361
          7389   921.4997595
          7390   921.5746796
          7391   921.6495974
          7392    921.724513
          7393   921.7994263
          7394   921.8743363
          7395   921.9492441
          7396   922.0241496
          7397   922.0990529
          7398   922.1739529
          7399   922.2488506
          7400   922.3237462
          7401   922.3986394
          7402   922.4735294
          7403   922.5484171
          7404   922.6233026
          7405   922.6981859
          7406   922.7730658
          7407   922.8479436
          7408   922.9228191
          7409   922.9976923
          7410   923.0725622
          7411     923.14743
          7412   923.2222955
          7413   923.2971587
          7414   923.3720187
          7415   923.4468764
          7416    923.521732
          7417   923.5965851
          7418   923.6714351
          7419   923.7462829
          7420   923.8211285
          7421   923.8959717
          7422   923.9708117
          7423   924.0456495
          7424   924.1204852
          7425   924.1953184
          7426   924.2701484
          7427   924.3449763
          7428    924.419802
          7429   924.4946252
          7430   924.5694453
          7431   924.6442633
          7432    924.719079
          7433   924.7938923
          7434   924.8687025
          7435   924.9435105
          7436   925.0183171
          7437   925.0931237
