         -2203  -45.09137469
         -2202  -45.00830649
         -2201  -44.92523829
         -2200  -44.84229104
         -2199  -44.75948139
         -2198   -44.6768086
         -2197   -44.5942719
         -2196  -44.51189534
         -2195  -44.42966555
         -2194  -44.34756984
         -2193  -44.26560748
         -2192  -44.18377772
         -2191  -44.10208417
         -2190  -44.02055571
         -2189  -43.93915789
         -2188  -43.85788998
         -2187  -43.77675128
         -2186  -43.69574107
         -2185  -43.61488937
         -2184  -43.53417376
         -2183  -43.45358471
         -2182  -43.37312155
         -2181  -43.29278358
         -2180  -43.21259599
         -2179  -43.13254727
         -2178  -43.05262187
         -2177   -42.9728191
         -2176   -42.8931383
         -2175  -42.81360664
         -2174  -42.73420985
         -2173   -42.6549332
         -2172  -42.57577603
         -2171  -42.49673769
         -2170  -42.41785389
         -2169  -42.33909444
         -2168  -42.26045202
         -2167  -42.18192599
         -2166  -42.10352288
         -2165  -42.02527185
         -2164  -41.94713546
         -2163  -41.86911308
         -2162  -41.79120408
         -2161  -41.71343503
         -2160   -41.6357961
         -2159  -41.55826883
         -2158  -41.48085263
         -2157  -41.40355403
         -2156  -41.32640414
         -2155  -41.24936362
         -2154  -41.17243187
         -2153   -41.0956083
         -2152  -41.01893032
         -2151  -40.94236831
         -2150  -40.86591283
         -2149   -40.7895633
         -2148  -40.71334584
         -2147  -40.63725425
         -2146  -40.56126699
         -2145  -40.48538349
         -2144  -40.40962238
         -2143  -40.33399327
         -2142  -40.25846632
         -2141  -40.18304099
         -2140  -40.10773209
         -2139  -40.03255764
         -2138  -39.95748323
         -2137  -39.88250834
         -2136  -39.80764756
         -2135   -39.7329201
         -2134  -39.65829061
         -2133  -39.58375855
         -2132  -39.50934186
         -2131  -39.43505385
         -2130  -39.36086176
         -2129  -39.28676508
         -2128  -39.21278849
         -2127  -39.13893251
         -2126  -39.06517046
         -2125  -38.99150182
         -2124  -38.91796137
         -2123  -38.84453014
         -2122  -38.77119088
         -2121  -38.69794307
         -2120  -38.62483487
         -2119  -38.55182124
         -2118  -38.47889764
         -2117  -38.40607545
         -2116  -38.33338376
         -2115  -38.26078069
         -2114  -38.18826576
         -2113  -38.11586941
         -2112  -38.04358323
         -2111  -37.97138381
         -2110  -37.89927067
         -2109  -37.82729637
         -2108  -37.75540889
         -2107  -37.68360632
         -2106  -37.61191131
         -2105  -37.54033222
         -2104  -37.46883671
         -2103  -37.39742433
         -2102  -37.32614515
         -2101  -37.25495322
         -2100  -37.18384309
         -2099  -37.11283909
         -2098   -37.0419473
         -2097  -36.97113601
         -2096  -36.90040557
         -2095  -36.82981052
         -2094  -36.75929469
         -2093  -36.68885764
         -2092  -36.61853452
         -2091   -36.5483108
         -2090  -36.47816461
         -2089  -36.40811105
         -2088  -36.33817613
         -2087   -36.2683175
         -2086  -36.19853472
         -2085  -36.12888254
         -2084  -36.05930821
         -2083  -35.98980852
         -2082  -35.92042197
         -2081  -35.85112873
         -2080  -35.78190892
         -2079  -35.71278645
         -2078  -35.64377113
         -2077  -35.57482804
         -2076  -35.50596812
         -2075  -35.43722756
         -2074  -35.36855807
         -2073  -35.29995923
         -2072  -35.23149026
         -2071  -35.16309127
         -2070  -35.09476178
         -2069  -35.02655156
         -2068     -34.95842
         -2067  -34.89035682
         -2066  -34.82240384
         -2065  -34.75453671
         -2064  -34.68673681
         -2063  -34.61903959
         -2062  -34.55143389
         -2061  -34.48389432
         -2060  -34.41645138
         -2059  -34.34910416
         -2058  -34.28182196
         -2057  -34.21463184
         -2056  -34.14754017
         -2055  -34.08051245
         -2054  -34.01357368
         -2053  -33.94673468
         -2052  -33.87995856
         -2051  -33.81326971
         -2050  -33.74668052
         -2049  -33.68015315
         -2048  -33.61371278
         -2047  -33.54737058
         -2046  -33.48108916
         -2045  -33.41489584
         -2044  -33.34879785
         -2043  -33.28275959
         -2042  -33.21681192
         -2041  -33.15095536
         -2040  -33.08515753
         -2039  -33.01945409
         -2038  -32.95383624
         -2037  -32.88827612
         -2036  -32.82281552
         -2035  -32.75743369
         -2034  -32.69210859
         -2033  -32.62688946
         -2032  -32.56174097
         -2031  -32.49664824
         -2030  -32.43166919
         -2029  -32.36675142
         -2028   -32.3018919
         -2027   -32.2371481
         -2026  -32.17245844
         -2025  -32.10783697
         -2024  -32.04331964
         -2023  -31.97885549
         -2022  -31.91447072
         -2021  -31.85017731
         -2020  -31.78593614
         -2019  -31.72178672
         -2018  -31.65771469
         -2017  -31.59369398
         -2016  -31.52977859
         -2015  -31.46592543
         -2014  -31.40212656
         -2013     -31.33844
         -2012  -31.27480325
         -2011  -31.21123643
         -2010  -31.14776472
         -2009  -31.08434192
         -2008  -31.02100584
         -2007  -30.95774655
         -2006  -30.89453528
         -2005  -30.83142865
         -2004  -30.76837937
         -2003  -30.70538699
         -2002  -30.64249878
         -2001  -30.57965713
         -2000  -30.51689227
         -1999   -30.4542102
         -1998  -30.39157384
         -1997  -30.32903522
         -1996  -30.26655695
         -1995  -30.20413098
         -1994  -30.14180992
         -1993  -30.07953314
         -1992  -30.01733153
         -1991   -29.9552105
         -1990  -29.89313293
         -1989  -29.83115442
         -1988  -29.76923116
         -1987  -29.70736373
         -1986   -29.6455939
         -1985  -29.58386616
         -1984  -29.52221998
         -1983  -29.46064425
         -1982  -29.39910982
         -1981  -29.33768365
         -1980  -29.27629982
         -1979   -29.2149832
         -1978  -29.15374914
         -1977  -29.09255504
         -1976   -29.0314566
         -1975  -28.97041088
         -1974  -28.90942108
         -1973  -28.84852289
         -1972  -28.78766337
         -1971  -28.72688996
         -1970  -28.66617661
         -1969  -28.60551094
         -1968  -28.54494295
         -1967  -28.48441234
         -1966  -28.42396126
         -1965  -28.36357467
         -1964  -28.30323044
         -1963  -28.24298706
         -1962  -28.18277981
         -1961   -28.1226484
         -1960  -28.06258304
         -1959   -28.0025576
         -1958  -27.94263333
         -1957  -27.88274397
         -1956  -27.82292959
         -1955  -27.76318003
         -1954  -27.70347075
         -1953  -27.64386019
         -1952  -27.58428333
         -1951  -27.52478339
         -1950  -27.46534427
         -1949  -27.40594856
         -1948  -27.34664639
         -1947  -27.28737675
         -1946  -27.22818866
         -1945  -27.16905472
         -1944  -27.10997002
         -1943  -27.05097102
         -1942  -26.99200338
         -1941   -26.9331246
         -1940  -26.87429067
         -1939  -26.81551442
         -1938  -26.75681345
         -1937   -26.6981427
         -1936   -26.6395707
         -1935  -26.58103169
         -1934  -26.52256139
         -1933  -26.46415338
         -1932  -26.40578451
         -1931  -26.34750677
         -1930  -26.28925768
         -1929  -26.23109084
         -1928  -26.17297083
         -1927  -26.11490459
         -1926  -26.05691293
         -1925  -25.99894884
         -1924  -25.94108299
         -1923  -25.88324609
         -1922  -25.82548003
         -1921  -25.76776959
         -1920  -25.71010305
         -1919  -25.65251836
         -1918  -25.59495975
         -1917  -25.53749144
         -1916  -25.48005744
         -1915  -25.42268784
         -1914  -25.36537775
         -1913   -25.3081066
         -1912  -25.25091973
         -1911  -25.19375747
         -1910  -25.13668242
         -1909  -25.07964226
         -1908  -25.02266486
         -1907  -24.96574611
         -1906  -24.90886611
         -1905  -24.85206809
         -1904  -24.79529326
         -1903  -24.73860725
         -1902  -24.68195205
         -1901  -24.62536265
         -1900  -24.56882642
         -1899  -24.51233337
         -1898  -24.45591543
         -1897  -24.39951929
         -1896  -24.34321817
         -1895  -24.28693926
         -1894  -24.23073371
         -1893  -24.17457137
         -1892  -24.11846114
         -1891  -24.06241471
         -1890  -24.00639955
         -1889  -23.95046838
         -1888  -23.89455726
         -1887  -23.83873148
         -1886  -23.78293458
         -1885  -23.72720311
         -1884  -23.67151979
         -1883  -23.61588237
         -1882  -23.56031199
         -1881  -23.50476839
         -1880  -23.44931031
         -1879  -23.39387059
         -1878  -23.33851386
         -1877  -23.28318544
         -1876  -23.22792176
         -1875  -23.17270401
         -1874  -23.11753314
         -1873  -23.06242543
         -1872  -23.00734714
         -1871  -22.95234886
         -1870  -22.89736731
         -1869  -22.84247342
         -1868  -22.78760031
         -1867  -22.73279825
         -1866  -22.67803297
         -1865  -22.62332251
         -1864  -22.56866446
         -1863  -22.51404534
         -1862  -22.45949391
         -1861  -22.40496591
         -1860   -22.3505205
         -1859  -22.29608989
         -1858  -22.24174338
         -1857  -22.18741784
         -1856  -22.13316172
         -1855  -22.07894066
         -1854   -22.0247747
         -1853  -21.97065753
         -1852  -21.91658148
         -1851  -21.86256761
         -1850  -21.80858125
         -1849   -21.7546701
         -1848  -21.70077318
         -1847  -21.64696419
         -1846  -21.59316779
         -1845  -21.53944905
         -1844  -21.48575388
         -1843  -21.43212388
         -1842  -21.37852937
         -1841  -21.32498788
         -1840  -21.27149347
         -1839  -21.21804026
         -1838  -21.16464538
         -1837  -21.11128021
         -1836   -21.0579843
         -1835  -21.00470695
         -1834  -20.95150945
         -1833  -20.89832245
         -1832  -20.84522004
         -1831  -20.79213057
         -1830   -20.7391153
         -1829  -20.68612281
         -1828  -20.63319444
         -1827  -20.58029839
         -1826   -20.5274567
         -1825  -20.47465654
         -1824   -20.4219013
         -1823  -20.36919649
         -1822  -20.31652748
         -1821  -20.26391748
         -1820  -20.21133447
         -1819  -20.15881875
         -1818  -20.10632152
         -1817  -20.05389955
         -1816  -20.00148787
         -1815  -19.94915912
         -1814  -19.89683793
         -1813  -19.84459671
         -1812  -19.79236791
         -1811  -19.74021158
         -1810  -19.68807464
         -1809  -19.63600299
         -1808   -19.5839574
         -1807   -19.5319702
         -1806  -19.48001543
         -1805  -19.42811247
         -1804  -19.37624802
         -1803  -19.32442908
         -1802  -19.27265444
         -1801   -19.2209193
         -1800  -19.16923395
         -1799   -19.1175824
         -1798  -19.06598584
         -1797  -19.01441766
         -1796  -18.96290939
         -1795  -18.91142437
         -1794  -18.86000388
         -1793  -18.80860181
         -1792  -18.75726861
         -1791  -18.70594926
         -1790  -18.65470287
         -1789  -18.60346604
         -1788  -18.55230595
         -1787  -18.50115142
         -1786  -18.45007714
         -1785  -18.39900631
         -1784  -18.34801577
         -1783  -18.29702998
         -1782  -18.24612111
         -1781  -18.19521991
         -1780   -18.1443925
         -1779  -18.09357538
         -1778  -18.04282924
         -1777  -17.99209573
         -1776  -17.94143064
         -1775  -17.89078027
         -1774  -17.84019602
         -1773  -17.78962833
         -1772  -17.73912471
         -1771  -17.68863921
         -1770  -17.63821602
         -1769  -17.58781226
         -1768   -17.5374693
         -1767   -17.4871468
         -1766  -17.43688386
         -1765  -17.38664217
         -1764  -17.33645905
         -1763   -17.2862977
         -1762  -17.23619419
         -1761  -17.18611273
         -1760  -17.13608864
         -1759  -17.08608661
         -1758  -17.03614173
         -1757  -16.98621868
         -1756  -16.93635281
         -1755  -16.88650829
         -1754  -16.83672123
         -1753   -16.7869548
         -1752  -16.73724634
         -1751  -16.68755755
         -1750  -16.63792751
         -1749  -16.58831591
         -1748  -16.53876408
         -1747  -16.48922924
         -1746  -16.43975542
         -1745   -16.3902969
         -1744   -16.3409009
         -1743  -16.29151826
         -1742  -16.24219988
         -1741  -16.19289268
         -1740  -16.14365174
         -1739  -16.09441955
         -1738  -16.04525584
         -1737  -15.99609824
         -1736  -15.94701156
         -1735  -15.89792813
         -1734  -15.84891829
         -1733  -15.79990859
         -1732   -15.7509754
         -1731  -15.70204221
         -1730  -15.65318228
         -1729  -15.60432555
         -1728  -15.55553832
         -1727  -15.50675785
         -1726  -15.45804291
         -1725  -15.40933851
         -1724  -15.36069545
         -1723  -15.31206693
         -1722  -15.26349532
         -1721   -15.2149425
         -1720  -15.16644194
         -1719  -15.11796461
         -1718  -15.06953469
         -1717  -15.02113268
         -1716  -14.97277299
         -1715  -14.92444611
         -1714  -14.87615625
         -1713   -14.8279043
         -1712  -14.77968387
         -1711  -14.73150667
         -1710  -14.68335527
         -1709  -14.63525263
         -1708  -14.58716986
         -1707   -14.5391416
         -1706  -14.49112707
         -1705    -14.443173
         -1704  -14.39522631
         -1703  -14.34734625
         -1702  -14.29946701
         -1701  -14.25166076
         -1700  -14.20385452
         -1699  -14.15611599
         -1698  -14.10838338
         -1697  -14.06071134
         -1696  -14.01305219
         -1695  -13.96544625
         -1694  -13.91786038
         -1693  -13.87032017
         -1692  -13.82280738
         -1691  -13.77533252
         -1690  -13.72789264
         -1689  -13.68048274
         -1688   -13.6331156
         -1687  -13.58577029
         -1686   -13.5384757
         -1685   -13.4911946
         -1684  -13.44397238
         -1683  -13.39675512
         -1682  -13.34960509
         -1681  -13.30245506
         -1680  -13.25537329
         -1679  -13.20829527
         -1678  -13.16127643
         -1677  -13.11427025
         -1676  -13.06731396
         -1675  -13.02037944
         -1674  -12.97348535
         -1673  -12.92662231
         -1672  -12.87979006
         -1671  -12.83299831
         -1670  -12.78622754
         -1669  -12.73950692
         -1668  -12.69279727
         -1667   -12.6461476
         -1666  -12.59949871
         -1665  -12.55291982
         -1664  -12.50634094
         -1663  -12.45982306
         -1662  -12.41331478
         -1661  -12.36685677
         -1660  -12.32041893
         -1659  -12.27402045
         -1658  -12.22765286
         -1657  -12.18131356
         -1656  -12.13501606
         -1655   -12.0887356
         -1654  -12.04250802
         -1653  -11.99628604
         -1652   -11.9501282
         -1651  -11.90397036
         -1650  -11.85787611
         -1649  -11.81178784
         -1648  -11.76575122
         -1647  -11.71973236
         -1646  -11.67375304
         -1645   -11.6278034
         -1644  -11.58188105
         -1643  -11.53600048
         -1642  -11.49013474
         -1641  -11.44432307
         -1640  -11.39851363
         -1639  -11.35277068
         -1638  -11.30702774
         -1637  -11.26134282
         -1636  -11.21566843
         -1635  -11.17003897
         -1634  -11.12443298
         -1633  -11.07885866
         -1632  -11.03332089
         -1631  -10.98780138
         -1630  -10.94233168
         -1629  -10.89686666
         -1628  -10.85146484
         -1627  -10.80606303
         -1626   -10.7607199
         -1625  -10.71538582
         -1624  -10.67009637
         -1623  -10.62482986
         -1622  -10.57959377
         -1621  -10.53439465
         -1620  -10.48921161
         -1619  -10.44407974
         -1618  -10.39894942
         -1617  -10.35388462
         -1616  -10.30881982
         -1615  -10.26380884
         -1614  -10.21881095
         -1613  -10.17385191
         -1612  -10.12892077
         -1611  -10.08401336
         -1610  -10.03914881
         -1609  -9.994292729
         -1608  -9.949494611
         -1607  -9.904696493
         -1606  -9.859957697
         -1605  -9.815225847
         -1604  -9.770537605
         -1603  -9.725871865
         -1602  -9.681233874
         -1601  -9.636634083
         -1600  -9.592046043
         -1599  -9.547512043
         -1598  -9.502978043
         -1597  -9.458505286
         -1596  -9.414036918
         -1595  -9.369613357
         -1594  -9.325210464
         -1593  -9.280835803
         -1592  -9.236498226
         -1591  -9.192172171
         -1590  -9.147899755
         -1589  -9.103627338
         -1588    -9.0594146
         -1587  -9.015207187
         -1586  -8.971042315
         -1585  -8.926899751
         -1584  -8.882782456
         -1583  -8.838704583
         -1582  -8.794634578
         -1581  -8.750621243
         -1580  -8.706607908
         -1579   -8.66264929
         -1578  -8.618700337
         -1577  -8.574788285
         -1576  -8.530903561
         -1575  -8.487037791
         -1574  -8.443217143
         -1573  -8.399397375
         -1572  -8.355640649
         -1571  -8.311883923
         -1570  -8.268173648
         -1569  -8.224480691
         -1568  -8.180815708
         -1567  -8.137186369
         -1566  -8.093566402
         -1565  -8.050000529
         -1564  -8.006434656
         -1563  -7.962922746
         -1562  -7.919420187
         -1561  -7.875952595
         -1560    -7.8325132
         -1559  -7.789089655
         -1558  -7.745713274
         -1557  -7.702336893
         -1556  -7.659019988
         -1555  -7.615706471
         -1554  -7.572432926
         -1553  -7.529182123
         -1552  -7.485951671
         -1551  -7.442763433
         -1550   -7.39957581
         -1549  -7.356449989
         -1548  -7.313324168
         -1547  -7.270241378
         -1546  -7.227177826
         -1545   -7.18413719
         -1544   -7.14113576
         -1543  -7.098137019
         -1542  -7.055197563
         -1541  -7.012258107
         -1540  -6.969362829
         -1539  -6.926485201
         -1538  -6.883631154
         -1537  -6.840815207
         -1536  -6.798002136
         -1535  -6.755247725
         -1534  -6.712493315
         -1533  -6.669782355
         -1532  -6.627089335
         -1531  -6.584418699
         -1530  -6.541786924
         -1529   -6.49915636
         -1528  -6.456585687
         -1527  -6.414015013
         -1526  -6.371485228
         -1525  -6.328975512
         -1524  -6.286485157
         -1523  -6.244036254
         -1522  -6.201587352
         -1521  -6.159196851
         -1520  -6.116808618
         -1519  -6.074456912
         -1518  -6.032129207
         -1517  -5.989816052
         -1516  -5.947548733
         -1515  -5.905281414
         -1514  -5.863066812
         -1513  -5.820859736
         -1512   -5.77868306
         -1511  -5.736536087
         -1510  -5.694397096
         -1509  -5.652310085
         -1508  -5.610223073
         -1507  -5.568181352
         -1506  -5.526154161
         -1505  -5.484149511
         -1504  -5.442182001
         -1503  -5.400214491
         -1502  -5.358306218
         -1501  -5.316398249
         -1500  -5.274526439
         -1499  -5.232677872
         -1498  -5.190842291
         -1497  -5.149052987
         -1496  -5.107263683
         -1495  -5.065523226
         -1494  -5.023793047
         -1493  -4.982088221
         -1492  -4.940417028
         -1491  -4.898747606
         -1490  -4.857135262
         -1489  -4.815522917
         -1488  -4.773947383
         -1487   -4.73239375
         -1486  -4.690853029
         -1485  -4.649357972
         -1484  -4.607862914
         -1483  -4.566415221
         -1482  -4.524978602
         -1481  -4.483565139
         -1480  -4.442186822
         -1479  -4.400808506
         -1478  -4.359487219
         -1477   -4.31816707
         -1476  -4.276879437
         -1475  -4.235617319
         -1474  -4.194363122
         -1473  -4.153158902
         -1472  -4.111954681
         -1471  -4.070791464
         -1470  -4.029645006
         -1469  -3.988514657
         -1468  -3.947425828
         -1467  -3.906336999
         -1466  -3.865296798
         -1465  -3.824265465
         -1464   -3.78325757
         -1463  -3.742283599
         -1462  -3.701309627
         -1461  -3.660391056
         -1460  -3.619474314
         -1459  -3.578587494
         -1458   -3.53772785
         -1457  -3.496872571
         -1456  -3.456069892
         -1455  -3.415267212
         -1454  -3.374500101
         -1453  -3.333754255
         -1452  -3.293018138
         -1451  -3.252328995
         -1450  -3.211639852
         -1449  -3.170991097
         -1448  -3.130358525
         -1447  -3.089740225
         -1446  -3.049164095
         -1445  -3.008587964
         -1444  -2.968056227
         -1443  -2.927536408
         -1442  -2.887034591
         -1441  -2.846570954
         -1440  -2.806107316
         -1439  -2.765691272
         -1438  -2.725283687
         -1437  -2.684897034
         -1436  -2.644545373
         -1435  -2.604193712
         -1434  -2.563892047
         -1433  -2.523596181
         -1432  -2.483323386
         -1431  -2.443083187
         -1430  -2.402842989
         -1429  -2.362654406
         -1428  -2.322469746
         -1427  -2.282309515
         -1426  -2.242180268
         -1425  -2.202051021
         -1424  -2.161974234
         -1423  -2.121900272
         -1422  -2.081851325
         -1421  -2.041832522
         -1420  -2.001813719
         -1419  -1.961847454
         -1418  -1.921883683
         -1417  -1.881944753
         -1416  -1.842035889
         -1415  -1.802127025
         -1414  -1.762270022
         -1413   -1.72241594
         -1412  -1.682585771
         -1411  -1.642786345
         -1410  -1.602986918
         -1409   -1.56323793
         -1408  -1.523493035
         -1407  -1.483770387
         -1406  -1.444079898
         -1405   -1.40438941
         -1404  -1.364747202
         -1403  -1.325110996
         -1402  -1.285494639
         -1401  -1.245912593
         -1400  -1.206330547
         -1399  -1.166793895
         -1398  -1.127265886
         -1397  -1.087754601
         -1396  -1.048280505
         -1395  -1.008806409
         -1394 -0.9693741028
         -1393 -0.9299537974
         -1392 -0.8905463801
         -1391 -0.8511797434
         -1390 -0.8118131066
         -1389 -0.7724839484
         -1388 -0.7331708585
         -1387 -0.6938661157
         -1386 -0.6546064512
         -1385 -0.6153467867
         -1384 -0.5761195896
         -1383 -0.5369132293
         -1382 -0.4977099797
         -1381 -0.4585568031
         -1380 -0.4194036264
         -1379 -0.3802772157
         -1378 -0.3411771022
         -1377 -0.3020769887
         -1376  -0.263027006
         -1375 -0.2239798356
         -1374 -0.1849530485
         -1373 -0.1459587016
         -1372 -0.1069643546
         -1371 -0.0680132989
         -1370-0.02907165608
         -1369 0.009856658728
         -1368 0.04874571642
         -1367 0.08763477411
         -1366  0.1264880476
         -1365  0.1653246388
         -1364  0.2041556211
         -1363  0.2429398641
         -1362  0.2817241071
         -1361  0.3204807318
         -1360  0.3592127445
         -1359  0.3979447573
         -1358  0.4366274227
         -1357  0.4753073228
         -1356  0.5139684206
         -1355  0.5525963253
         -1354  0.5912242301
         -1353  0.6298120425
         -1352  0.6683880687
         -1351  0.7069547505
         -1350  0.7454790149
         -1349  0.7840032793
         -1348  0.8224973433
         -1347  0.8609699621
         -1346  0.8994425808
         -1345  0.9378644165
         -1344  0.9762855055
         -1343   1.014686915
         -1342   1.053056589
         -1341   1.091426264
         -1340   1.129756103
         -1339   1.168074479
         -1338   1.206384316
         -1337   1.244651508
         -1336     1.2829187
         -1335   1.321157618
         -1334   1.359373741
         -1333   1.397589863
         -1332   1.435758244
         -1331   1.473923411
         -1330   1.512072475
         -1329   1.550186801
         -1328   1.588301127
         -1327   1.626380295
         -1326   1.664443894
         -1325   1.702504158
         -1324   1.740517141
         -1323   1.778530125
         -1322   1.816521131
         -1321   1.854483613
         -1320   1.892446095
         -1319   1.930368215
         -1318   1.968280308
         -1317    2.00618419
         -1316   2.044046006
         -1315   2.081907823
         -1314   2.119743446
         -1313   2.157555098
         -1312   2.195366749
         -1311   2.233134481
         -1310    2.27089608
         -1309   2.308646229
         -1308   2.346357886
         -1307   2.384069542
         -1306   2.421752418
         -1305   2.459414245
         -1304   2.497076071
         -1303   2.534692037
         -1302   2.572304143
         -1301   2.609903169
         -1300   2.647465665
         -1299   2.685028161
         -1298   2.722560888
         -1297   2.760073884
         -1296    2.79758688
         -1295   2.835053664
         -1294    2.87251727
         -1293   2.909967747
         -1292   2.947382073
         -1291   2.984796398
         -1290   3.022181534
         -1289   3.059546688
         -1288   3.096911842
         -1287   3.134231988
         -1286   3.171548079
         -1285   3.208852542
         -1284   3.246119678
         -1283   3.283386815
         -1282   3.320626881
         -1281   3.357845172
         -1280   3.395063462
         -1279   3.432239479
         -1278   3.469409032
         -1277   3.506569977
         -1276   3.543690899
         -1275    3.58081182
         -1274     3.6179093
         -1273   3.654981698
         -1272   3.692054096
         -1271   3.729088455
         -1270   3.766112437
         -1269   3.803132325
         -1268   3.840107997
         -1267   3.877083668
         -1266   3.914041011
         -1265   3.950968478
         -1264   3.987895946
         -1263   4.024791081
         -1262   4.061670451
         -1261   4.098549821
         -1260   4.135383086
         -1259   4.172214464
         -1258   4.209034081
         -1257   4.245817572
         -1256   4.282601063
         -1255   4.319359374
         -1254   4.356095084
         -1253   4.392830794
         -1252   4.429528131
         -1251   4.466216165
         -1250   4.502900432
         -1249   4.539540893
         -1248   4.576181354
         -1247   4.612805204
         -1246   4.649398197
         -1245    4.68599119
         -1244   4.722554952
         -1243   4.759100581
         -1242    4.79564621
         -1241   4.832150209
         -1240   4.868648577
         -1239   4.905140296
         -1238   4.941591507
         -1237   4.978042719
         -1236   5.014475221
         -1235   5.050879378
         -1234   5.087283536
         -1233   5.123657143
         -1232   5.160014349
         -1231   5.196371555
         -1230   5.232686588
         -1229   5.268996946
         -1228    5.30530047
         -1227   5.341564081
         -1226   5.377827692
         -1225   5.414073178
         -1224   5.450290144
         -1223    5.48650711
         -1222   5.522694873
         -1221   5.558865295
         -1220   5.595035718
         -1219   5.631166073
         -1218   5.667290054
         -1217   5.703409656
         -1216   5.739487296
         -1215   5.775564936
         -1214   5.811627654
         -1213   5.847659054
         -1212   5.883690454
         -1211   5.919696599
         -1210    5.95568186
         -1209    5.99166712
         -1208   6.027617002
         -1207   6.063556223
         -1206   6.099495444
         -1205    6.13538937
         -1204   6.171282651
         -1203   6.207166768
         -1202   6.243014209
         -1201    6.27886165
         -1200   6.314690323
         -1199   6.350492024
         -1198   6.386293724
         -1197   6.422067257
         -1196   6.457823315
         -1195   6.493579374
         -1194   6.529298068
         -1193   6.565008585
         -1192   6.600718186
         -1191   6.636383257
         -1190   6.672048329
         -1189   6.707703593
         -1188   6.743323319
         -1187   6.778943045
         -1186   6.814544271
         -1185   6.850118748
         -1184   6.885693225
         -1183    6.92124071
         -1182   6.956770037
         -1181   6.992299364
         -1180   7.027793402
         -1179   7.063277676
         -1178   7.098761949
         -1177   7.134202836
         -1176   7.169642153
         -1175   7.205075039
         -1174   7.240469497
         -1173   7.275863955
         -1172   7.311244176
         -1171   7.346593871
         -1170   7.381943567
         -1169   7.417271412
         -1168   7.452576442
         -1167   7.487881471
         -1166   7.523157229
         -1165   7.558417688
         -1164   7.593678148
         -1163   7.628902106
         -1162   7.664118091
         -1161   7.699334076
         -1160   7.734506521
         -1159   7.769678127
         -1158   7.804843626
         -1157   7.839970949
         -1156   7.875098271
         -1155   7.910212729
         -1154   7.945295863
         -1153   7.980378996
         -1152   8.015442696
         -1151   8.050481735
         -1150   8.085520774
         -1149   8.120533996
         -1148   8.155529036
         -1147   8.190524076
         -1146   8.225487099
         -1145   8.260438233
         -1144   8.295389367
         -1143   8.330302469
         -1142   8.365209792
         -1141   8.400116968
         -1140   8.434980573
         -1139   8.469844178
         -1138   8.504701892
         -1137   8.539521873
         -1136   8.574341854
         -1135    8.60915038
         -1134    8.64392683
         -1133   8.678703279
         -1132   8.713462891
         -1131   8.748195902
         -1130   8.782928913
         -1129   8.817639882
         -1128   8.852329547
         -1127   8.887019212
         -1126    8.92168181
         -1125   8.956328221
         -1124   8.990974633
         -1123   9.025589127
         -1122   9.060192378
         -1121   9.094795628
         -1120   9.129362287
         -1119   9.163922468
         -1118   9.198482649
         -1117   9.233001739
         -1116   9.267518943
         -1115   9.302033616
         -1114   9.336507933
         -1113    9.37098225
         -1112   9.405449793
         -1111   9.439881315
         -1110   9.474312836
         -1109   9.508733513
         -1108    9.54312233
         -1107   9.577511147
         -1106   9.611885218
         -1105   9.646231421
         -1104   9.680577624
         -1103    9.71490535
         -1102    9.74920903
         -1101    9.78351271
         -1100   9.817794351
         -1099   9.852055597
         -1098   9.886316843
         -1097   9.920552657
         -1096    9.95477156
         -1095   9.988990463
         -1094   10.02318071
         -1093   10.05735735
         -1092     10.091534
         -1091   10.12567893
         -1090   10.15981342
         -1089    10.1939479
         -1088   10.22804777
         -1087   10.26214018
         -1086   10.29623259
         -1085   10.33028765
         -1084   10.36433807
         -1083   10.39838849
         -1082     10.432399
         -1081   10.46640753
         -1080   10.50041554
         -1079   10.53438225
         -1078   10.56834897
         -1077   10.60231284
         -1076   10.63623783
         -1075   10.67016282
         -1074    10.7040828
         -1073   10.73796616
         -1072   10.77184952
         -1071   10.80572585
         -1070   10.83956766
         -1069   10.87340948
         -1068   10.90724241
         -1067   10.94104276
         -1066   10.97484312
         -1065    11.0086329
         -1064   11.04239188
         -1063   11.07615086
         -1062   11.10989773
         -1061   11.14361543
         -1060   11.17733313
         -1059   11.21103733
         -1058   11.24471383
         -1057   11.27839033
         -1056    11.3120521
         -1055   11.34568749
         -1054   11.37932289
         -1053   11.41294247
         -1052   11.44653684
         -1051    11.4801312
         -1050   11.51370884
         -1049   11.54726227
         -1048    11.5808157
         -1047   11.61435163
         -1046   11.64786421
         -1045   11.68137678
         -1044   11.71487124
         -1043   11.74834305
         -1042   11.78181486
         -1041   11.81526808
         -1040   11.84869921
         -1039   11.88213033
         -1038   11.91554256
         -1037   11.94893309
         -1036   11.98232362
         -1035   12.01569508
         -1034   12.04904509
         -1033   12.08239511
         -1032   12.11572604
         -1031   12.14903562
         -1030   12.18234521
         -1029   12.21563584
         -1028   12.24890508
         -1027   12.28217432
         -1026   12.31542488
         -1025   12.34865386
         -1024   12.38188285
         -1023   12.41509356
         -1022   12.44828237
         -1021   12.48147118
         -1020   12.51464228
         -1019     12.547791
         -1018   12.58093972
         -1017   12.61407143
         -1016   12.64718014
         -1015   12.68028885
         -1014   12.71338141
         -1013   12.74645019
         -1012   12.77951898
         -1011   12.81257259
         -1010   12.84560154
         -1009   12.87863048
         -1008   12.91164539
         -1007   12.94463457
         -1006   12.97762376
         -1005   13.01060018
         -1004   13.04354968
         -1003   13.07649919
         -1002   13.10943734
         -1001   13.14234726
         -1000   13.17525717
          -999   13.20815728
          -998   13.24102768
          -997   13.27389808
          -996   13.30676036
          -995   13.33959133
          -994   13.37242231
          -993   13.40524698
          -992    13.4380386
          -991   13.47083023
          -990   13.50361751
          -989   13.53636987
          -988   13.56912222
          -987   13.60187234
          -986   13.63458551
          -985   13.66729868
          -984   13.70001183
          -983    13.7326859
          -982   13.76535996
          -981   13.79803403
          -980   13.83067142
          -979   13.86330646
          -978    13.8959415
          -977   13.92854244
          -976   13.96113854
          -975   13.99373464
          -974   14.02629934
          -973   14.05885658
          -972   14.09141381
          -971   14.12394249
          -970   14.15646094
          -969    14.1889794
          -968   14.22147226
          -967   14.25395201
          -966   14.28643176
          -965   14.31888902
          -964   14.35133015
          -963   14.38377127
          -962   14.41619314
          -961   14.44859572
          -960    14.4809983
          -959   14.51338498
          -958    14.5457491
          -957   14.57811322
          -956   14.61046491
          -955   14.64279064
          -954   14.67511637
          -953   14.70743329
          -952   14.73972072
          -951   14.77200814
          -950   14.80429048
          -949   14.83653968
          -948   14.86878888
          -947   14.90103685
          -946    14.9332479
          -945   14.96545895
          -944      14.99767
          -943   15.02984574
          -942   15.06201872
          -941    15.0941917
          -940   15.12633354
          -939   15.15846853
          -938   15.19060351
          -937   15.22271167
          -936   15.25480874
          -935   15.28690581
          -934   15.31898048
          -933   15.35103972
          -932   15.38309895
          -931   15.41514033
          -930    15.4471618
          -929   15.47918328
          -928   15.51119156
          -927   15.54317536
          -926   15.57515915
          -925   15.60713454
          -924   15.63908072
          -923   15.67102691
          -922    15.7029696
          -921   15.73487826
          -920   15.76678691
          -919   15.79869557
          -918    15.8305683
          -917   15.86243951
          -916   15.89431071
          -915   15.92615121
          -914   15.95798504
          -913   15.98981886
          -912   16.02162732
          -911   16.05342385
          -910   16.08522038
          -909   16.11699698
          -908   16.14875628
          -907   16.18051559
          -906   16.21226053
          -905   16.24398269
          -904   16.27570485
          -903   16.30741832
          -902    16.3391034
          -901   16.37078849
          -900   16.40247068
          -899   16.43411877
          -898   16.46576685
          -897   16.49741494
          -896   16.52902912
          -895   16.56064028
          -894   16.59225145
          -893    16.6238348
          -892   16.65540911
          -891   16.68698343
          -890   16.71853614
          -889   16.75007368
          -888   16.78161123
          -887   16.81313347
          -886   16.84463432
          -885   16.87613517
          -884   16.90762714
          -883   16.93909136
          -882   16.97055558
          -881   17.00201746
          -880   17.03344514
          -879   17.06487281
          -878   17.09630049
          -877   17.12769598
          -876   17.15908718
          -875   17.19047838
          -874   17.22184422
          -873   17.25319902
          -872   17.28455382
          -871   17.31589019
          -870   17.34720866
          -869   17.37852713
          -868   17.40983421
          -867   17.44111642
          -866   17.47239864
          -865    17.5036766
          -864   17.53492264
          -863   17.56616867
          -862   17.59741471
          -861   17.62862763
          -860   17.65983756
          -859   17.69104748
          -858   17.72223171
          -857   17.75340561
          -856    17.7845795
          -855   17.81573522
          -854   17.84687315
          -853   17.87801108
          -852   17.90913847
          -851   17.94024051
          -850   17.97134255
          -849   18.00244178
          -848     18.033508
          -847   18.06457423
          -846   18.09564045
          -845   18.12667594
          -844   18.15770642
          -843    18.1887369
          -842   18.21974465
          -841   18.25073946
          -840   18.28173426
          -839   18.31271444
          -838   18.34367365
          -837   18.37463285
          -836   18.40558563
          -835   18.43650931
          -834   18.46743298
          -833   18.49835665
          -832   18.52924675
          -831   18.56013496
          -830   18.59102317
          -829   18.62188628
          -828   18.65273911
          -827   18.68359193
          -826   18.71442822
          -825   18.74524573
          -824   18.77606324
          -823   18.80687287
          -822   18.83765514
          -821    18.8684374
          -820   18.89921966
          -819   18.92996764
          -818   18.96071472
          -817   18.99146181
          -816   19.02218354
          -815   19.05289552
          -814    19.0836075
          -813   19.11430314
          -812   19.14498009
          -811   19.17565703
          -810   19.20632676
          -809   19.23696874
          -808   19.26761072
          -807    19.2982527
          -806   19.32886177
          -805   19.35946886
          -804   19.39007594
          -803   19.42065949
          -802   19.45123175
          -801   19.48180401
          -800    19.5123622
          -799    19.5428997
          -798   19.57343721
          -797    19.6039702
          -796   19.63447301
          -795   19.66497583
          -794   19.69547865
          -793   19.72595198
          -792   19.75642018
          -791   19.78688837
          -790   19.81733689
          -789   19.84777054
          -788   19.87820419
          -787   19.90862806
          -786   19.93902723
          -785    19.9694264
          -784   19.99982557
          -783   20.03019052
          -782   20.06055528
          -781   20.09092004
          -780   20.12126073
          -779   20.15159114
          -778   20.18192156
          -777   20.21223813
          -776   20.24253427
          -775   20.27283041
          -774   20.30312302
          -773   20.33338496
          -772   20.36364689
          -771   20.39390883
          -770    20.4241435
          -769   20.45437129
          -768   20.48459909
          -767   20.51481017
          -766    20.5450039
          -765   20.57519762
          -764   20.60538527
          -763     20.635545
          -762   20.66570472
          -761   20.69586444
          -760   20.72599488
          -759   20.75612066
          -758   20.78624645
          -757   20.81635383
          -756   20.84644574
          -755   20.87653766
          -754   20.90662213
          -753   20.93668024
          -752   20.96673836
          -751   20.99679647
          -750   21.02682445
          -749   21.05684883
          -748    21.0868732
          -747   21.11687864
          -746   21.14686935
          -745   21.17686006
          -744   21.20684309
          -743    21.2368002
          -742   21.26675731
          -741   21.29671442
          -740   21.32664167
          -739   21.35656524
          -738   21.38648881
          -737   21.41639403
          -736   21.44628413
          -735   21.47617424
          -734   21.50605756
          -733   21.53591426
          -732   21.56577096
          -731   21.59562766
          -730   21.62545591
          -729   21.65527927
          -728   21.68510263
          -727   21.71490934
          -726   21.74469943
          -725   21.77448952
          -724   21.80427484
          -723   21.83403173
          -722   21.86378861
          -721   21.89354549
          -720   21.92327642
          -719   21.95300017
          -718   21.98272391
          -717    22.0124338
          -716   22.04212446
          -715   22.07181513
          -714   22.10150412
          -713   22.13116178
          -712   22.16081943
          -711   22.19047709
          -710   22.22011237
          -709   22.24973708
          -708   22.27936179
          -707   22.30897652
          -706   22.33856835
          -705   22.36816018
          -704     22.397752
          -703   22.42731351
          -702   22.45687252
          -701   22.48643153
          -700   22.51597282
          -699   22.54549907
          -698   22.57502533
          -697   22.60454655
          -696   22.63404011
          -695   22.66353368
          -694   22.69302725
          -693    22.7224959
          -692   22.75195685
          -691   22.78141779
          -690   22.81086671
          -689   22.84029509
          -688   22.86972347
          -687   22.89915185
          -686   22.92854867
          -685   22.95794456
          -684   22.98734044
          -683   23.01671786
          -682   23.04608131
          -681   23.07544476
          -680   23.10480291
          -679   23.13413399
          -678   23.16346507
          -677   23.19279615
          -676   23.22210285
          -675   23.25140162
          -674    23.2807004
          -673   23.30998816
          -672   23.33925469
          -671   23.36852122
          -670   23.39778775
          -669   23.42702453
          -668   23.45625887
          -667   23.48549322
          -666   23.51471138
          -665   23.54391361
          -664   23.57311584
          -663   23.60231552
          -662   23.63148569
          -661   23.66065586
          -660   23.68982603
          -659   23.71897537
          -658   23.74811354
          -657   23.77725172
          -656   23.80638289
          -655   23.83548914
          -654   23.86459538
          -653   23.89370163
          -652    23.9227829
          -651   23.95185727
          -650   23.98093165
          -649   24.00999508
          -648   24.03903764
          -647   24.06808021
          -646   24.09712278
          -645   24.12613674
          -644   24.15514756
          -643   24.18415839
          -642   24.21315482
          -641   24.24213396
          -640    24.2711131
          -639   24.30009213
          -638   24.32903964
          -637   24.35798716
          -636   24.38693467
          -635   24.41586487
          -634   24.44478082
          -633   24.47369677
          -632   24.50260988
          -631   24.53149433
          -630   24.56037878
          -629   24.58926323
          -628   24.61812792
          -627   24.64698093
          -626   24.67583395
          -625   24.70468186
          -624   24.73350349
          -623   24.76232512
          -622   24.79114675
          -621   24.81994669
          -620     24.848737
          -619   24.87752731
          -618   24.90631077
          -617   24.93506982
          -616   24.96382888
          -615   24.99258793
          -614   25.02132383
          -613   25.05005169
          -612   25.07877955
          -611   25.10749927
          -610   25.13619599
          -609   25.16489271
          -608   25.19358943
          -607   25.22226201
          -606   25.25092766
          -605    25.2795933
          -604   25.30825001
          -603   25.33688463
          -602   25.36551926
          -601   25.39415388
          -600   25.42276387
          -599   25.45136754
          -598   25.47997121
          -597   25.50856561
          -596   25.53713838
          -595   25.56571115
          -594   25.59428392
          -593   25.62283203
          -592   25.65137396
          -591   25.67991589
          -590    25.7084487
          -589   25.73695985
          -588     25.765471
          -587   25.79398215
          -586   25.82246907
          -585    25.8509495
          -584   25.87942993
          -583   25.90790185
          -582   25.93635162
          -581   25.96480139
          -580   25.99325116
          -579   26.02167759
          -578   26.05009676
          -577   26.07851592
          -576   26.10692764
          -575   26.13531626
          -574   26.16370489
          -573   26.19209351
          -572   26.22046014
          -571   26.24881828
          -570   26.27717642
          -569   26.30552862
          -568   26.33385633
          -567   26.36218404
          -566   26.39051176
          -565   26.41881927
          -564   26.44711661
          -563   26.47541396
          -562   26.50370733
          -561   26.53197436
          -560   26.56024139
          -559   26.58850843
          -558   26.61675751
          -557   26.64499429
          -556   26.67323107
          -555   26.70146628
          -554   26.72967287
          -553   26.75787945
          -552   26.78608604
          -551   26.81427735
          -550    26.8424538
          -549   26.87063025
          -548    26.8988067
          -547   26.92695435
          -546   26.95510072
          -545   26.98324709
          -544    27.0113813
          -543   27.03949765
          -542     27.067614
          -541   27.09573035
          -540   27.12382128
          -539   27.15190766
          -538   27.17999405
          -537   27.20807183
          -536    27.2361283
          -535   27.26418478
          -534   27.29224125
          -533   27.32027613
          -532   27.34830276
          -531   27.37632938
          -530   27.40435137
          -529    27.4323482
          -528   27.46034504
          -527   27.48834187
          -526   27.51632134
          -525   27.54428844
          -524   27.57225553
          -523   27.60022239
          -522    27.6281598
          -521   27.65609721
          -520   27.68403462
          -519   27.71195934
          -518   27.73986713
          -517   27.76777492
          -516   27.79568271
          -515    27.8235655
          -514   27.85144372
          -513   27.87932194
          -512   27.90719254
          -511   27.93504125
          -510   27.96288996
          -509   27.99073867
          -508   28.01856771
          -507   28.04638697
          -506   28.07420622
          -505   28.10202333
          -504   28.12981318
          -503   28.15760303
          -502   28.18539289
          -501   28.21316882
          -500   28.24092933
          -499   28.26868983
          -498   28.29645034
          -497    28.3241853
          -496   28.35191652
          -495   28.37964774
          -494   28.40737118
          -493   28.43507317
          -492   28.46277515
          -491   28.49047714
          -490   28.51815998
          -489   28.54583278
          -488   28.57350559
          -487   28.60117716
          -486   28.62882084
          -485   28.65646452
          -484   28.68410821
          -483   28.71173954
          -482   28.73935415
          -481   28.76696877
          -480   28.79458338
          -479   28.82217468
          -478   28.84976028
          -477   28.87734588
          -476   28.90492631
          -475   28.93248295
          -474    28.9600396
          -473   28.98759624
          -472   29.01513699
          -471   29.04266473
          -470   29.07019247
          -469   29.09772021
          -468   29.12522149
          -467   29.15272038
          -466   29.18021928
          -465   29.20771008
          -464   29.23518018
          -463   29.26265028
          -462   29.29012037
          -461   29.31757206
          -460   29.34501342
          -459   29.37245478
          -458   29.39989613
          -457   29.42730891
          -456   29.45472158
          -455   29.48213424
          -454   29.50953694
          -453   29.53692098
          -452   29.56430501
          -451   29.59168905
          -450   29.61905318
          -449   29.64640863
          -448   29.67376409
          -447   29.70111838
          -446   29.72844531
          -445   29.75577224
          -444   29.78309917
          -443   29.81041524
          -442    29.8377137
          -441   29.86501216
          -440   29.89231062
          -439   29.91958867
          -438   29.94685871
          -437   29.97412875
          -436   30.00139733
          -435   30.02863901
          -434   30.05588069
          -433   30.08312236
          -432   30.11035327
          -431   30.13756663
          -430   30.16477999
          -429   30.19199336
          -428   30.21918678
          -427   30.24637188
          -426   30.27355699
          -425   30.30074132
          -424   30.32789822
          -423   30.35505512
          -422   30.38221202
          -421    30.4093592
          -420   30.43648795
          -419   30.46361669
          -418   30.49074544
          -417   30.51785567
          -416   30.54495631
          -415   30.57205696
          -414    30.5991576
          -413   30.62623107
          -412   30.65330367
          -411   30.68037626
          -410   30.70744116
          -409   30.73448576
          -408   30.76153036
          -407   30.78857496
          -406   30.81560342
          -405   30.84262008
          -404   30.86963673
          -403   30.89665339
          -402   30.92364561
          -401   30.95063438
          -400   30.97762314
          -399   31.00460715
          -398   31.03156808
          -397     31.058529
          -396   31.08548993
          -395   31.11243802
          -394   31.13937116
          -393    31.1663043
          -392   31.19323743
          -391    31.2201498
          -390    31.2470552
          -389    31.2739606
          -388   31.30086511
          -387   31.32774283
          -386   31.35462055
          -385   31.38149827
          -384   31.40836737
          -383   31.43521746
          -382   31.46206754
          -381   31.48891763
          -380   31.51575152
          -379   31.54257402
          -378   31.56939652
          -377   31.59621903
          -376   31.62301788
          -375   31.64981285
          -374   31.67660783
          -373   31.70339931
          -372    31.7301668
          -371    31.7569343
          -370   31.78370179
          -369   31.81045856
          -368   31.83719862
          -367   31.86393869
          -366   31.89067875
          -365   31.91740098
          -364   31.94411367
          -363   31.97082636
          -362   31.99753905
          -361   32.02422693
          -360   32.05091229
          -359   32.07759765
          -358   32.10427863
          -357   32.13093672
          -356   32.15759481
          -355   32.18425289
          -354   32.21089983
          -353   32.23753069
          -352   32.26416155
          -351   32.29079241
          -350   32.31740549
          -349   32.34400918
          -348   32.37061286
          -347   32.39721655
          -346   32.42379595
          -345   32.45037251
          -344   32.47694907
          -343   32.50352203
          -342   32.53007152
          -341     32.556621
          -340   32.58317049
          -339   32.60971008
          -338   32.63623254
          -337     32.662755
          -336   32.68927746
          -335   32.71578385
          -334   32.74227934
          -333   32.76877482
          -332   32.79527031
          -331   32.82174367
          -330   32.84821223
          -329   32.87468079
          -328   32.90114819
          -327   32.92758987
          -326   32.95403155
          -325   32.98047324
          -324   33.00690791
          -323   33.03332277
          -322   33.05973763
          -321   33.08615248
          -320    33.1125546
          -319   33.13894268
          -318   33.16533077
          -317   33.19171885
          -316   33.21808859
          -315   33.24444994
          -314    33.2708113
          -313   33.29717265
          -312   33.32351019
          -311   33.34984487
          -310   33.37617954
          -309   33.40251168
          -308   33.42881972
          -307   33.45512777
          -306   33.48143582
          -305   33.50773604
          -304   33.53401751
          -303   33.56029898
          -302   33.58658044
          -301   33.61284892
          -300   33.63910386
          -299    33.6653588
          -298   33.69161373
          -297   33.71785064
          -296   33.74407909
          -295   33.77030755
          -294     33.796536
          -293   33.82274151
          -292   33.84894353
          -291   33.87514555
          -290   33.90134621
          -289   33.92752184
          -288   33.95369747
          -287   33.97987311
          -286   34.00604265
          -285   34.03219195
          -284   34.05834124
          -283   34.08449054
          -282   34.11062914
          -281   34.13675214
          -280   34.16287515
          -279   34.18899815
          -278   34.21510597
          -277   34.24120274
          -276    34.2672995
          -275   34.29339627
          -274   34.31947347
          -273   34.34554404
          -272   34.37161461
          -271   34.39768518
          -270   34.42373193
          -269   34.44977636
          -268   34.47582078
          -267   34.50186334
          -266   34.52788167
          -265       34.5539
          -264   34.57991833
          -263   34.60593071
          -262   34.63192299
          -261   34.65791527
          -260   34.68390755
          -259   34.70988993
          -258    34.7358562
          -257   34.76182248
          -256   34.78778876
          -255   34.81374129
          -254   34.83968161
          -253   34.86562193
          -252   34.89156225
          -251   34.91748509
          -250   34.94339951
          -249   34.96931392
          -248   34.99522834
          -247   35.02112165
          -246   35.04701021
          -245   35.07289876
          -244   35.09878732
          -243   35.12465127
          -242   35.15051401
          -241   35.17637675
          -240   35.20223726
          -239   35.22807423
          -238   35.25391121
          -237   35.27974818
          -236    35.3055796
          -235   35.33139085
          -234   35.35720211
          -233   35.38301336
          -232   35.40881584
          -231   35.43460142
          -230   35.46038701
          -229   35.48617259
          -228   35.51194629
          -227   35.53770624
          -226    35.5634662
          -225   35.58922615
          -224   35.61497123
          -223   35.64070561
          -222   35.66643998
          -221   35.69217436
          -220   35.71789097
          -219   35.74359981
          -218   35.76930865
          -217    35.7950175
          -216   35.82070579
          -215   35.84638915
          -214   35.87207251
          -213   35.89775586
          -212     35.923416
          -211   35.94907392
          -210   35.97473183
          -209   36.00038936
          -208   36.02602188
          -207   36.05165441
          -206   36.07728693
          -205   36.10291656
          -204   36.12852373
          -203   36.15413091
          -202   36.17973808
          -201   36.20533997
          -200   36.23092184
          -199   36.25650371
          -198   36.28208558
          -197   36.30765988
          -196   36.33321649
          -195    36.3587731
          -194   36.38432972
          -193   36.40987658
          -192   36.43540798
          -191   36.46093938
          -190   36.48647078
          -189   36.51199035
          -188   36.53749659
          -187   36.56300282
          -186   36.58850906
          -185   36.61400149
          -184    36.6394826
          -183   36.66496372
          -182   36.69044483
          -181   36.71591028
          -180   36.74136631
          -179   36.76682235
          -178   36.79227839
          -177     36.817717
          -176   36.84314801
          -175   36.86857902
          -174   36.89401003
          -173   36.91942194
          -172   36.94482796
          -171   36.97023399
          -170   36.99564001
          -169   37.02102538
          -168   37.04640646
          -167   37.07178755
          -166   37.09716863
          -165    37.1225276
          -164   37.14788379
          -163   37.17323998
          -162   37.19859617
          -161   37.22392888
          -160   37.24926022
          -159   37.27459156
          -158    37.2999229
          -157   37.32522951
          -156   37.35053605
          -155   37.37584258
          -154   37.40114799
          -153   37.42642977
          -152   37.45171154
          -151   37.47699331
          -150   37.50227286
          -149   37.52752992
          -148   37.55278698
          -147   37.57804403
          -146   37.60329787
          -145   37.62853025
          -144   37.65376264
          -143   37.67899502
          -142   37.70422328
          -141   37.72943104
          -140   37.75463879
          -139   37.77984655
          -138   37.80504938
          -137   37.83023255
          -136   37.85541572
          -135    37.8805989
          -134   37.90577644
          -133   37.93093507
          -132    37.9560937
          -131   37.98125234
          -130   38.00640473
          -129   38.03153887
          -128   38.05667301
          -127   38.08180714
          -126   38.10693453
          -125   38.13204422
          -124    38.1571539
          -123   38.18226359
          -122   38.20736611
          -121   38.23245139
          -120   38.25753666
          -119   38.28262194
          -118   38.30769973
          -117   38.33276065
          -116   38.35782156
          -115   38.38288248
          -114   38.40793568
          -113   38.43297227
          -112   38.45800887
          -111   38.48304546
          -110   38.50807421
          -109   38.53308653
          -108   38.55809884
          -107   38.58311116
          -106    38.6081156
          -105   38.63310368
          -104   38.65809177
          -103   38.68307985
          -102   38.70806012
          -101   38.73302401
          -100    38.7579879
           -99   38.78295179
           -98   38.80790802
           -97   38.83284776
           -96    38.8577875
           -95   38.88272725
           -94   38.90765958
           -93   38.93257522
           -92   38.95749085
           -91   38.98240649
           -90   39.00731506
           -89   39.03220663
           -88   39.05709821
           -87   39.08198978
           -86   39.10687472
           -85   39.13174228
           -84   39.15660983
           -83   39.18147739
           -82   39.20633883
           -81   39.23118241
           -80   39.25602599
           -79   39.28086957
           -78   39.30570764
           -77   39.33052729
           -76   39.35534694
           -75   39.38016658
           -74   39.40498143
           -73   39.42977719
           -72   39.45457294
           -71    39.4793687
           -70   39.50416045
           -69   39.52893235
           -68   39.55370426
           -67   39.57847617
           -66   39.60324495
           -65   39.62799305
           -64   39.65274115
           -63   39.67748925
           -62    39.7022352
           -61   39.72695954
           -60   39.75168387
           -59   39.77640821
           -58   39.80113146
           -57   39.82583207
           -56   39.85053269
           -55    39.8752333
           -54   39.89993391
           -53   39.92461091
           -52   39.94928785
           -51   39.97396478
           -50   39.99864171
           -49   40.02329631
           -48   40.04794961
           -47    40.0726029
           -46    40.0972562
           -45   40.12188852
           -44   40.14651822
           -43   40.17114792
           -42   40.19577762
           -41    40.2203878
           -40   40.24499395
           -39   40.26960009
           -38   40.29420624
           -37   40.31879441
           -36   40.34337704
           -35   40.36795967
           -34    40.3925423
           -33   40.41710858
           -32   40.44166774
           -31    40.4662269
           -30   40.49078607
           -29   40.51533059
           -28   40.53986632
           -27   40.56440205
           -26   40.58893778
           -25   40.61346067
           -24   40.63797301
           -23   40.66248535
           -22   40.68699769
           -21   40.71149907
           -20   40.73598807
           -19   40.76047706
           -18   40.78496606
           -17   40.80944605
           -16   40.83391174
           -15   40.85837743
           -14   40.88284312
           -13   40.90730186
           -12   40.93174428
           -11   40.95618671
           -10   40.98062913
            -9   41.00506673
            -8   41.02948593
            -7   41.05390513
            -6   41.07832433
            -5   41.10274093
            -4   41.12713694
            -3   41.15153296
            -2   41.17592898
            -1   41.20032468
             0   41.22469756
             1   41.24907043
             2   41.27344331
             3   41.29781618
             4   41.32216802
             5   41.34651779
             6   41.37086757
             7   41.39521734
             8   41.41954858
             9   41.44387529
            10     41.468202
            11   41.49252871
            12   41.51683947
            13   41.54114316
            14   41.56544685
            15   41.58975054
            16   41.61404095
            17   41.63832166
            18   41.66260237
            19   41.68688308
            20   41.71115324
            21   41.73541101
            22   41.75966878
            23   41.78392655
            24   41.80817659
            25   41.83241146
            26   41.85664633
            27    41.8808812
            28   41.90511125
            29   41.92932326
            30   41.95353527
            31   41.97774728
            32   42.00195745
            33   42.02614664
            34   42.05033583
            35   42.07452502
            36   42.09871421
            37   42.12288183
            38   42.14704825
            39   42.17121466
            40   42.19538107
            41   42.21952909
            42   42.24367276
            43   42.26781643
            44    42.2919601
            45   42.31608863
            46    42.3402096
            47   42.36433058
            48   42.38845155
            49   42.41256071
            50   42.43665902
            51   42.46075733
            52   42.48485564
            53   42.50894555
            54   42.53302124
            55   42.55709693
            56   42.58117262
            57   42.60524339
            58    42.6292965
            59   42.65334961
            60   42.67740272
            61   42.70145446
            62   42.72548503
            63    42.7495156
            64   42.77354617
            65   42.79757673
            66   42.82158707
            67   42.84559513
            68    42.8696032
            69   42.89361126
            70   42.91760284
            71   42.94158844
            72   42.96557404
            73   42.98955964
            74   43.01353258
            75   43.03749576
            76   43.06145894
            77   43.08542211
            78   43.10937652
            79   43.13331732
            80   43.15725811
            81    43.1811989
            82   43.20513489
            83   43.22905334
            84   43.25297179
            85   43.27689023
            86   43.30080792
            87   43.32470406
            88    43.3486002
            89   43.37249634
            90   43.39639248
            91   43.42026971
            92   43.44414358
            93   43.46801745
            94   43.49189132
            95   43.51575051
            96   43.53960215
            97   43.56345378
            98   43.58730542
            99   43.61114668
           100   43.63497613
           101   43.65880558
           102   43.68263503
           103   43.70645847
           104   43.73026576
           105   43.75407306
           106   43.77788035
           107   43.80168608
           108   43.82547126
           109   43.84925644
           110   43.87304162
           111    43.8968268
           112   43.92059285
           113   43.94435596
           114   43.96811906
           115   43.99188217
           116   44.01563076
           117   44.03937183
           118   44.06311289
           119   44.08685396
           120   44.11058521
           121   44.13430428
           122   44.15802334
           123   44.18174241
           124   44.20545642
           125   44.22915352
           126   44.25285063
           127   44.27654773
           128   44.30024461
           129   44.32391979
           130   44.34759498
           131   44.37127016
           132   44.39494534
           133   44.41860331
           134    44.4422566
           135    44.4659099
           136   44.48956319
           137   44.51320428
           138   44.53683573
           139   44.56046718
           140   44.58409862
           141   44.60772294
           142   44.63133257
           143   44.65494221
           144   44.67855185
           145   44.70215949
           146   44.72574736
           147   44.74933522
           148   44.77292308
           149   44.79651095
           150   44.82008029
           151   44.84364642
           152   44.86721255
           153   44.89077868
           154    44.9143316
           155   44.93787603
           156   44.96142047
           157    44.9849649
           158    45.0085015
           159   45.03202427
           160   45.05554704
           161   45.07906981
           162    45.1025902
           163   45.12609135
           164    45.1495925
           165   45.17309365
           166   45.19659479
           167   45.22007748
           168   45.24355705
           169   45.26703661
           170   45.29051617
           171   45.31398289
           172    45.3374409
           173   45.36089892
           174   45.38435693
           175   45.40780778
           176   45.43124428
           177   45.45468078
           178   45.47811728
           179   45.50155236
           180   45.52496739
           181   45.54838242
           182   45.57179744
           183   45.59521247
           184   45.61861044
           185   45.64200403
           186   45.66539762
           187   45.68879121
           188   45.71217365
           189   45.73554584
           190   45.75891803
           191   45.78229022
           192   45.80565723
           193   45.82900806
           194   45.85235888
           195    45.8757097
           196   45.89906053
           197   45.92239088
           198   45.94572038
           199   45.96904988
           200   45.99237937
           201   46.01569453
           202   46.03900274
           203   46.06231094
           204   46.08561915
           205   46.10891921
           206   46.13220616
           207   46.15549311
           208   46.17878006
           209   46.20206513
           210   46.22533086
           211   46.24859659
           212   46.27186233
           213   46.29512806
           214   46.31837704
           215   46.34162159
           216   46.36486614
           217   46.38811069
           218   46.41134491
           219   46.43456832
           220   46.45779172
           221   46.48101513
           222   46.50423468
           223   46.52743697
           224   46.55063927
           225   46.57384156
           226   46.59704386
           227   46.62022776
           228   46.64340898
           229    46.6665902
           230   46.68977142
           231   46.71294089
           232   46.73610107
           233   46.75926126
           234   46.78242144
           235   46.80557656
           236   46.82871574
           237   46.85185492
           238    46.8749941
           239   46.89813328
           240   46.92125319
           241   46.94437141
           242   46.96748962
           243   46.99060784
           244   47.01371363
           245   47.03681091
           246    47.0599082
           247   47.08300548
           248   47.10609724
           249   47.12917363
           250   47.15225002
           251   47.17532642
           252   47.19840281
           253   47.22145978
           254   47.24451531
           255   47.26757084
           256   47.29062637
           257   47.31366955
           258   47.33670426
           259   47.35973896
           260   47.38277367
           261   47.40580314
           262   47.42881706
           263   47.45183097
           264   47.47484489
           265   47.49785881
           266   47.52085391
           267   47.54384708
           268   47.56684024
           269   47.58983341
           270   47.61281502
           271   47.63578747
           272   47.65875992
           273   47.68173237
           274   47.70470058
           275   47.72765235
           276   47.75060411
           277   47.77355588
           278   47.79650765
           279   47.81944191
           280   47.84237303
           281   47.86530414
           282   47.88823526
           283   47.91115635
           284   47.93406685
           285   47.95697736
           286   47.97988787
           287   48.00279586
           288   48.02568579
           289   48.04857572
           290   48.07146565
           291   48.09435558
           292   48.11723003
           293   48.14009941
           294    48.1629688
           295   48.18583819
           296   48.20869977
           297   48.23154865
           298   48.25439752
           299    48.2772464
           300    48.3000952
           301    48.3229236
           302   48.34575201
           303   48.36858041
           304   48.39140882
           305   48.41422448
           306   48.43703245
           307   48.45984041
           308   48.48264838
           309   48.50545147
           310   48.52823903
           311   48.55102659
           312   48.57381416
           313   48.59660172
           314   48.61937195
           315   48.64213915
           316   48.66490634
           317   48.68767354
           318    48.7104314
           319   48.73317826
           320   48.75592512
           321   48.77867198
           322   48.80141757
           323   48.82414413
           324   48.84687069
           325   48.86959725
           326   48.89232381
           327   48.91503694
           328   48.93774323
           329   48.96044953
           330   48.98315582
           331   49.00585689
           332   49.02854294
           333     49.051229
           334   49.07391506
           335   49.09660112
           336   49.11927001
           337   49.14193587
           338   49.16460173
           339   49.18726759
           340   49.20992462
           341   49.23257031
           342   49.25521601
           343   49.27786171
           344   49.30050695
           345   49.32313252
           346   49.34575808
           347   49.36838365
           348   49.39100922
           349   49.41362267
           350   49.43622814
           351   49.45883361
           352   49.48143908
           353   49.50404096
           354   49.52662637
           355   49.54921178
           356   49.57179719
           357   49.59438259
           358   49.61695295
           359   49.63951833
           360   49.66208371
           361   49.68464909
           362   49.70720807
           363   49.72975346
           364   49.75229884
           365   49.77484422
           366    49.7973896
           367   49.81991734
           368   49.84244276
           369   49.86496818
           370    49.8874936
           371   49.91001016
           372   49.93251565
           373   49.95502114
           374   49.97752664
           375    50.0000321
           376    50.0225177
           377    50.0450033
           378   50.06748889
           379   50.08997449
           380   50.11244908
           381   50.13491482
           382   50.15738056
           383   50.17984629
           384   50.20230999
           385    50.2247559
           386    50.2472018
           387   50.26964771
           388   50.29209362
           389   50.31452671
           390   50.33695282
           391   50.35937893
           392   50.38180505
           393   50.40422743
           394   50.42663378
           395   50.44904013
           396   50.47144648
           397   50.49385283
           398   50.51624487
           399   50.53863149
           400   50.56101811
           401   50.58340473
           402   50.60578626
           403   50.62815319
           404   50.65052011
           405   50.67288704
           406   50.69525397
           407    50.7176054
           408   50.73995266
           409   50.76229993
           410   50.78464719
           411   50.80698831
           412   50.82931594
           413   50.85164357
           414   50.87397121
           415   50.89629884
           416   50.91861012
           417   50.94091816
           418   50.96322619
           419   50.98553423
           420   51.00783539
           421   51.03012386
           422   51.05241233
           423    51.0747008
           424   51.09698927
           425   51.11926085
           426   51.14152978
           427   51.16379872
           428   51.18606766
           429    51.2083293
           430   51.23057874
           431   51.25282818
           432   51.27507761
           433   51.29732705
           434   51.31955936
           435   51.34178933
           436   51.36401931
           437   51.38624928
           438   51.40847184
           439   51.43068237
           440   51.45289291
           441   51.47510345
           442   51.49731398
           443   51.51950746
           444    51.5416986
           445   51.56388973
           446   51.58608087
           447   51.60826478
           448   51.63043654
           449   51.65260831
           450   51.67478007
           451   51.69695184
           452   51.71910692
           453   51.74125935
           454   51.76341177
           455    51.7855642
           456    51.8077099
           457   51.82984302
           458   51.85197614
           459   51.87410926
           460   51.89624238
           461    51.9183595
           462   51.94047334
           463   51.96258719
           464   51.98470103
           465   52.00680895
           466   52.02890355
           467   52.05099816
           468   52.07309276
           469   52.09518737
           470   52.11726695
           471   52.13934234
           472   52.16141773
           473   52.18349313
           474   52.20556368
           475    52.2276199
           476   52.24967612
           477   52.27173233
           478   52.29378855
           479   52.31583101
           480   52.33786808
           481   52.35990515
           482   52.38194222
           483   52.40397584
           484   52.42599379
           485   52.44801175
           486    52.4700297
           487   52.49204765
           488   52.51405342
           489   52.53605229
           490   52.55805116
           491   52.58005003
           492   52.60204713
           493   52.62402695
           494   52.64600677
           495   52.66798659
           496   52.68996641
           497   52.71193589
           498   52.73389669
           499   52.75585749
           500   52.77781829
           501   52.79977909
           502    52.8217211
           503   52.84366291
           504   52.86560472
           505   52.88754653
           506   52.90948014
           507     52.931403
           508   52.95332585
           509   52.97524871
           510   52.99717156
           511   53.01907793
           512   53.04098186
           513   53.06288579
           514   53.08478971
           515   53.10668787
           516    53.1285729
           517   53.15045793
           518   53.17234297
           519     53.194228
           520   53.21609914
           521   53.23796531
           522   53.25983148
           523   53.28169765
           524   53.30356075
           525   53.32540809
           526   53.34725543
           527   53.36910276
           528    53.3909501
           529   53.41278642
           530   53.43461496
           531    53.4564435
           532   53.47827203
           533   53.50010048
           534   53.52191024
           535   53.54372001
           536   53.56552977
           537   53.58733954
           538   53.60914144
           539   53.63093247
           540   53.65272349
           541   53.67451452
           542   53.69630554
           543   53.71808103
           544   53.73985334
           545   53.76162566
           546   53.78339798
           547   53.80516586
           548   53.82691949
           549   53.84867313
           550   53.87042677
           551   53.89218041
           552    53.9139221
           553   53.93565709
           554   53.95739208
           555   53.97912707
           556   54.00086132
           557    54.0225777
           558   54.04429407
           559   54.06601044
           560   54.08772681
           561   54.10943511
           562   54.13113289
           563   54.15283068
           564   54.17452847
           565   54.19622625
           566   54.21790871
           567   54.23958794
           568   54.26126717
           569    54.2829464
           570   54.30462168
           571   54.32628239
           572   54.34794309
           573    54.3696038
           574    54.3912645
           575   54.41291417
           576   54.43455638
           577   54.45619859
           578    54.4778408
           579   54.49948301
           580    54.5211072
           581   54.54273094
           582   54.56435469
           583   54.58597843
           584    54.6075957
           585   54.62920101
           586   54.65080632
           587   54.67241163
           588   54.69401694
           589   54.71560894
           590   54.73719585
           591   54.75878275
           592   54.78036966
           593    54.8019549
           594   54.82352343
           595   54.84509196
           596   54.86666049
           597   54.88822902
           598   54.90978922
           599   54.93133941
           600    54.9528896
           601   54.97443978
           602   54.99598997
           603   55.01752525
           604   55.03905712
           605   55.06058899
           606   55.08212087
           607   55.10364964
           608   55.12516322
           609   55.14667681
           610    55.1681904
           611   55.18970399
           612   55.21120806
           613   55.23270339
           614   55.25419872
           615   55.27569406
           616   55.29718939
           617   55.31866888
           618   55.34014599
           619   55.36162309
           620    55.3831002
           621   55.40457343
           622   55.42603234
           623   55.44749126
           624   55.46895017
           625   55.49040908
           626   55.51185795
           627   55.53329869
           628   55.55473944
           629   55.57618019
           630   55.59762093
           631   55.61904556
           632   55.64046817
           633   55.66189078
           634   55.68331339
           635     55.704732
           636    55.7261365
           637     55.747541
           638   55.76894551
           639   55.79035001
           640   55.81174459
           641   55.83313102
           642   55.85451744
           643   55.87590387
           644    55.8972903
           645   55.91866096
           646   55.94002934
           647   55.96139772
           648    55.9827661
           649   56.00413099
           650   56.02548135
           651   56.04683171
           652   56.06818207
           653   56.08953243
           654   56.11087362
           655   56.13220599
           656   56.15353836
           657   56.17487073
           658    56.1962031
           659   56.21752071
           660   56.23883512
           661   56.26014953
           662   56.28146394
           663   56.30277602
           664    56.3240725
           665   56.34536898
           666   56.36666546
           667   56.38796194
           668   56.40925063
           669   56.43052921
           670   56.45180779
           671   56.47308637
           672   56.49436495
           673   56.51563038
           674   56.53689109
           675   56.55815179
           676    56.5794125
           677   56.60067264
           678    56.6219155
           679   56.64315836
           680   56.66440122
           681   56.68564408
           682   56.70688117
           683   56.72810621
           684   56.74933126
           685    56.7705563
           686   56.79178135
           687    56.8129955
           688   56.83420276
           689   56.85541002
           690   56.87661728
           691   56.89782454
           692   56.91901586
           693   56.94020536
           694   56.96139486
           695   56.98258436
           696   57.00377071
           697   57.02494248
           698   57.04611426
           699   57.06728603
           700    57.0884578
           701   57.10962152
           702    57.1307756
           703   57.15192967
           704   57.17308374
           705   57.19423782
           706   57.21537903
           707   57.23651543
           708   57.25765183
           709   57.27878823
           710   57.29992463
           711   57.32104346
           712   57.34216221
           713   57.36328097
           714   57.38439973
           715   57.40551388
           716   57.42661503
           717   57.44771617
           718   57.46881731
           719   57.48991846
           720   57.51101042
           721   57.53209397
           722   57.55317753
           723   57.57426109
           724   57.59534464
           725   57.61641452
           726   57.63748052
           727   57.65854652
           728   57.67961252
           729   57.70067795
           730   57.72172642
           731   57.74277489
           732   57.76382336
           733   57.78487183
           734   57.80591538
           735   57.82694634
           736   57.84797731
           737   57.86900828
           738   57.89003925
           739   57.91106102
           740   57.93207451
           741     57.953088
           742    57.9741015
           743   57.99511499
           744    58.0161151
           745   58.03711115
           746    58.0581072
           747   58.07910324
           748   58.10009921
           749   58.12107784
           750   58.14205647
           751   58.16303511
           752   58.18401374
           753   58.20498823
           754   58.22594947
           755   58.24691072
           756   58.26787196
           757    58.2888332
           758   58.30978633
           759   58.33073021
           760   58.35167409
           761   58.37261797
           762   58.39356185
           763   58.41449373
           764   58.43542028
           765   58.45634682
           766   58.47727337
           767   58.49819992
           768   58.51911065
           769   58.54001989
           770   58.56092913
           771   58.58183837
           772   58.60274534
           773   58.62363731
           774   58.64452927
           775   58.66542124
           776    58.6863132
           777   58.70719921
           778   58.72807393
           779   58.74894864
           780   58.76982335
           781   58.79069807
           782   58.81156323
           783   58.83242072
           784   58.85327821
           785    58.8741357
           786   58.89499319
           787   58.91583761
           788   58.93667791
           789    58.9575182
           790    58.9783585
           791   58.99919879
           792   59.02002258
           793   59.04084571
           794   59.06166884
           795   59.08249196
           796   59.10331236
           797   59.12411835
           798   59.14492434
           799   59.16573032
           800   59.18653631
           801   59.20733626
           802   59.22812513
           803   59.24891401
           804   59.26970288
           805   59.29049176
           806   59.31127136
           807   59.33204315
           808   59.35281494
           809   59.37358672
           810   59.39435851
           811   59.41511788
           812   59.43587261
           813   59.45662734
           814   59.47738207
           815    59.4981368
           816   59.51887602
           817   59.53961372
           818   59.56035142
           819   59.58108912
           820   59.60182532
           821   59.62254602
           822   59.64326671
           823   59.66398741
           824    59.6847081
           825   59.70542435
           826   59.72612807
           827   59.74683179
           828    59.7675355
           829   59.78823922
           830   59.80893562
           831   59.82962239
           832   59.85030916
           833   59.87099592
           834   59.89168269
           835   59.91235934
           836   59.93302919
           837   59.95369903
           838   59.97436888
           839   59.99503872
           840   60.01569573
           841   60.03634868
           842   60.05700163
           843   60.07765458
           844   60.09830753
           845   60.11894499
           846   60.13958107
           847   60.16021715
           848   60.18085323
           849    60.2014881
           850   60.22210733
           851   60.24272657
           852   60.26334581
           853   60.28396505
           854   60.30458055
           855   60.32518297
           856   60.34578539
           857   60.36638782
           858   60.38699024
           859   60.40758647
           860   60.42817211
           861   60.44875774
           862   60.46934337
           863   60.48992901
           864   60.51050608
           865   60.53107495
           866   60.55164382
           867   60.57221269
           868   60.59278157
           869   60.61333957
           870   60.63389171
           871   60.65444385
           872   60.67499598
           873   60.69554812
           874   60.71608716
           875   60.73662259
           876   60.75715802
           877   60.77769344
           878   60.79822887
           879   60.81874905
           880    60.8392678
           881   60.85978654
           882   60.88030529
           883   60.90082336
           884   60.92132545
           885   60.94182754
           886   60.96232962
           887   60.98283171
           888    61.0033311
           889   61.02381655
           890   61.04430201
           891   61.06478747
           892   61.08527293
           893   61.10575372
           894   61.12622257
           895   61.14669143
           896   61.16716028
           897   61.18762914
           898   61.20809143
           899   61.22854371
           900   61.24899599
           901   61.26944826
           902   61.28990054
           903   61.31034444
           904   61.33078016
           905   61.35121589
           906   61.37165162
           907   61.39208734
           908   61.41251294
           909   61.43293214
           910   61.45335134
           911   61.47377055
           912   61.49418975
           913   61.51459714
           914   61.53499984
           915   61.55540255
           916   61.57580525
           917   61.59620795
           918   61.61659724
           919   61.63698347
           920    61.6573697
           921   61.67775593
           922   61.69814216
           923   61.71851344
           924   61.73888322
           925     61.759253
           926   61.77962279
           927   61.79999257
           928   61.82034594
           929    61.8406993
           930   61.86105266
           931   61.88140602
           932   61.90175796
           933   61.92209493
           934    61.9424319
           935   61.96276886
           936   61.98310583
           937   62.00344002
           938   62.02376062
           939   62.04408122
           940   62.06440181
           941   62.08472241
           942   62.10503895
           943   62.12534321
           944   62.14564746
           945   62.16595171
           946   62.18625597
           947   62.20655495
           948   62.22684288
           949   62.24713082
           950   62.26741875
           951   62.28770669
           952    62.3079882
           953   62.32825985
           954   62.34853149
           955   62.36880314
           956   62.38907478
           957   62.40933892
           958    62.4295943
           959   62.44984968
           960   62.47010505
           961   62.49036043
           962   62.51060729
           963   62.53084643
           964   62.55108557
           965    62.5713247
           966   62.59156384
           967   62.61179352
           968   62.63201644
           969   62.65223936
           970   62.67246228
           971    62.6926852
           972   62.71289778
           973   62.73310451
           974   62.75331124
           975   62.77351797
           976    62.7937247
           977   62.81392029
           978   62.83411085
           979   62.85430142
           980   62.87449199
           981   62.89468255
           982   62.91486123
           983   62.93503565
           984   62.95521008
           985    62.9753845
           986   62.99555893
           987   63.01572079
           988    63.0358791
           989   63.05603741
           990   63.07619573
           991   63.09635404
           992   63.11649917
           993   63.13664139
           994   63.15678362
           995   63.17692584
           996   63.19706806
           997   63.21719656
           998   63.23732272
           999   63.25744888
          1000   63.27757504
          1001    63.2977012
          1002   63.31781315
          1003   63.33792327
          1004   63.35803339
          1005   63.37814351
          1006   63.39825363
          1007   63.41834913
          1008   63.43844324
          1009   63.45853735
          1010   63.47863145
          1011   63.49872556
          1012   63.51880469
          1013   63.53888281
          1014   63.55896093
          1015   63.57903905
          1016   63.59911717
          1017   63.61918002
          1018   63.63924218
          1019   63.65930434
          1020   63.67936649
          1021   63.69942865
          1022   63.71947532
          1023   63.73952153
          1024   63.75956775
          1025   63.77961397
          1026   63.79966018
          1027   63.81969076
          1028   63.83972106
          1029   63.85975136
          1030   63.87978166
          1031   63.89981197
          1032   63.91982653
          1033   63.93984094
          1034   63.95985536
          1035   63.97986977
          1036   63.99988419
          1037   64.01988283
          1038   64.03988138
          1039   64.05987993
          1040   64.07987848
          1041   64.09987703
          1042   64.11985983
          1043   64.13984255
          1044   64.15982526
          1045   64.17980797
          1046   64.19979068
          1047   64.21975774
          1048   64.23972463
          1049   64.25969153
          1050   64.27965842
          1051   64.29962532
          1052   64.31957672
          1053   64.33952783
          1054   64.35947893
          1055   64.37943004
          1056   64.39938114
          1057   64.41931697
          1058   64.43925231
          1059   64.45918765
          1060   64.47912299
          1061   64.49905833
          1062   64.51897867
          1063   64.53889827
          1064   64.55881787
          1065   64.57873747
          1066   64.59865707
          1067   64.61856201
          1068   64.63846589
          1069   64.65836977
          1070   64.67827366
          1071   64.69817754
          1072   64.71806716
          1073   64.73795535
          1074   64.75784354
          1075   64.77773173
          1076   64.79761992
          1077   64.81749432
          1078   64.83736684
          1079   64.85723936
          1080   64.87711189
          1081   64.89698441
          1082   64.91684366
          1083   64.93670054
          1084   64.95655742
          1085    64.9764143
          1086   64.99627117
          1087   65.01611537
          1088   65.03595662
          1089   65.05579788
          1090   65.07563914
          1091    65.0954804
          1092   65.11530962
          1093   65.13513528
          1094   65.15496095
          1095   65.17478661
          1096   65.19461227
          1097    65.2144266
          1098   65.23423669
          1099   65.25404678
          1100   65.27385688
          1101   65.29366697
          1102   65.31346649
          1103   65.33326103
          1104   65.35305558
          1105   65.37285012
          1106   65.39264467
          1107   65.41242946
          1108   65.43220848
          1109   65.45198751
          1110   65.47176653
          1111   65.49154555
          1112    65.5113157
          1113   65.53107923
          1114   65.55084275
          1115   65.57060628
          1116    65.5903698
          1117   65.61012539
          1118   65.62987344
          1119   65.64962149
          1120   65.66936954
          1121   65.68911759
          1122    65.7088587
          1123    65.7285913
          1124    65.7483239
          1125    65.7680565
          1126    65.7877891
          1127   65.80751582
          1128   65.82723299
          1129   65.84695016
          1130   65.86666733
          1131    65.8863845
          1132   65.90609691
          1133   65.92579867
          1134   65.94550044
          1135   65.96520221
          1136   65.98490398
          1137   66.00460215
          1138   66.02428854
          1139   66.04397493
          1140   66.06366132
          1141   66.08334771
          1142   66.10303173
          1143   66.12270276
          1144    66.1423738
          1145   66.16204483
          1146   66.18171586
          1147   66.20138582
          1148   66.22104152
          1149   66.24069722
          1150   66.26035292
          1151   66.28000862
          1152   66.29966432
          1153   66.31930497
          1154   66.33894537
          1155   66.35858576
          1156   66.37822615
          1157   66.39786655
          1158   66.41749331
          1159   66.43711842
          1160   66.45674353
          1161   66.47636864
          1162   66.49599374
          1163   66.51560671
          1164   66.53521655
          1165    66.5548264
          1166   66.57443624
          1167   66.59404609
          1168   66.61364533
          1169   66.63323993
          1170   66.65283454
          1171   66.67242915
          1172   66.69202376
          1173   66.71160935
          1174   66.73118874
          1175   66.75076813
          1176   66.77034753
          1177   66.78992692
          1178   66.80949894
          1179   66.82906314
          1180   66.84862734
          1181   66.86819155
          1182   66.88775575
          1183   66.90731428
          1184   66.92686331
          1185   66.94641235
          1186   66.96596138
          1187   66.98551042
          1188   67.00505553
          1189   67.02458942
          1190   67.04412331
          1191    67.0636572
          1192   67.08319109
          1193   67.10272288
          1194   67.12224164
          1195   67.14176041
          1196   67.16127918
          1197   67.18079795
          1198   67.20031648
          1199   67.21982015
          1200   67.23932382
          1201   67.25882749
          1202   67.27833116
          1203   67.29783483
          1204    67.3173251
          1205    67.3368137
          1206   67.35630229
          1207   67.37579089
          1208   67.39527949
          1209   67.41475668
          1210   67.43423022
          1211   67.45370376
          1212   67.47317731
          1213   67.49265085
          1214   67.51211504
          1215   67.53157356
          1216   67.55103207
          1217   67.57049059
          1218    67.5899491
          1219   67.60940036
          1220   67.62884387
          1221   67.64828738
          1222   67.66773089
          1223    67.6871744
          1224   67.70661281
          1225   67.72604134
          1226   67.74546987
          1227   67.76489839
          1228   67.78432692
          1229   67.80375256
          1230   67.82316612
          1231   67.84257969
          1232   67.86199326
          1233   67.88140682
          1234   67.90081976
          1235   67.92021839
          1236   67.93961702
          1237   67.95901565
          1238   67.97841428
          1239   67.99781291
          1240   68.01719831
          1241   68.03658202
          1242   68.05596574
          1243   68.07534945
          1244   68.09473317
          1245   68.11410604
          1246   68.13347486
          1247   68.15284369
          1248   68.17221251
          1249   68.19158134
          1250   68.21094175
          1251   68.23029571
          1252   68.24964966
          1253   68.26900362
          1254   68.28835757
          1255   68.30770561
          1256   68.32704472
          1257   68.34638383
          1258   68.36572294
          1259   68.38506205
          1260   68.40439779
          1261   68.42372207
          1262   68.44304636
          1263   68.46237064
          1264   68.48169493
          1265   68.50101844
          1266   68.52032792
          1267   68.53963741
          1268   68.55894689
          1269   68.57825638
          1270   68.59756586
          1271   68.61686243
          1272   68.63615714
          1273   68.65545184
          1274   68.67474655
          1275   68.69404126
          1276   68.71332576
          1277   68.73260572
          1278   68.75188567
          1279   68.77116562
          1280   68.79044557
          1281   68.80971809
          1282    68.8289833
          1283   68.84824852
          1284   68.86751374
          1285   68.88677896
          1286   68.90603956
          1287   68.92529006
          1288   68.94454057
          1289   68.96379108
          1290   68.98304158
          1291   69.00229034
          1292   69.02152616
          1293   69.04076198
          1294   69.05999779
          1295   69.07923361
          1296   69.09846943
          1297   69.11769175
          1298    69.1369129
          1299   69.15613405
          1300    69.1753552
          1301   69.19457635
          1302   69.21378699
          1303    69.2329935
          1304   69.25220001
          1305   69.27140651
          1306   69.29061302
          1307   69.30981205
          1308   69.32900394
          1309   69.34819582
          1310   69.36738771
          1311    69.3865796
          1312   69.40576709
          1313   69.42494438
          1314   69.44412166
          1315   69.46329895
          1316   69.48247623
          1317   69.50165226
          1318   69.52081497
          1319   69.53997768
          1320   69.55914039
          1321    69.5783031
          1322    69.5974658
          1323   69.61661588
          1324   69.63576403
          1325   69.65491219
          1326   69.67406034
          1327   69.69320849
          1328   69.71234727
          1329   69.73148089
          1330   69.75061451
          1331   69.76974813
          1332   69.78888175
          1333   69.80800929
          1334   69.82712839
          1335    69.8462475
          1336   69.86536661
          1337   69.88448572
          1338   69.90360209
          1339   69.92270671
          1340   69.94181133
          1341   69.96091595
          1342   69.98002057
          1343   69.99912519
          1344     70.018216
          1345   70.03730615
          1346    70.0563963
          1347   70.07548645
          1348   70.09457661
          1349   70.11365641
          1350   70.13273212
          1351   70.15180783
          1352   70.17088353
          1353   70.18995924
          1354   70.20902811
          1355   70.22808939
          1356   70.24715067
          1357   70.26621195
          1358   70.28527324
          1359   70.30433124
          1360   70.32337812
          1361     70.342425
          1362   70.36147188
          1363   70.38051876
          1364   70.39956564
          1365   70.41859847
          1366   70.43763097
          1367   70.45666347
          1368   70.47569597
          1369   70.49472846
          1370   70.51375058
          1371   70.53276872
          1372   70.55178686
          1373     70.570805
          1374   70.58982314
          1375   70.60883462
          1376   70.62783842
          1377   70.64684223
          1378   70.66584603
          1379   70.68484983
          1380   70.70385073
          1381   70.72284022
          1382   70.74182971
          1383    70.7608192
          1384   70.77980869
          1385   70.79879818
          1386   70.81777427
          1387   70.83674947
          1388   70.85572466
          1389   70.87469986
          1390   70.89367505
          1391   70.91264073
          1392   70.93160165
          1393   70.95056258
          1394    70.9695235
          1395   70.98848442
          1396   71.00743975
          1397   71.02638642
          1398   71.04533309
          1399   71.06427976
          1400   71.08322643
          1401   71.10217147
          1402   71.12110391
          1403   71.14003635
          1404    71.1589688
          1405   71.17790124
          1406   71.19683368
          1407   71.21575429
          1408   71.23467252
          1409   71.25359076
          1410   71.27250899
          1411   71.29142723
          1412    71.3103377
          1413   71.32924175
          1414    71.3481458
          1415   71.36704984
          1416   71.38595389
          1417    71.4048543
          1418   71.42374418
          1419   71.44263406
          1420   71.46152394
          1421   71.48041382
          1422   71.49930371
          1423   71.51817997
          1424    71.5370557
          1425   71.55593144
          1426   71.57480718
          1427   71.59368292
          1428   71.61254926
          1429   71.63141087
          1430   71.65027249
          1431    71.6691341
          1432   71.68799572
          1433   71.70685221
          1434   71.72569972
          1435   71.74454723
          1436   71.76339475
          1437   71.78224226
          1438   71.80108896
          1439   71.81992239
          1440   71.83875582
          1441   71.85758926
          1442   71.87642269
          1443   71.89525612
          1444   71.91407904
          1445   71.93289841
          1446   71.95171778
          1447   71.97053716
          1448   71.98935653
          1449    72.0081698
          1450   72.02697514
          1451   72.04578047
          1452   72.06458581
          1453   72.08339114
          1454   72.10219484
          1455   72.12098616
          1456   72.13977748
          1457   72.15856879
          1458   72.17736011
          1459   72.19615143
          1460   72.21493162
          1461   72.23370894
          1462   72.25248626
          1463   72.27126358
          1464    72.2900409
          1465   72.30881166
          1466     72.327575
          1467   72.34633835
          1468   72.36510169
          1469   72.38386504
          1470   72.40262643
          1471   72.42137582
          1472   72.44012521
          1473    72.4588746
          1474   72.47762399
          1475   72.49637339
          1476   72.51511154
          1477   72.53384699
          1478   72.55258245
          1479   72.57131791
          1480   72.59005337
          1481    72.6087823
          1482   72.62750384
          1483   72.64622538
          1484   72.66494693
          1485   72.68366847
          1486   72.70238824
          1487    72.7210959
          1488   72.73980355
          1489    72.7585112
          1490   72.77721885
          1491    72.7959265
          1492    72.8146233
          1493   72.83331708
          1494   72.85201087
          1495   72.87070465
          1496   72.88939843
          1497   72.90808621
          1498   72.92676614
          1499   72.94544607
          1500     72.964126
          1501   72.98280593
          1502   73.00148476
          1503   73.02015086
          1504   73.03881696
          1505   73.05748306
          1506   73.07614916
          1507   73.09481526
          1508   73.11347138
          1509   73.13212367
          1510   73.15077596
          1511   73.16942825
          1512   73.18808054
          1513   73.20672785
          1514   73.22536636
          1515   73.24400486
          1516   73.26264336
          1517   73.28128186
          1518   73.29992036
          1519   73.31854515
          1520   73.33716988
          1521   73.35579461
          1522   73.37441935
          1523   73.39304408
          1524    73.4116602
          1525   73.43027118
          1526   73.44888217
          1527   73.46749315
          1528   73.48610414
          1529   73.50471164
          1530    73.5233089
          1531   73.54190616
          1532   73.56050341
          1533   73.57910067
          1534   73.59769793
          1535   73.61628317
          1536   73.63486672
          1537   73.65345027
          1538   73.67203382
          1539   73.69061737
          1540   73.70919414
          1541   73.72776401
          1542   73.74633387
          1543   73.76490373
          1544   73.78347359
          1545   73.80204195
          1546   73.82059815
          1547   73.83915435
          1548   73.85771054
          1549   73.87626674
          1550   73.89482293
          1551   73.91336929
          1552   73.93191184
          1553   73.95045439
          1554   73.96899694
          1555   73.98753949
          1556   74.00607757
          1557   74.02460649
          1558   74.04313542
          1559   74.06166434
          1560   74.08019327
          1561   74.09872219
          1562   74.11723845
          1563   74.13575376
          1564   74.15426908
          1565    74.1727844
          1566   74.19129972
          1567   74.20980783
          1568   74.22830957
          1569    74.2468113
          1570   74.26531303
          1571   74.28381476
          1572    74.3023148
          1573   74.32080296
          1574   74.33929113
          1575    74.3577793
          1576   74.37626747
          1577   74.39475563
          1578    74.4132341
          1579   74.43170872
          1580   74.45018334
          1581   74.46865796
          1582   74.48713258
          1583    74.5056031
          1584   74.52406419
          1585   74.54252529
          1586   74.56098638
          1587   74.57944748
          1588   74.59790858
          1589    74.6163577
          1590   74.63480529
          1591   74.65325288
          1592   74.67170047
          1593   74.69014806
          1594   74.70858936
          1595   74.72702347
          1596   74.74545757
          1597   74.76389168
          1598   74.78232578
          1599   74.80075933
          1600   74.81917997
          1601   74.83760061
          1602   74.85602125
          1603   74.87444189
          1604   74.89286253
          1605   74.91127493
          1606   74.92968213
          1607   74.94808932
          1608   74.96649651
          1609   74.98490371
          1610   75.00330849
          1611   75.02170225
          1612   75.04009602
          1613   75.05848979
          1614   75.07688356
          1615   75.09527732
          1616   75.11366113
          1617   75.13204149
          1618   75.15042185
          1619   75.16880221
          1620   75.18718257
          1621   75.20555888
          1622   75.22392586
          1623   75.24229284
          1624   75.26065981
          1625   75.27902679
          1626   75.29739376
          1627   75.31574927
          1628   75.33410288
          1629   75.35245648
          1630   75.37081009
          1631    75.3891637
          1632   75.40751184
          1633    75.4258521
          1634   75.44419237
          1635   75.46253263
          1636   75.48087289
          1637   75.49921315
          1638   75.51754066
          1639   75.53586759
          1640   75.55419453
          1641   75.57252146
          1642    75.5908484
          1643   75.60916867
          1644    75.6274823
          1645   75.64579592
          1646   75.66410955
          1647   75.68242318
          1648   75.70073627
          1649   75.71903661
          1650   75.73733695
          1651   75.75563728
          1652   75.77393762
          1653   75.79223796
          1654   75.81053066
          1655   75.82881773
          1656    75.8471048
          1657   75.86539187
          1658   75.88367894
          1659   75.90196459
          1660   75.92023841
          1661   75.93851223
          1662   75.95678605
          1663   75.97505987
          1664   75.99333369
          1665   76.01159911
          1666    76.0298597
          1667   76.04812029
          1668   76.06638089
          1669   76.08464148
          1670   76.10289997
          1671   76.12114735
          1672   76.13939473
          1673   76.15764211
          1674   76.17588949
          1675   76.19413688
          1676    76.2123753
          1677    76.2306095
          1678   76.24884369
          1679   76.26707788
          1680   76.28531207
          1681    76.3035437
          1682   76.32176471
          1683   76.33998573
          1684   76.35820675
          1685   76.37642777
          1686   76.39464879
          1687   76.41286052
          1688   76.43106839
          1689   76.44927625
          1690   76.46748412
          1691   76.48569199
          1692   76.50389704
          1693   76.52209178
          1694   76.54028651
          1695   76.55848124
          1696   76.57667598
          1697   76.59487071
          1698   76.61305603
          1699   76.63123765
          1700   76.64941927
          1701   76.66760089
          1702   76.68578251
          1703   76.70396128
          1704    76.7221298
          1705   76.74029833
          1706   76.75846685
          1707   76.77663538
          1708    76.7948039
          1709   76.81296309
          1710   76.83111855
          1711     76.849274
          1712   76.86742945
          1713    76.8855849
          1714   76.90373766
          1715   76.92188005
          1716   76.94002245
          1717   76.95816484
          1718   76.97630723
          1719   76.99444963
          1720   77.01258297
          1721   77.03071233
          1722   77.04884169
          1723   77.06697105
          1724    77.0851004
          1725   77.10322744
          1726   77.12134378
          1727   77.13946012
          1728   77.15757646
          1729    77.1756928
          1730   77.19380914
          1731   77.21191692
          1732   77.23002026
          1733    77.2481236
          1734   77.26622694
          1735   77.28433028
          1736   77.30243187
          1737   77.32052223
          1738   77.33861259
          1739   77.35670295
          1740   77.37479331
          1741   77.39288367
          1742   77.41096617
          1743   77.42904357
          1744   77.44712097
          1745   77.46519836
          1746   77.48327576
          1747   77.50135219
          1748   77.51941665
          1749   77.53748111
          1750   77.55554556
          1751   77.57361002
          1752   77.59167447
          1753   77.60973196
          1754    77.6277835
          1755   77.64583503
          1756   77.66388656
          1757   77.68193809
          1758   77.69998963
          1759   77.71802826
          1760   77.73606689
          1761   77.75410552
          1762   77.77214415
          1763   77.79018278
          1764   77.80821553
          1765   77.82624127
          1766   77.84426702
          1767   77.86229276
          1768    77.8803185
          1769   77.89834424
          1770    77.9163583
          1771   77.93437117
          1772   77.95238405
          1773   77.97039692
          1774    77.9884098
          1775   78.00641809
          1776   78.02441812
          1777   78.04241815
          1778   78.06041817
          1779    78.0784182
          1780   78.09641823
          1781   78.11440798
          1782   78.13239518
          1783   78.15038237
          1784   78.16836957
          1785   78.18635677
          1786   78.20434087
          1787   78.22231526
          1788   78.24028964
          1789   78.25826403
          1790   78.27623841
          1791    78.2942128
          1792   78.31217851
          1793   78.33014011
          1794    78.3481017
          1795   78.36606329
          1796   78.38402489
          1797   78.40198507
          1798   78.41993389
          1799   78.43788271
          1800   78.45583153
          1801   78.47378035
          1802   78.49172917
          1803   78.50967111
          1804   78.52760717
          1805   78.54554324
          1806    78.5634793
          1807   78.58141537
          1808   78.59935143
          1809   78.61727522
          1810   78.63519855
          1811   78.65312187
          1812    78.6710452
          1813   78.68896853
          1814   78.70688696
          1815   78.72479757
          1816   78.74270818
          1817   78.76061879
          1818    78.7785294
          1819   78.79644001
          1820   78.81434044
          1821   78.83223835
          1822   78.85013626
          1823   78.86803417
          1824   78.88593208
          1825   78.90382727
          1826    78.9217125
          1827   78.93959773
          1828   78.95748296
          1829   78.97536818
          1830   78.99325341
          1831   79.01113075
          1832   79.02900332
          1833   79.04687588
          1834   79.06474844
          1835   79.08262101
          1836   79.10049322
          1837   79.11835314
          1838   79.13621306
          1839   79.15407298
          1840    79.1719329
          1841   79.18979282
          1842   79.20764733
          1843   79.22549462
          1844   79.24334191
          1845   79.26118921
          1846    79.2790365
          1847   79.29688379
          1848   79.31472068
          1849   79.33255536
          1850   79.35039005
          1851   79.36822473
          1852   79.38605941
          1853   79.40389135
          1854   79.42171344
          1855   79.43953554
          1856   79.45735763
          1857   79.47517973
          1858   79.49300182
          1859   79.51081628
          1860    79.5286258
          1861   79.54643532
          1862   79.56424484
          1863   79.58205437
          1864   79.59986389
          1865   79.61766095
          1866   79.63545792
          1867   79.65325489
          1868   79.67105186
          1869   79.68884882
          1870   79.70664111
          1871   79.72442554
          1872   79.74220998
          1873   79.75999441
          1874   79.77777884
          1875   79.79556327
          1876   79.81333831
          1877   79.83111022
          1878   79.84888214
          1879   79.86665405
          1880   79.88442597
          1881   79.90219634
          1882   79.91995575
          1883   79.93771517
          1884   79.95547458
          1885     79.973234
          1886   79.99099341
          1887   80.00874668
          1888   80.02649361
          1889   80.04424054
          1890   80.06198748
          1891   80.07973441
          1892   80.09748134
          1893   80.11521758
          1894   80.13295205
          1895   80.15068652
          1896   80.16842099
          1897   80.18615546
          1898    80.2038872
          1899   80.22160922
          1900   80.23933125
          1901   80.25705327
          1902   80.27477529
          1903   80.29249732
          1904   80.31021218
          1905   80.32792177
          1906   80.34563137
          1907   80.36334096
          1908   80.38105056
          1909   80.39876016
          1910   80.41645821
          1911    80.4341554
          1912   80.45185258
          1913   80.46954977
          1914   80.48724695
          1915   80.50494068
          1916   80.52262547
          1917   80.54031027
          1918   80.55799506
          1919   80.57567985
          1920   80.59336465
          1921   80.61104171
          1922   80.62871413
          1923   80.64638655
          1924   80.66405897
          1925   80.68173139
          1926   80.69940381
          1927   80.71706429
          1928   80.73472435
          1929   80.75238441
          1930   80.77004448
          1931   80.78770454
          1932   80.80536085
          1933   80.82300858
          1934    80.8406563
          1935   80.85830403
          1936   80.87595175
          1937   80.89359947
          1938   80.91123935
          1939   80.92887475
          1940   80.94651015
          1941   80.96414556
          1942   80.98178096
          1943   80.99941636
          1944   81.01703987
          1945   81.03466297
          1946   81.05228607
          1947   81.06990917
          1948   81.08753227
          1949   81.10515177
          1950   81.12276258
          1951    81.1403734
          1952   81.15798421
          1953   81.17559502
          1954   81.19320584
          1955   81.21080912
          1956   81.22840766
          1957   81.24600621
          1958   81.26360475
          1959    81.2812033
          1960   81.29880184
          1961   81.31638897
          1962   81.33397527
          1963   81.35156156
          1964   81.36914785
          1965   81.38673415
          1966   81.40431744
          1967    81.4218915
          1968   81.43946556
          1969   81.45703962
          1970   81.47461368
          1971   81.49218775
          1972   81.50975502
          1973   81.52731687
          1974   81.54487871
          1975   81.56244056
          1976    81.5800024
          1977   81.59756425
          1978   81.61511559
          1979   81.63266524
          1980   81.65021488
          1981   81.66776453
          1982   81.68531418
          1983   81.70286184
          1984    81.7203993
          1985   81.73793677
          1986   81.75547424
          1987    81.7730117
          1988   81.79054917
          1989   81.80808103
          1990   81.82560633
          1991   81.84313163
          1992   81.86065694
          1993   81.87818224
          1994   81.89570754
          1995   81.91322368
          1996   81.93073683
          1997   81.94824999
          1998   81.96576315
          1999    81.9832763
          2000   82.00078891
          2001   82.01828994
          2002   82.03579097
          2003     82.053292
          2004   82.07079303
          2005   82.08829406
          2006   82.10579107
          2007   82.12327999
          2008   82.14076891
          2009   82.15825783
          2010   82.17574674
          2011   82.19323566
          2012   82.21071716
          2013   82.22819398
          2014   82.24567081
          2015   82.26314763
          2016   82.28062445
          2017   82.29810127
          2018   82.31556733
          2019   82.33303208
          2020   82.35049682
          2021   82.36796157
          2022   82.38542631
          2023   82.40288906
          2024   82.42034175
          2025   82.43779444
          2026   82.45524712
          2027   82.47269981
          2028   82.49015249
          2029   82.50759993
          2030   82.52504058
          2031   82.54248122
          2032   82.55992186
          2033   82.57736251
          2034   82.59480315
          2035   82.61223535
          2036   82.62966397
          2037   82.64709259
          2038   82.66452121
          2039   82.68194982
          2040   82.69937844
          2041   82.71679548
          2042   82.73421209
          2043    82.7516287
          2044   82.76904531
          2045   82.78646192
          2046   82.80387586
          2047   82.82128048
          2048   82.83868509
          2049   82.85608971
          2050   82.87349433
          2051   82.89089895
          2052   82.90829786
          2053    82.9256905
          2054   82.94308314
          2055   82.96047579
          2056   82.97786843
          2057   82.99526108
          2058   83.01264502
          2059   83.03002571
          2060   83.04740639
          2061   83.06478708
          2062   83.08216777
          2063   83.09954846
          2064   83.11691751
          2065   83.13428626
          2066   83.15165501
          2067   83.16902375
          2068    83.1863925
          2069   83.20375866
          2070   83.22111549
          2071   83.23847231
          2072   83.25582913
          2073   83.27318596
          2074   83.29054278
          2075   83.30789418
          2076    83.3252391
          2077   83.34258402
          2078   83.35992893
          2079   83.37727385
          2080   83.39461877
          2081   83.41195548
          2082   83.42928851
          2083   83.44662154
          2084   83.46395457
          2085   83.48128759
          2086   83.49862062
          2087   83.51594272
          2088   83.53326387
          2089   83.55058503
          2090   83.56790618
          2091   83.58522734
          2092   83.60254675
          2093   83.61985605
          2094   83.63716535
          2095   83.65447464
          2096   83.67178394
          2097   83.68909324
          2098   83.70639816
          2099   83.72369562
          2100   83.74099308
          2101   83.75829054
          2102     83.775588
          2103   83.79288546
          2104   83.81017596
          2105    83.8274616
          2106   83.84474723
          2107   83.86203287
          2108   83.87931851
          2109   83.89660414
          2110    83.9138803
          2111   83.93115413
          2112   83.94842796
          2113   83.96570179
          2114   83.98297562
          2115   84.00024928
          2116   84.01751133
          2117   84.03477337
          2118   84.05203541
          2119   84.06929745
          2120    84.0865595
          2121   84.10381893
          2122    84.1210692
          2123   84.13831947
          2124   84.15556974
          2125   84.17282001
          2126   84.19007028
          2127   84.20731556
          2128   84.22455408
          2129   84.24179259
          2130   84.25903111
          2131   84.27626962
          2132   84.29350814
          2133   84.31073933
          2134   84.32796611
          2135   84.34519288
          2136   84.36241966
          2137   84.37964643
          2138   84.39687321
          2139   84.41409039
          2140   84.43130544
          2141    84.4485205
          2142   84.46573555
          2143    84.4829506
          2144   84.50016554
          2145   84.51736889
          2146   84.53457223
          2147   84.55177558
          2148   84.56897893
          2149   84.58618227
          2150   84.60338332
          2151   84.62057498
          2152   84.63776664
          2153   84.65495829
          2154   84.67214995
          2155   84.68934161
          2156   84.70652883
          2157   84.72370881
          2158    84.7408888
          2159   84.75806878
          2160   84.77524876
          2161   84.79242875
          2162   84.80960221
          2163   84.82677054
          2164   84.84393887
          2165    84.8611072
          2166   84.87827552
          2167   84.89544385
          2168   84.91260363
          2169   84.92976031
          2170     84.946917
          2171   84.96407369
          2172   84.98123038
          2173   84.99838706
          2174   85.01553322
          2175   85.03267828
          2176   85.04982335
          2177   85.06696841
          2178   85.08411347
          2179   85.10125768
          2180   85.11839114
          2181    85.1355246
          2182   85.15265805
          2183   85.16979151
          2184   85.18692496
          2185   85.20405567
          2186   85.22117754
          2187    85.2382994
          2188   85.25542127
          2189   85.27254313
          2190     85.289665
          2191   85.30678227
          2192   85.32389256
          2193   85.34100285
          2194   85.35811314
          2195   85.37522343
          2196   85.39233372
          2197   85.40943763
          2198   85.42653636
          2199    85.4436351
          2200   85.46073383
          2201   85.47783256
          2202   85.49493129
          2203    85.5120219
          2204   85.52910909
          2205   85.54619628
          2206   85.56328347
          2207   85.58037065
          2208   85.59745784
          2209   85.61453522
          2210   85.63161088
          2211   85.64868654
          2212   85.66576221
          2213   85.68283787
          2214   85.69991353
          2215   85.71697774
          2216   85.73404189
          2217   85.75110605
          2218    85.7681702
          2219   85.78523435
          2220   85.80229696
          2221   85.81934961
          2222   85.83640227
          2223   85.85345493
          2224   85.87050759
          2225   85.88756025
          2226    85.9046098
          2227   85.92165098
          2228   85.93869216
          2229   85.95573334
          2230   85.97277452
          2231    85.9898157
          2232   86.00685227
          2233   86.02388199
          2234   86.04091171
          2235   86.05794143
          2236   86.07497114
          2237   86.09200086
          2238   86.10902451
          2239   86.12604279
          2240   86.14306106
          2241   86.16007933
          2242    86.1770976
          2243   86.19411588
          2244   86.21112667
          2245   86.22813351
          2246   86.24514036
          2247    86.2621472
          2248   86.27915404
          2249   86.29616089
          2250   86.31315889
          2251   86.33015432
          2252   86.34714975
          2253   86.36414518
          2254   86.38114061
          2255   86.39813604
          2256   86.41512132
          2257   86.43210535
          2258   86.44908938
          2259   86.46607342
          2260   86.48305745
          2261   86.50004145
          2262    86.5170141
          2263   86.53398675
          2264    86.5509594
          2265   86.56793205
          2266    86.5849047
          2267   86.60187609
          2268   86.61883737
          2269   86.63579866
          2270   86.65275994
          2271   86.66972122
          2272   86.68668251
          2273   86.70364135
          2274   86.72059129
          2275   86.73754122
          2276   86.75449115
          2277   86.77144109
          2278   86.78839102
          2279   86.80533738
          2280   86.82227598
          2281   86.83921458
          2282   86.85615318
          2283   86.87309178
          2284   86.89003038
          2285   86.90696432
          2286    86.9238916
          2287   86.94081888
          2288   86.95774616
          2289   86.97467344
          2290   86.99160072
          2291   87.00852231
          2292   87.02543829
          2293   87.04235426
          2294   87.05927024
          2295   87.07618622
          2296    87.0931022
          2297   87.11001149
          2298   87.12691618
          2299   87.14382087
          2300   87.16072556
          2301   87.17763025
          2302   87.19453494
          2303   87.21143201
          2304   87.22832543
          2305   87.24521885
          2306   87.26211227
          2307   87.27900569
          2308   87.29589911
          2309     87.312784
          2310   87.32966617
          2311   87.34654833
          2312   87.36343049
          2313   87.38031266
          2314   87.39719482
          2315   87.41406761
          2316   87.43093854
          2317   87.44780946
          2318   87.46468038
          2319   87.48155131
          2320   87.49842223
          2321   87.51528298
          2322   87.53214268
          2323   87.54900238
          2324   87.56586208
          2325   87.58272178
          2326   87.59958148
          2327   87.61643025
          2328   87.63327874
          2329   87.65012723
          2330   87.66697572
          2331   87.68382421
          2332   87.70067225
          2333   87.71750955
          2334   87.73434685
          2335   87.75118415
          2336   87.76802144
          2337   87.78485874
          2338   87.80169491
          2339   87.81852103
          2340   87.83534715
          2341   87.85217327
          2342   87.86899939
          2343   87.88582551
          2344   87.90264988
          2345   87.91946483
          2346   87.93627979
          2347   87.95309475
          2348   87.96990971
          2349   87.98672466
          2350   88.00353728
          2351   88.02034109
          2352    88.0371449
          2353   88.05394871
          2354   88.07075252
          2355   88.08755633
          2356   88.10435726
          2357   88.12114994
          2358   88.13794262
          2359    88.1547353
          2360   88.17152798
          2361   88.18832066
          2362   88.20510995
          2363   88.22189152
          2364   88.23867308
          2365   88.25545464
          2366   88.27223621
          2367   88.28901777
          2368    88.3057955
          2369   88.32256597
          2370   88.33933643
          2371   88.35610689
          2372   88.37287736
          2373   88.38964782
          2374   88.40641404
          2375   88.42317342
          2376    88.4399328
          2377   88.45669218
          2378   88.47345156
          2379   88.49021094
          2380   88.50696571
          2381   88.52371402
          2382   88.54046233
          2383   88.55721064
          2384   88.57395895
          2385   88.59070726
          2386   88.60745065
          2387    88.6241879
          2388   88.64092516
          2389   88.65766241
          2390   88.67439967
          2391   88.69113692
          2392   88.70786898
          2393    88.7245952
          2394   88.74132142
          2395   88.75804763
          2396   88.77477385
          2397   88.79150006
          2398   88.80822086
          2399   88.82493605
          2400   88.84165124
          2401   88.85836643
          2402   88.87508163
          2403   88.89179682
          2404    88.9085064
          2405   88.92521059
          2406   88.94191477
          2407   88.95861895
          2408   88.97532314
          2409   88.99202732
          2410   89.00872576
          2411   89.02541895
          2412   89.04211214
          2413   89.05880533
          2414   89.07549852
          2415   89.09219171
          2416   89.10887906
          2417   89.12556127
          2418   89.14224348
          2419   89.15892569
          2420    89.1756079
          2421   89.19229012
          2422   89.20896643
          2423   89.22563768
          2424   89.24230893
          2425   89.25898018
          2426   89.27565143
          2427   89.29232268
          2428   89.30898802
          2429   89.32564832
          2430   89.34230862
          2431   89.35896892
          2432   89.37562922
          2433   89.39228952
          2434   89.40894395
          2435   89.42559332
          2436   89.44224269
          2437   89.45889206
          2438   89.47554142
          2439   89.49219079
          2440   89.50883436
          2441   89.52547281
          2442   89.54211126
          2443   89.55874971
          2444   89.57538816
          2445   89.59202661
          2446   89.60865939
          2447   89.62528693
          2448   89.64191448
          2449   89.65854203
          2450   89.67516958
          2451   89.69179712
          2452   89.70841915
          2453   89.72503581
          2454   89.74165247
          2455   89.75826913
          2456   89.77488579
          2457   89.79150245
          2458    89.8081138
          2459   89.82471959
          2460   89.84132537
          2461   89.85793116
          2462   89.87453695
          2463   89.89114273
          2464   89.90774345
          2465   89.92433838
          2466   89.94093331
          2467   89.95752824
          2468   89.97412317
          2469    89.9907181
          2470   90.00730825
          2471   90.02389234
          2472   90.04047642
          2473   90.05706051
          2474    90.0736446
          2475   90.09022868
          2476   90.10680832
          2477   90.12338158
          2478   90.13995484
          2479   90.15652809
          2480   90.17310135
          2481   90.18967461
          2482   90.20624379
          2483   90.22280624
          2484   90.23936868
          2485   90.25593113
          2486   90.27249357
          2487   90.28905602
          2488    90.3056148
          2489   90.32216644
          2490   90.33871809
          2491   90.35526974
          2492   90.37182138
          2493   90.38837303
          2494   90.40492147
          2495   90.42146233
          2496    90.4380032
          2497   90.45454406
          2498   90.47108492
          2499   90.48762578
          2500   90.50416393
          2501   90.52069403
          2502   90.53722412
          2503   90.55375422
          2504   90.57028431
          2505   90.58681441
          2506   90.60334233
          2507   90.61986167
          2508   90.63638101
          2509   90.65290035
          2510   90.66941969
          2511   90.68593903
          2512   90.70245677
          2513   90.71896537
          2514   90.73547397
          2515   90.75198257
          2516   90.76849117
          2517   90.78499978
          2518    90.8015074
          2519   90.81800527
          2520   90.83450315
          2521   90.85100103
          2522    90.8674989
          2523   90.88399678
          2524   90.90049433
          2525    90.9169815
          2526   90.93346867
          2527   90.94995584
          2528     90.966443
          2529   90.98293017
          2530   90.99941734
          2531   91.01589418
          2532   91.03237066
          2533   91.04884713
          2534    91.0653236
          2535   91.08180007
          2536   91.09827654
          2537   91.11474345
          2538   91.13120924
          2539   91.14767503
          2540   91.16414082
          2541   91.18060661
          2542   91.19707241
          2543   91.21352943
          2544   91.22998455
          2545   91.24643968
          2546    91.2628948
          2547   91.27934993
          2548   91.29580505
          2549   91.31225224
          2550   91.32869671
          2551   91.34514119
          2552   91.36158566
          2553   91.37803013
          2554   91.39447461
          2555   91.41091202
          2556   91.42734586
          2557   91.44377969
          2558   91.46021353
          2559   91.47664737
          2560    91.4930812
          2561   91.50950889
          2562    91.5259321
          2563   91.54235532
          2564   91.55877853
          2565   91.57520175
          2566   91.59162496
          2567   91.60804298
          2568   91.62445558
          2569   91.64086819
          2570    91.6572808
          2571    91.6736934
          2572   91.69010601
          2573   91.70651441
          2574   91.72291642
          2575   91.73931843
          2576   91.75572045
          2577   91.77212246
          2578   91.78852447
          2579   91.80492331
          2580   91.82131474
          2581   91.83770618
          2582   91.85409761
          2583   91.87048905
          2584   91.88688048
          2585    91.9032698
          2586   91.91965067
          2587   91.93603154
          2588   91.95241241
          2589   91.96879328
          2590   91.98517415
          2591   92.00155402
          2592   92.01792434
          2593   92.03429466
          2594   92.05066498
          2595    92.0670353
          2596   92.08340562
          2597   92.09977594
          2598   92.11613586
          2599   92.13249565
          2600   92.14885543
          2601   92.16521521
          2602     92.181575
          2603   92.19793478
          2604   92.21428537
          2605   92.23063463
          2606    92.2469839
          2607   92.26333316
          2608   92.27968242
          2609   92.29603168
          2610   92.31237299
          2611   92.32871174
          2612    92.3450505
          2613   92.36138925
          2614   92.37772801
          2615   92.39406676
          2616   92.41039883
          2617    92.4267271
          2618   92.44305536
          2619   92.45938362
          2620   92.47571188
          2621   92.49204014
          2622   92.50836304
          2623   92.52468082
          2624    92.5409986
          2625   92.55731639
          2626   92.57363417
          2627   92.58995195
          2628   92.60626572
          2629   92.62257304
          2630   92.63888035
          2631   92.65518767
          2632   92.67149499
          2633   92.68780231
          2634     92.704107
          2635   92.72040387
          2636   92.73670073
          2637    92.7529976
          2638   92.76929447
          2639   92.78559134
          2640     92.801887
          2641   92.81817343
          2642   92.83445987
          2643    92.8507463
          2644   92.86703273
          2645   92.88331916
          2646    92.8996056
          2647   92.91588186
          2648   92.93215787
          2649   92.94843388
          2650   92.96470989
          2651    92.9809859
          2652   92.99726191
          2653   93.01352927
          2654   93.02979487
          2655   93.04606048
          2656   93.06232608
          2657   93.07859168
          2658   93.09485728
          2659   93.11111578
          2660   93.12737099
          2661    93.1436262
          2662   93.15988141
          2663   93.17613662
          2664   93.19239183
          2665   93.20864152
          2666   93.22488635
          2667   93.24113118
          2668   93.25737601
          2669   93.27362084
          2670   93.28986567
          2671    93.3061066
          2672   93.32234106
          2673   93.33857553
          2674   93.35480999
          2675   93.37104445
          2676   93.38727892
          2677   93.40351114
          2678   93.41973526
          2679   93.43595937
          2680   93.45218348
          2681   93.46840759
          2682   93.48463171
          2683   93.50085528
          2684   93.51706905
          2685   93.53328283
          2686    93.5494966
          2687   93.56571038
          2688   93.58192415
          2689   93.59813793
          2690   93.61434257
          2691   93.63054602
          2692   93.64674947
          2693   93.66295292
          2694   93.67915637
          2695   93.69535983
          2696   93.71155592
          2697   93.72774906
          2698    93.7439422
          2699   93.76013535
          2700   93.77632849
          2701   93.79252163
          2702   93.80870923
          2703   93.82489208
          2704   93.84107493
          2705   93.85725777
          2706   93.87344062
          2707   93.88962347
          2708   93.90580262
          2709   93.92197519
          2710   93.93814775
          2711   93.95432032
          2712   93.97049288
          2713   93.98666545
          2714   94.00283621
          2715   94.01899851
          2716   94.03516081
          2717    94.0513231
          2718    94.0674854
          2719    94.0836477
          2720      94.09981
          2721   94.11596216
          2722    94.1321142
          2723   94.14826625
          2724   94.16441829
          2725   94.18057033
          2726   94.19672237
          2727   94.21286626
          2728   94.22900806
          2729   94.24514986
          2730   94.26129166
          2731   94.27743347
          2732   94.29357527
          2733   94.30971092
          2734   94.32584249
          2735   94.34197407
          2736   94.35810565
          2737   94.37423722
          2738    94.3903688
          2739   94.40649626
          2740   94.42261762
          2741   94.43873899
          2742   94.45486035
          2743   94.47098172
          2744   94.48710308
          2745    94.5032224
          2746   94.51933357
          2747   94.53544473
          2748    94.5515559
          2749   94.56766706
          2750   94.58377823
          2751   94.59988939
          2752   94.61599044
          2753   94.63209142
          2754    94.6481924
          2755   94.66429338
          2756   94.68039436
          2757   94.69649534
          2758   94.71258836
          2759   94.72867917
          2760   94.74476998
          2761   94.76086079
          2762    94.7769516
          2763   94.79304241
          2764   94.80912745
          2765    94.8252081
          2766   94.84128875
          2767    94.8573694
          2768   94.87345005
          2769    94.8895307
          2770   94.90560781
          2771   94.92167832
          2772   94.93774882
          2773   94.95381933
          2774   94.96988984
          2775   94.98596034
          2776   95.00202957
          2777   95.01808995
          2778   95.03415032
          2779    95.0502107
          2780   95.06627107
          2781   95.08233145
          2782   95.09839182
          2783    95.1144431
          2784   95.13049336
          2785   95.14654361
          2786   95.16259387
          2787   95.17864413
          2788   95.19469439
          2789   95.21073789
          2790   95.22677804
          2791    95.2428182
          2792   95.25885835
          2793   95.27489851
          2794   95.29093867
          2795   95.30697443
          2796    95.3230045
          2797   95.33903456
          2798   95.35506463
          2799   95.37109469
          2800   95.38712476
          2801   95.40315284
          2802   95.41917283
          2803   95.43519282
          2804   95.45121281
          2805    95.4672328
          2806   95.48325279
          2807   95.49927278
          2808   95.51528316
          2809   95.53129309
          2810   95.54730302
          2811   95.56331295
          2812   95.57932287
          2813    95.5953328
          2814   95.61133561
          2815   95.62733548
          2816   95.64333536
          2817   95.65933524
          2818   95.67533512
          2819   95.69133499
          2820   95.70733027
          2821   95.72332011
          2822   95.73930995
          2823    95.7552998
          2824   95.77128964
          2825   95.78727948
          2826   95.80326727
          2827   95.81924709
          2828   95.83522691
          2829   95.85120673
          2830   95.86718655
          2831   95.88316637
          2832   95.89914619
          2833   95.91511653
          2834   95.93108634
          2835   95.94705616
          2836   95.96302597
          2837   95.97899578
          2838   95.99496559
          2839   96.01092855
          2840   96.02688837
          2841   96.04284818
          2842     96.058808
          2843   96.07476781
          2844   96.09072763
          2845   96.10668326
          2846   96.12263309
          2847   96.13858292
          2848   96.15453276
          2849   96.17048259
          2850   96.18643242
          2851   96.20238077
          2852   96.21832063
          2853   96.23426049
          2854   96.25020036
          2855   96.26614022
          2856   96.28208008
          2857   96.29801995
          2858   96.31395109
          2859     96.329881
          2860   96.34581091
          2861   96.36174082
          2862   96.37767073
          2863   96.39360063
          2864   96.40952459
          2865   96.42544456
          2866   96.44136453
          2867   96.45728449
          2868   96.47320446
          2869   96.48912442
          2870   96.50504124
          2871   96.52095128
          2872   96.53686132
          2873   96.55277135
          2874   96.56868139
          2875   96.58459143
          2876   96.60050115
          2877   96.61640127
          2878   96.63230139
          2879   96.64820151
          2880   96.66410163
          2881   96.68000176
          2882   96.69590188
          2883   96.71179465
          2884   96.72768487
          2885   96.74357508
          2886    96.7594653
          2887   96.77535552
          2888   96.79124574
          2889   96.80713152
          2890   96.82301185
          2891   96.83889218
          2892    96.8547725
          2893   96.87065283
          2894   96.88653316
          2895   96.90241199
          2896   96.91828244
          2897    96.9341529
          2898   96.95002335
          2899    96.9658938
          2900   96.98176425
          2901   96.99763471
          2902   97.01349677
          2903   97.02935736
          2904   97.04521795
          2905   97.06107854
          2906   97.07693913
          2907   97.09279972
          2908   97.10865493
          2909   97.12450567
          2910   97.14035641
          2911   97.15620715
          2912   97.17205789
          2913   97.18790863
          2914   97.20375703
          2915   97.21959794
          2916   97.23543884
          2917   97.25127974
          2918   97.26712065
          2919   97.28296155
          2920   97.29880245
          2921   97.31463427
          2922   97.33046535
          2923   97.34629643
          2924   97.36212751
          2925   97.37795859
          2926   97.39378967
          2927   97.40961479
          2928   97.42543606
          2929   97.44125732
          2930   97.45707859
          2931   97.47289986
          2932   97.48872113
          2933   97.50453959
          2934   97.52035106
          2935   97.53616253
          2936     97.551974
          2937   97.56778547
          2938   97.58359694
          2939   97.59940841
          2940   97.61521046
          2941   97.63101215
          2942   97.64681384
          2943   97.66261552
          2944   97.67841721
          2945   97.69421889
          2946   97.71001438
          2947    97.7258063
          2948   97.74159821
          2949   97.75739013
          2950   97.77318204
          2951   97.78897396
          2952   97.80476293
          2953   97.82054508
          2954   97.83632724
          2955   97.85210939
          2956   97.86789155
          2957    97.8836737
          2958   97.89945586
          2959   97.91522861
          2960   97.93100102
          2961   97.94677343
          2962   97.96254584
          2963   97.97831825
          2964   97.99409066
          2965   98.00985698
          2966   98.02561966
          2967   98.04138233
          2968   98.05714501
          2969   98.07290769
          2970   98.08867036
          2971   98.10443031
          2972   98.12018327
          2973   98.13593622
          2974   98.15168918
          2975   98.16744214
          2976   98.18319509
          2977   98.19894805
          2978   98.21469195
          2979    98.2304352
          2980   98.24617845
          2981    98.2619217
          2982   98.27766495
          2983    98.2934082
          2984   98.30914581
          2985   98.32487937
          2986   98.34061293
          2987   98.35634648
          2988   98.37208004
          2989   98.38781359
          2990   98.40354497
          2991   98.41926884
          2992   98.43499271
          2993   98.45071659
          2994   98.46644046
          2995   98.48216434
          2996   98.49788821
          2997   98.51360372
          2998   98.52931792
          2999   98.54503213
          3000   98.56074633
          3001   98.57646054
          3002   98.59217474
          3003    98.6078841
          3004   98.62358865
          3005    98.6392932
          3006   98.65499775
          3007    98.6707023
          3008   98.68640685
          3009    98.7021101
          3010   98.71780501
          3011   98.73349992
          3012   98.74919482
          3013   98.76488973
          3014   98.78058464
          3015   98.79627954
          3016    98.8119671
          3017   98.82765238
          3018   98.84333766
          3019   98.85902293
          3020   98.87470821
          3021   98.89039348
          3022   98.90607503
          3023   98.92175069
          3024   98.93742635
          3025   98.95310201
          3026   98.96877767
          3027   98.98445333
          3028   99.00012891
          3029   99.01579496
          3030   99.03146101
          3031   99.04712707
          3032   99.06279312
          3033   99.07845917
          3034   99.09412523
          3035   99.10978529
          3036   99.12544175
          3037   99.14109821
          3038   99.15675467
          3039   99.17241113
          3040   99.18806759
          3041   99.20372177
          3042   99.21936866
          3043   99.23501554
          3044   99.25066242
          3045    99.2663093
          3046   99.28195618
          3047   99.29760306
          3048   99.31324184
          3049   99.32887916
          3050   99.34451647
          3051   99.36015379
          3052    99.3757911
          3053   99.39142842
          3054   99.40706142
          3055   99.42268918
          3056   99.43831694
          3057    99.4539447
          3058   99.46957246
          3059   99.48520022
          3060   99.50082747
          3061   99.51644569
          3062   99.53206391
          3063   99.54768213
          3064   99.56330034
          3065   99.57891856
          3066   99.59453678
          3067    99.6101488
          3068   99.62575749
          3069   99.64136618
          3070   99.65697487
          3071   99.67258356
          3072   99.68819225
          3073   99.70379862
          3074   99.71939779
          3075   99.73499696
          3076   99.75059614
          3077   99.76619531
          3078   99.78179448
          3079   99.79739365
          3080   99.81298491
          3081   99.82857458
          3082   99.84416424
          3083   99.85975391
          3084   99.87534358
          3085   99.89093325
          3086   99.90651894
          3087   99.92209912
          3088    99.9376793
          3089   99.95325947
          3090   99.96883965
          3091   99.98441982
          3092           100
          3093   100.0155707
          3094   100.0311414
          3095   100.0467121
          3096   100.0622828
          3097   100.0778535
          3098   100.0934242
          3099   100.1089894
          3100   100.1245506
          3101   100.1401119
          3102   100.1556731
          3103   100.1712343
          3104   100.1867956
          3105   100.2023554
          3106   100.2179071
          3107   100.2334589
          3108   100.2490107
          3109   100.2645625
          3110   100.2801142
          3111    100.295666
          3112    100.311211
          3113   100.3267533
          3114   100.3422956
          3115    100.357838
          3116   100.3733803
          3117   100.3889226
          3118   100.4044623
          3119   100.4199952
          3120   100.4355281
          3121    100.451061
          3122   100.4665939
          3123   100.4821268
          3124   100.4976597
          3125   100.5131846
          3126   100.5287081
          3127   100.5442316
          3128   100.5597551
          3129   100.5752785
          3130    100.590802
          3131   100.6063217
          3132   100.6218358
          3133   100.6373498
          3134   100.6528639
          3135    100.668378
          3136   100.6838921
          3137   100.6994062
          3138   100.7149112
          3139   100.7304159
          3140   100.7459206
          3141   100.7614253
          3142     100.77693
          3143   100.7924347
          3144   100.8079345
          3145   100.8234299
          3146   100.8389252
          3147   100.8544205
          3148   100.8699158
          3149   100.8854111
          3150   100.9009058
          3151   100.9163918
          3152   100.9318777
          3153   100.9473637
          3154   100.9628496
          3155   100.9783355
          3156   100.9938215
          3157   101.0093018
          3158   101.0247784
          3159    101.040255
          3160   101.0557316
          3161   101.0712081
          3162   101.0866847
          3163     101.10216
          3164   101.1176272
          3165   101.1330945
          3166   101.1485617
          3167    101.164029
          3168   101.1794962
          3169   101.1949635
          3170   101.2104244
          3171   101.2258823
          3172   101.2413402
          3173   101.2567981
          3174    101.272256
          3175   101.2877139
          3176   101.3031699
          3177   101.3186185
          3178   101.3340671
          3179   101.3495157
          3180   101.3649643
          3181   101.3804129
          3182   101.3958615
          3183   101.4113033
          3184   101.4267425
          3185   101.4421818
          3186   101.4576211
          3187   101.4730604
          3188   101.4884997
          3189   101.5039366
          3190   101.5193666
          3191   101.5347966
          3192   101.5502266
          3193   101.5656565
          3194   101.5810865
          3195   101.5965165
          3196   101.6119393
          3197     101.62736
          3198   101.6427807
          3199   101.6582014
          3200   101.6736221
          3201   101.6890428
          3202   101.7044609
          3203   101.7198723
          3204   101.7352837
          3205   101.7506952
          3206   101.7661066
          3207    101.781518
          3208   101.7969295
          3209   101.8123335
          3210   101.8277357
          3211   101.8431378
          3212     101.85854
          3213   101.8739422
          3214   101.8893444
          3215   101.9047437
          3216   101.9201366
          3217   101.9355296
          3218   101.9509225
          3219   101.9663154
          3220   101.9817083
          3221   101.9971013
          3222   102.0124867
          3223   102.0278704
          3224   102.0432541
          3225   102.0586378
          3226   102.0740215
          3227   102.0894052
          3228    102.104786
          3229   102.1201605
          3230    102.135535
          3231   102.1509094
          3232   102.1662839
          3233   102.1816584
          3234   102.1970328
          3235   102.2123999
          3236   102.2277651
          3237   102.2431304
          3238   102.2584957
          3239   102.2738609
          3240   102.2892262
          3241   102.3045887
          3242   102.3199448
          3243   102.3353008
          3244   102.3506569
          3245    102.366013
          3246    102.381369
          3247   102.3967251
          3248   102.4120739
          3249   102.4274208
          3250   102.4427677
          3251   102.4581146
          3252   102.4734614
          3253   102.4888083
          3254   102.5041527
          3255   102.5194904
          3256   102.5348281
          3257   102.5501658
          3258   102.5655035
          3259   102.5808412
          3260   102.5961789
          3261   102.6115097
          3262   102.6268383
          3263   102.6421668
          3264   102.6574954
          3265   102.6728239
          3266   102.6881524
          3267   102.7034789
          3268   102.7187983
          3269   102.7341177
          3270   102.7494371
          3271   102.7647564
          3272   102.7800758
          3273   102.7953952
          3274   102.8107082
          3275   102.8260185
          3276   102.8413287
          3277    102.856639
          3278   102.8719492
          3279   102.8872595
          3280   102.9025682
          3281   102.9178693
          3282   102.9331704
          3283   102.9484716
          3284   102.9637727
          3285   102.9790738
          3286   102.9943749
          3287   103.0096703
          3288   103.0249623
          3289   103.0402543
          3290   103.0555463
          3291   103.0708383
          3292   103.0861303
          3293   103.1014215
          3294   103.1167044
          3295   103.1319873
          3296   103.1472702
          3297   103.1625531
          3298    103.177836
          3299   103.1931189
          3300   103.2083968
          3301   103.2236706
          3302   103.2389444
          3303   103.2542182
          3304    103.269492
          3305   103.2847659
          3306   103.3000396
          3307   103.3153044
          3308   103.3305691
          3309   103.3458338
          3310   103.3610986
          3311   103.3763633
          3312    103.391628
          3313   103.4068887
          3314   103.4221443
          3315      103.4374
          3316   103.4526557
          3317   103.4679113
          3318    103.483167
          3319   103.4984227
          3320   103.5136702
          3321   103.5289168
          3322   103.5441634
          3323     103.55941
          3324   103.5746566
          3325   103.5899032
          3326   103.6051468
          3327   103.6203844
          3328   103.6356219
          3329   103.6508595
          3330    103.666097
          3331   103.6813346
          3332   103.6965722
          3333   103.7118027
          3334   103.7270313
          3335   103.7422598
          3336   103.7574883
          3337   103.7727168
          3338   103.7879454
          3339    103.803172
          3340   103.8183915
          3341    103.833611
          3342   103.8488305
          3343   103.8640501
          3344   103.8792696
          3345   103.8944891
          3346   103.9097028
          3347   103.9249133
          3348   103.9401238
          3349   103.9553343
          3350   103.9705448
          3351   103.9857553
          3352   104.0009652
          3353   104.0161667
          3354   104.0313682
          3355   104.0465697
          3356   104.0617712
          3357   104.0769727
          3358   104.0921742
          3359   104.1073714
          3360   104.1225639
          3361   104.1377564
          3362   104.1529489
          3363   104.1681414
          3364    104.183334
          3365   104.1985265
          3366   104.2137109
          3367   104.2288944
          3368    104.244078
          3369   104.2592615
          3370    104.274445
          3371   104.2896286
          3372   104.3048093
          3373   104.3199838
          3374   104.3351584
          3375    104.350333
          3376   104.3655076
          3377   104.3806821
          3378   104.3958567
          3379   104.4110248
          3380   104.4261904
          3381    104.441356
          3382   104.4565217
          3383   104.4716873
          3384   104.4868529
          3385   104.5020173
          3386    104.517174
          3387   104.5323307
          3388   104.5474874
          3389   104.5626441
          3390   104.5778008
          3391   104.5929574
          3392   104.6081093
          3393   104.6232571
          3394   104.6384049
          3395   104.6535526
          3396   104.6687004
          3397   104.6838481
          3398   104.6989959
          3399   104.7141353
          3400   104.7292741
          3401    104.744413
          3402   104.7595518
          3403   104.7746906
          3404   104.7898295
          3405   104.8049654
          3406   104.8200953
          3407   104.8352253
          3408   104.8503552
          3409   104.8654851
          3410   104.8806151
          3411    104.895745
          3412   104.9108685
          3413   104.9259896
          3414   104.9411106
          3415   104.9562316
          3416   104.9713527
          3417   104.9864737
          3418   105.0015938
          3419    105.016706
          3420   105.0318181
          3421   105.0469303
          3422   105.0620424
          3423   105.0771546
          3424   105.0922667
          3425   105.1073745
          3426   105.1224778
          3427   105.1375811
          3428   105.1526844
          3429   105.1677877
          3430    105.182891
          3431   105.1979942
          3432   105.2130898
          3433   105.2281843
          3434   105.2432787
          3435   105.2583731
          3436   105.2734675
          3437    105.288562
          3438   105.3036542
          3439   105.3187398
          3440   105.3338254
          3441    105.348911
          3442   105.3639965
          3443   105.3790821
          3444   105.3941677
          3445   105.4092478
          3446   105.4243246
          3447   105.4394013
          3448    105.454478
          3449   105.4695548
          3450   105.4846315
          3451   105.4997082
          3452   105.5147763
          3453   105.5298442
          3454   105.5449121
          3455     105.55998
          3456    105.575048
          3457   105.5901159
          3458   105.6051807
          3459   105.6202398
          3460   105.6352989
          3461    105.650358
          3462   105.6654171
          3463   105.6804762
          3464   105.6955353
          3465   105.7105882
          3466   105.7256385
          3467   105.7406888
          3468   105.7557391
          3469   105.7707894
          3470   105.7858397
          3471   105.8008894
          3472   105.8159309
          3473   105.8309724
          3474   105.8460139
          3475   105.8610554
          3476   105.8760969
          3477   105.8911384
          3478   105.9061763
          3479    105.921209
          3480   105.9362418
          3481   105.9512745
          3482   105.9663072
          3483   105.9813399
          3484   105.9963726
          3485   106.0113987
          3486   106.0264226
          3487   106.0414466
          3488   106.0564705
          3489   106.0714945
          3490   106.0865184
          3491   106.1015415
          3492   106.1165567
          3493   106.1315719
          3494   106.1465871
          3495   106.1616023
          3496   106.1766174
          3497   106.1916326
          3498   106.2066439
          3499   106.2216504
          3500   106.2366568
          3501   106.2516633
          3502   106.2666697
          3503   106.2816762
          3504   106.2966826
          3505   106.3116822
          3506   106.3266799
          3507   106.3416777
          3508   106.3566754
          3509   106.3716731
          3510   106.3866708
          3511   106.4016675
          3512   106.4166565
          3513   106.4316455
          3514   106.4466344
          3515   106.4616234
          3516   106.4766124
          3517   106.4916014
          3518   106.5065865
          3519   106.5215668
          3520   106.5365471
          3521   106.5515273
          3522   106.5665076
          3523   106.5814879
          3524   106.5964681
          3525   106.6114418
          3526   106.6264133
          3527   106.6413849
          3528   106.6563565
          3529    106.671328
          3530   106.6862996
          3531   106.7012704
          3532   106.7162333
          3533   106.7311962
          3534    106.746159
          3535   106.7611219
          3536   106.7760848
          3537   106.7910476
          3538    106.806007
          3539   106.8209612
          3540   106.8359154
          3541   106.8508696
          3542   106.8658238
          3543    106.880778
          3544   106.8957322
          3545   106.9106802
          3546   106.9256257
          3547   106.9405712
          3548   106.9555167
          3549   106.9704623
          3550   106.9854078
          3551   107.0003531
          3552     107.01529
          3553   107.0302268
          3554   107.0451637
          3555   107.0601006
          3556   107.0750374
          3557   107.0899743
          3558   107.1049083
          3559   107.1198365
          3560   107.1347648
          3561    107.149693
          3562   107.1646212
          3563   107.1795494
          3564   107.1944776
          3565   107.2094004
          3566     107.22432
          3567   107.2392396
          3568   107.2541591
          3569   107.2690787
          3570   107.2839983
          3571   107.2989179
          3572   107.3138295
          3573   107.3287404
          3574   107.3436514
          3575   107.3585623
          3576   107.3734733
          3577   107.3883842
          3578   107.4032933
          3579   107.4181956
          3580    107.433098
          3581   107.4480003
          3582   107.4629026
          3583    107.477805
          3584   107.4927073
          3585   107.5076053
          3586    107.522499
          3587   107.5373927
          3588   107.5522865
          3589   107.5671802
          3590   107.5820739
          3591   107.5969677
          3592   107.6118546
          3593   107.6267397
          3594   107.6416249
          3595     107.65651
          3596   107.6713952
          3597   107.6862803
          3598   107.7011648
          3599   107.7160413
          3600   107.7309179
          3601   107.7457945
          3602    107.760671
          3603   107.7755476
          3604   107.7904241
          3605   107.8052977
          3606   107.8201656
          3607   107.8350336
          3608   107.8499016
          3609   107.8647696
          3610   107.8796376
          3611   107.8945056
          3612   107.9093682
          3613   107.9242276
          3614   107.9390871
          3615   107.9539465
          3616   107.9688059
          3617   107.9836654
          3618   107.9985248
          3619   108.0133765
          3620   108.0282274
          3621   108.0430783
          3622   108.0579292
          3623     108.07278
          3624   108.0876309
          3625   108.1024804
          3626   108.1173227
          3627   108.1321651
          3628   108.1470074
          3629   108.1618498
          3630   108.1766921
          3631   108.1915344
          3632   108.2063731
          3633   108.2212069
          3634   108.2360408
          3635   108.2508746
          3636   108.2657084
          3637   108.2805422
          3638    108.295376
          3639    108.310204
          3640   108.3250293
          3641   108.3398546
          3642   108.3546799
          3643   108.3695052
          3644   108.3843305
          3645   108.3991558
          3646   108.4139731
          3647   108.4287898
          3648   108.4436066
          3649   108.4584234
          3650   108.4732402
          3651    108.488057
          3652   108.5028722
          3653   108.5176805
          3654   108.5324888
          3655   108.5472971
          3656   108.5621054
          3657   108.5769137
          3658    108.591722
          3659   108.6065265
          3660   108.6213263
          3661   108.6361261
          3662    108.650926
          3663   108.6657258
          3664   108.6805256
          3665   108.6953254
          3666   108.7101194
          3667   108.7249108
          3668   108.7397021
          3669   108.7544934
          3670   108.7692848
          3671   108.7840761
          3672   108.7988675
          3673    108.813651
          3674   108.8284339
          3675   108.8432167
          3676   108.8579996
          3677   108.8727825
          3678   108.8875654
          3679   108.9023469
          3680   108.9171213
          3681   108.9318958
          3682   108.9466702
          3683   108.9614446
          3684    108.976219
          3685   108.9909935
          3686   109.0057646
          3687   109.0205306
          3688   109.0352966
          3689   109.0500626
          3690   109.0648285
          3691   109.0795945
          3692   109.0943605
          3693   109.1091213
          3694   109.1238788
          3695   109.1386364
          3696   109.1533939
          3697   109.1681515
          3698    109.182909
          3699   109.1976666
          3700   109.2124171
          3701   109.2271662
          3702   109.2419153
          3703   109.2566645
          3704   109.2714136
          3705   109.2861627
          3706   109.3009113
          3707   109.3156521
          3708   109.3303928
          3709   109.3451335
          3710   109.3598742
          3711    109.374615
          3712   109.3893557
          3713   109.4040941
          3714   109.4188264
          3715   109.4335587
          3716    109.448291
          3717   109.4630234
          3718   109.4777557
          3719    109.492488
          3720   109.5072162
          3721   109.5219402
          3722   109.5366641
          3723    109.551388
          3724    109.566112
          3725   109.5808359
          3726   109.5955598
          3727   109.6102779
          3728   109.6249935
          3729    109.639709
          3730   109.6544246
          3731   109.6691402
          3732   109.6838557
          3733   109.6985713
          3734   109.7132793
          3735   109.7279865
          3736   109.7426937
          3737   109.7574008
          3738    109.772108
          3739   109.7868152
          3740   109.8015215
          3741   109.8162204
          3742   109.8309192
          3743    109.845618
          3744   109.8603169
          3745   109.8750157
          3746   109.8897145
          3747   109.9044109
          3748   109.9191014
          3749   109.9337919
          3750   109.9484823
          3751   109.9631728
          3752   109.9778633
          3753   109.9925538
          3754   110.0072402
          3755   110.0219223
          3756   110.0366045
          3757   110.0512866
          3758   110.0659688
          3759   110.0806509
          3760   110.0953331
          3761   110.1100096
          3762   110.1246834
          3763   110.1393572
          3764    110.154031
          3765   110.1687049
          3766   110.1833787
          3767   110.1980525
          3768   110.2127191
          3769   110.2273846
          3770   110.2420501
          3771   110.2567157
          3772   110.2713812
          3773   110.2860467
          3774   110.3007118
          3775    110.315369
          3776   110.3300262
          3777   110.3446834
          3778   110.3593406
          3779   110.3739978
          3780    110.388655
          3781   110.4033104
          3782   110.4179593
          3783   110.4326082
          3784   110.4472571
          3785    110.461906
          3786   110.4765549
          3787   110.4912038
          3788   110.5058494
          3789   110.5204901
          3790   110.5351307
          3791   110.5497713
          3792    110.564412
          3793   110.5790526
          3794   110.5936932
          3795   110.6083291
          3796   110.6229615
          3797   110.6375938
          3798   110.6522262
          3799   110.6668586
          3800   110.6814909
          3801   110.6961233
          3802   110.7107495
          3803   110.7253736
          3804   110.7399977
          3805   110.7546218
          3806   110.7692459
          3807     110.78387
          3808   110.7984941
          3809   110.8131108
          3810   110.8277266
          3811   110.8423425
          3812   110.8569583
          3813   110.8715742
          3814     110.88619
          3815   110.9008054
          3816    110.915413
          3817   110.9300206
          3818   110.9446282
          3819   110.9592358
          3820   110.9738434
          3821    110.988451
          3822   111.0030568
          3823   111.0176562
          3824   111.0322556
          3825   111.0468549
          3826   111.0614543
          3827   111.0760537
          3828    111.090653
          3829   111.1052494
          3830   111.1198406
          3831   111.1344317
          3832   111.1490229
          3833    111.163614
          3834   111.1782052
          3835   111.1927963
          3836   111.2073833
          3837   111.2219662
          3838   111.2365492
          3839   111.2511321
          3840    111.265715
          3841    111.280298
          3842   111.2948809
          3843   111.3094585
          3844   111.3240332
          3845    111.338608
          3846   111.3531827
          3847   111.3677574
          3848   111.3823322
          3849   111.3969069
          3850   111.4114752
          3851   111.4260417
          3852   111.4406083
          3853   111.4551748
          3854   111.4697413
          3855   111.4843079
          3856   111.4988744
          3857   111.5134334
          3858   111.5279918
          3859   111.5425501
          3860   111.5571085
          3861   111.5716669
          3862   111.5862252
          3863   111.6007831
          3864   111.6153333
          3865   111.6298835
          3866   111.6444337
          3867   111.6589839
          3868   111.6735341
          3869   111.6880843
          3870    111.702633
          3871    111.717175
          3872   111.7317171
          3873   111.7462591
          3874   111.7608011
          3875   111.7753432
          3876   111.7898852
          3877   111.8044247
          3878   111.8189586
          3879   111.8334925
          3880   111.8480264
          3881   111.8625603
          3882   111.8770941
          3883    111.891628
          3884   111.9061584
          3885   111.9206842
          3886   111.9352099
          3887   111.9497357
          3888   111.9642614
          3889   111.9787872
          3890   111.9933129
          3891   112.0078342
          3892   112.0223519
          3893   112.0368695
          3894   112.0513871
          3895   112.0659047
          3896   112.0804223
          3897   112.0949399
          3898   112.1094522
          3899   112.1239617
          3900   112.1384712
          3901   112.1529807
          3902   112.1674902
          3903   112.1819997
          3904   112.1965092
          3905   112.2110125
          3906   112.2255139
          3907   112.2400153
          3908   112.2545167
          3909    112.269018
          3910   112.2835194
          3911   112.2980208
          3912   112.3125152
          3913   112.3270085
          3914   112.3415018
          3915    112.355995
          3916   112.3704883
          3917   112.3849816
          3918   112.3994749
          3919   112.4139604
          3920   112.4284456
          3921   112.4429308
          3922    112.457416
          3923   112.4719012
          3924   112.4863863
          3925   112.5008711
          3926   112.5153482
          3927   112.5298253
          3928   112.5443024
          3929   112.5587795
          3930   112.5732566
          3931   112.5877337
          3932   112.6022096
          3933   112.6166787
          3934   112.6311477
          3935   112.6456168
          3936   112.6600858
          3937   112.6745548
          3938   112.6890239
          3939    112.703491
          3940    112.717952
          3941    112.732413
          3942    112.746874
          3943   112.7613349
          3944   112.7757959
          3945   112.7902569
          3946   112.8047153
          3947   112.8191682
          3948   112.8336211
          3949   112.8480741
          3950    112.862527
          3951     112.87698
          3952   112.8914329
          3953   112.9058826
          3954   112.9203275
          3955   112.9347724
          3956   112.9492172
          3957   112.9636621
          3958    112.978107
          3959   112.9925519
          3960    113.006993
          3961   113.0214298
          3962   113.0358667
          3963   113.0503036
          3964   113.0647404
          3965   113.0791773
          3966   113.0936142
          3967   113.1080466
          3968   113.1224754
          3969   113.1369043
          3970   113.1513331
          3971    113.165762
          3972   113.1801908
          3973   113.1946197
          3974   113.2090435
          3975   113.2234643
          3976   113.2378852
          3977    113.252306
          3978   113.2667268
          3979   113.2811477
          3980   113.2955685
          3981   113.3099838
          3982   113.3243967
          3983   113.3388095
          3984   113.3532224
          3985   113.3676352
          3986    113.382048
          3987   113.3964609
          3988   113.4108677
          3989   113.4252725
          3990   113.4396774
          3991   113.4540822
          3992   113.4684871
          3993    113.482892
          3994   113.4972968
          3995   113.5116952
          3996    113.526092
          3997   113.5404889
          3998   113.5548858
          3999   113.5692827
          4000   113.5836795
          4001   113.5980764
          4002   113.6124664
          4003   113.6268553
          4004   113.6412442
          4005   113.6556331
          4006    113.670022
          4007   113.6844109
          4008   113.6987998
          4009   113.7131814
          4010   113.7275623
          4011   113.7419433
          4012   113.7563242
          4013   113.7707052
          4014   113.7850861
          4015   113.7994671
          4016   113.8138403
          4017   113.8282133
          4018   113.8425863
          4019   113.8569593
          4020   113.8713323
          4021   113.8857053
          4022   113.9000783
          4023   113.9144433
          4024   113.9288084
          4025   113.9431734
          4026   113.9575385
          4027   113.9719035
          4028   113.9862686
          4029   114.0006333
          4030   114.0149904
          4031   114.0293475
          4032   114.0437047
          4033   114.0580618
          4034   114.0724189
          4035    114.086776
          4036   114.1011325
          4037   114.1154817
          4038   114.1298309
          4039   114.1441801
          4040   114.1585293
          4041   114.1728785
          4042   114.1872277
          4043   114.2015761
          4044   114.2159174
          4045   114.2302586
          4046   114.2445999
          4047   114.2589412
          4048   114.2732825
          4049   114.2876238
          4050    114.301964
          4051   114.3162974
          4052   114.3306308
          4053   114.3449642
          4054   114.3592976
          4055    114.373631
          4056   114.3879644
          4057   114.4022965
          4058    114.416622
          4059   114.4309475
          4060    114.445273
          4061   114.4595985
          4062    114.473924
          4063   114.4882495
          4064   114.5025736
          4065   114.5168912
          4066   114.5312088
          4067   114.5455264
          4068   114.5598441
          4069   114.5741617
          4070   114.5884793
          4071   114.6027954
          4072   114.6171051
          4073   114.6314149
          4074   114.6457246
          4075   114.6600344
          4076   114.6743441
          4077   114.6886538
          4078    114.702962
          4079   114.7172639
          4080   114.7315657
          4081   114.7458676
          4082   114.7601695
          4083   114.7744714
          4084   114.7887733
          4085   114.8030735
          4086   114.8173675
          4087   114.8316615
          4088   114.8459556
          4089   114.8602496
          4090   114.8745436
          4091   114.8888377
          4092     114.90313
          4093   114.9174162
          4094   114.9317024
          4095   114.9459885
          4096   114.9602747
          4097   114.9745609
          4098   114.9888471
          4099   115.0031316
          4100   115.0174099
          4101   115.0316883
          4102   115.0459667
          4103    115.060245
          4104   115.0745234
          4105   115.0888017
          4106   115.1030784
          4107   115.1173489
          4108   115.1316195
          4109     115.14589
          4110   115.1601605
          4111   115.1744311
          4112   115.1887016
          4113   115.2029705
          4114   115.2172332
          4115   115.2314959
          4116   115.2457587
          4117   115.2600214
          4118   115.2742841
          4119   115.2885468
          4120    115.302808
          4121   115.3170629
          4122   115.3313178
          4123   115.3455728
          4124   115.3598277
          4125   115.3740826
          4126   115.3883375
          4127    115.402591
          4128   115.4168381
          4129   115.4310852
          4130   115.4453324
          4131   115.4595795
          4132   115.4738266
          4133   115.4880737
          4134   115.5023196
          4135   115.5165589
          4136   115.5307982
          4137   115.5450376
          4138   115.5592769
          4139   115.5735163
          4140   115.5877556
          4141   115.6019938
          4142   115.6162254
          4143    115.630457
          4144   115.6446885
          4145   115.6589201
          4146   115.6731516
          4147   115.6873832
          4148   115.7016139
          4149   115.7158377
          4150   115.7300615
          4151   115.7442853
          4152   115.7585091
          4153   115.7727329
          4154   115.7869566
          4155   115.8011798
          4156   115.8153958
          4157   115.8296119
          4158   115.8438279
          4159    115.858044
          4160     115.87226
          4161    115.886476
          4162   115.9006917
          4163      115.9149
          4164   115.9291083
          4165   115.9433166
          4166   115.9575249
          4167   115.9717331
          4168   115.9859414
          4169   116.0001496
          4170   116.0143502
          4171   116.0285508
          4172   116.0427513
          4173   116.0569519
          4174   116.0711524
          4175    116.085353
          4176   116.0995535
          4177   116.1137466
          4178   116.1279394
          4179   116.1421322
          4180   116.1563251
          4181   116.1705179
          4182   116.1847107
          4183   116.1989036
          4184   116.2130893
          4185   116.2272744
          4186   116.2414595
          4187   116.2556446
          4188   116.2698297
          4189   116.2840148
          4190   116.2981999
          4191   116.3123783
          4192   116.3265557
          4193   116.3407331
          4194   116.3549105
          4195   116.3690879
          4196   116.3832653
          4197   116.3974427
          4198   116.4116138
          4199   116.4257835
          4200   116.4399532
          4201   116.4541229
          4202   116.4682926
          4203   116.4824623
          4204    116.496632
          4205   116.5107958
          4206   116.5249578
          4207   116.5391198
          4208   116.5532818
          4209   116.5674438
          4210   116.5816058
          4211   116.5957679
          4212   116.6099245
          4213   116.6240788
          4214   116.6382331
          4215   116.6523875
          4216   116.6665418
          4217   116.6806961
          4218   116.6948504
          4219   116.7089999
          4220   116.7231466
          4221   116.7372932
          4222   116.7514399
          4223   116.7655865
          4224   116.7797332
          4225   116.7938798
          4226   116.8080222
          4227   116.8221611
          4228   116.8363001
          4229   116.8504391
          4230   116.8645781
          4231   116.8787171
          4232   116.8928561
          4233   116.9069913
          4234   116.9211227
          4235    116.935254
          4236   116.9493854
          4237   116.9635167
          4238    116.977648
          4239   116.9917794
          4240   117.0059075
          4241   117.0200312
          4242   117.0341549
          4243   117.0482786
          4244   117.0624023
          4245    117.076526
          4246   117.0906497
          4247   117.1047709
          4248   117.1188869
          4249    117.133003
          4250    117.147119
          4251   117.1612351
          4252   117.1753512
          4253   117.1894672
          4254   117.2035814
          4255   117.2176898
          4256   117.2317983
          4257   117.2459067
          4258   117.2600151
          4259   117.2741236
          4260    117.288232
          4261   117.3023392
          4262     117.31644
          4263   117.3305408
          4264   117.3446417
          4265   117.3587425
          4266   117.3728433
          4267   117.3869442
          4268   117.4010444
          4269   117.4151376
          4270   117.4292309
          4271   117.4433241
          4272   117.4574173
          4273   117.4715105
          4274   117.4856037
          4275   117.4996969
          4276   117.5137827
          4277   117.5278684
          4278    117.541954
          4279   117.5560396
          4280   117.5701252
          4281   117.5842108
          4282   117.5982965
          4283   117.6123754
          4284   117.6264535
          4285   117.6405315
          4286   117.6546095
          4287   117.6686876
          4288   117.6827656
          4289   117.6968436
          4290   117.7109158
          4291   117.7249862
          4292   117.7390567
          4293   117.7531272
          4294   117.7671976
          4295   117.7812681
          4296   117.7953385
          4297   117.8094039
          4298   117.8234668
          4299   117.8375297
          4300   117.8515926
          4301   117.8656555
          4302   117.8797184
          4303   117.8937813
          4304   117.9078399
          4305   117.9218953
          4306   117.9359506
          4307   117.9500059
          4308   117.9640612
          4309   117.9781166
          4310   117.9921719
          4311   118.0062239
          4312   118.0202717
          4313   118.0343194
          4314   118.0483672
          4315    118.062415
          4316   118.0764628
          4317   118.0905105
          4318   118.1045559
          4319   118.1185961
          4320   118.1326363
          4321   118.1466766
          4322   118.1607168
          4323    118.174757
          4324   118.1887973
          4325    118.202836
          4326   118.2168687
          4327   118.2309014
          4328   118.2449341
          4329   118.2589668
          4330   118.2729995
          4331   118.2870322
          4332   118.3010644
          4333   118.3150895
          4334   118.3291147
          4335   118.3431399
          4336   118.3571651
          4337   118.3711903
          4338   118.3852154
          4339   118.3992406
          4340   118.4132587
          4341   118.4272763
          4342    118.441294
          4343   118.4553117
          4344   118.4693293
          4345    118.483347
          4346   118.4973647
          4347   118.5113763
          4348   118.5253864
          4349   118.5393966
          4350   118.5534067
          4351   118.5674169
          4352   118.5814271
          4353   118.5954372
          4354   118.6094423
          4355    118.623445
          4356   118.6374477
          4357   118.6514503
          4358    118.665453
          4359   118.6794557
          4360   118.6934583
          4361    118.707457
          4362   118.7214522
          4363   118.7354473
          4364   118.7494425
          4365   118.7634377
          4366   118.7774329
          4367   118.7914281
          4368   118.8054203
          4369    118.819408
          4370   118.8333957
          4371   118.8473834
          4372   118.8613711
          4373   118.8753588
          4374   118.8893465
          4375   118.9033325
          4376   118.9173127
          4377   118.9312929
          4378   118.9452732
          4379   118.9592534
          4380   118.9732336
          4381   118.9872139
          4382   119.0011935
          4383   119.0151662
          4384    119.029139
          4385   119.0431118
          4386   119.0570845
          4387   119.0710573
          4388   119.0850301
          4389   119.0990029
          4390   119.1129687
          4391    119.126934
          4392   119.1408994
          4393   119.1548647
          4394     119.16883
          4395   119.1827953
          4396   119.1967606
          4397   119.2107202
          4398   119.2246781
          4399    119.238636
          4400   119.2525939
          4401   119.2665518
          4402   119.2805096
          4403   119.2944675
          4404   119.3084209
          4405   119.3223714
          4406   119.3363218
          4407   119.3502723
          4408   119.3642227
          4409   119.3781732
          4410   119.3921236
          4411   119.4060708
          4412   119.4200138
          4413   119.4339569
          4414   119.4478999
          4415   119.4618429
          4416   119.4757859
          4417    119.489729
          4418     119.50367
          4419   119.5176056
          4420   119.5315413
          4421   119.5454769
          4422   119.5594125
          4423   119.5733481
          4424   119.5872837
          4425   119.6012187
          4426   119.6151469
          4427   119.6290751
          4428   119.6430033
          4429   119.6569315
          4430   119.6708597
          4431   119.6847879
          4432   119.6987161
          4433   119.7126376
          4434   119.7265584
          4435   119.7404792
          4436      119.7544
          4437   119.7683208
          4438   119.7822416
          4439   119.7961624
          4440   119.8100779
          4441   119.8239913
          4442   119.8379047
          4443   119.8518181
          4444   119.8657315
          4445    119.879645
          4446   119.8935584
          4447   119.9074678
          4448   119.9213739
          4449   119.9352799
          4450   119.9491859
          4451    119.963092
          4452    119.976998
          4453   119.9909041
          4454   120.0048076
          4455   120.0187062
          4456   120.0326049
          4457   120.0465036
          4458   120.0604022
          4459   120.0743009
          4460   120.0881996
          4461   120.1020971
          4462   120.1159884
          4463   120.1298798
          4464   120.1437711
          4465   120.1576624
          4466   120.1715537
          4467    120.185445
          4468   120.1993363
          4469   120.2132206
          4470   120.2271046
          4471   120.2409885
          4472   120.2548725
          4473   120.2687564
          4474   120.2826404
          4475   120.2965243
          4476   120.3104028
          4477   120.3242794
          4478    120.338156
          4479   120.3520326
          4480   120.3659092
          4481   120.3797859
          4482   120.3936625
          4483   120.4075351
          4484   120.4214044
          4485   120.4352737
          4486   120.4491429
          4487   120.4630122
          4488   120.4768815
          4489   120.4907508
          4490   120.5046176
          4491   120.5184796
          4492   120.5323415
          4493   120.5462035
          4494   120.5600654
          4495   120.5739274
          4496   120.5877893
          4497   120.6016504
          4498    120.615505
          4499   120.6293597
          4500   120.6432143
          4501   120.6570689
          4502   120.6709236
          4503   120.6847782
          4504   120.6986328
          4505   120.7124809
          4506   120.7263282
          4507   120.7401756
          4508   120.7540229
          4509   120.7678702
          4510   120.7817175
          4511   120.7955649
          4512   120.8094072
          4513   120.8232473
          4514   120.8370873
          4515   120.8509273
          4516   120.8647673
          4517   120.8786074
          4518   120.8924474
          4519   120.9062841
          4520   120.9201168
          4521   120.9339496
          4522   120.9477823
          4523   120.9616151
          4524   120.9754478
          4525   120.9892805
          4526   121.0031116
          4527   121.0169371
          4528   121.0307625
          4529    121.044588
          4530   121.0584135
          4531   121.0722389
          4532   121.0860644
          4533   121.0998898
          4534   121.1137081
          4535   121.1275262
          4536   121.1413444
          4537   121.1551626
          4538   121.1689808
          4539    121.182799
          4540   121.1966171
          4541   121.2104298
          4542   121.2242408
          4543   121.2380517
          4544   121.2518626
          4545   121.2656735
          4546   121.2794844
          4547   121.2932954
          4548   121.3071025
          4549   121.3209062
          4550   121.3347099
          4551   121.3485135
          4552   121.3623172
          4553   121.3761208
          4554   121.3899245
          4555   121.4037262
          4556   121.4175226
          4557    121.431319
          4558   121.4451155
          4559   121.4589119
          4560   121.4727083
          4561   121.4865047
          4562    121.500301
          4563   121.5140901
          4564   121.5278793
          4565   121.5416685
          4566   121.5554577
          4567   121.5692468
          4568    121.583036
          4569   121.5968252
          4570   121.6106088
          4571   121.6243908
          4572   121.6381727
          4573   121.6519546
          4574   121.6657366
          4575   121.6795185
          4576   121.6933005
          4577   121.7070787
          4578   121.7208534
          4579   121.7346282
          4580   121.7484029
          4581   121.7621776
          4582   121.7759523
          4583   121.7897271
          4584      121.8035
          4585   121.8172675
          4586    121.831035
          4587   121.8448025
          4588     121.85857
          4589   121.8723375
          4590    121.886105
          4591   121.8998726
          4592   121.9136329
          4593   121.9273932
          4594   121.9411536
          4595   121.9549139
          4596   121.9686742
          4597   121.9824345
          4598   121.9961948
          4599   122.0099499
          4600    122.023703
          4601   122.0374561
          4602   122.0512092
          4603   122.0649624
          4604   122.0787155
          4605   122.0924686
          4606   122.1062184
          4607   122.1199644
          4608   122.1337103
          4609   122.1474562
          4610   122.1612022
          4611   122.1749481
          4612    122.188694
          4613   122.2024387
          4614   122.2161774
          4615   122.2299162
          4616   122.2436549
          4617   122.2573937
          4618   122.2711324
          4619   122.2848712
          4620   122.2986099
          4621   122.3123422
          4622   122.3260738
          4623   122.3398054
          4624    122.353537
          4625   122.3672685
          4626   122.3810001
          4627   122.3947317
          4628   122.4084589
          4629   122.4221833
          4630   122.4359077
          4631   122.4496321
          4632   122.4633565
          4633    122.477081
          4634   122.4908054
          4635   122.5045274
          4636   122.5182447
          4637    122.531962
          4638   122.5456792
          4639   122.5593965
          4640   122.5731138
          4641   122.5868311
          4642    122.600548
          4643   122.6142582
          4644   122.6279683
          4645   122.6416784
          4646   122.6553885
          4647   122.6690986
          4648   122.6828088
          4649   122.6965189
          4650   122.7102237
          4651   122.7239267
          4652   122.7376297
          4653   122.7513327
          4654   122.7650356
          4655   122.7787386
          4656   122.7924416
          4657   122.8061414
          4658   122.8198373
          4659   122.8335331
          4660    122.847229
          4661   122.8609249
          4662   122.8746207
          4663   122.8883166
          4664   122.9020114
          4665   122.9157001
          4666   122.9293889
          4667   122.9430776
          4668   122.9567664
          4669   122.9704551
          4670   122.9841439
          4671   122.9978326
          4672   123.0115154
          4673    123.025197
          4674   123.0388786
          4675   123.0525603
          4676   123.0662419
          4677   123.0799235
          4678   123.0936052
          4679    123.107283
          4680   123.1209575
          4681   123.1346321
          4682   123.1483066
          4683   123.1619811
          4684   123.1756557
          4685   123.1893302
          4686   123.2030032
          4687   123.2166706
          4688   123.2303381
          4689   123.2440055
          4690   123.2576729
          4691   123.2713404
          4692   123.2850078
          4693   123.2986752
          4694   123.3123363
          4695   123.3259966
          4696    123.339657
          4697   123.3533174
          4698   123.3669777
          4699   123.3806381
          4700   123.3942984
          4701   123.4079546
          4702   123.4216079
          4703   123.4352612
          4704   123.4489145
          4705   123.4625678
          4706    123.476221
          4707   123.4898743
          4708   123.5035258
          4709    123.517172
          4710   123.5308182
          4711   123.5444644
          4712   123.5581106
          4713   123.5717568
          4714    123.585403
          4715   123.5990492
          4716   123.6126889
          4717    123.626328
          4718   123.6399672
          4719   123.6536063
          4720   123.6672455
          4721   123.6808846
          4722   123.6945238
          4723   123.7081587
          4724   123.7217908
          4725   123.7354229
          4726    123.749055
          4727   123.7626871
          4728   123.7763192
          4729   123.7899513
          4730   123.8035816
          4731   123.8172066
          4732   123.8308317
          4733   123.8444568
          4734   123.8580818
          4735   123.8717069
          4736   123.8853319
          4737    123.898957
          4738   123.9125756
          4739   123.9261936
          4740   123.9398116
          4741   123.9534296
          4742   123.9670476
          4743   123.9806657
          4744   123.9942837
          4745   124.0078976
          4746   124.0215086
          4747   124.0351196
          4748   124.0487306
          4749   124.0623416
          4750   124.0759526
          4751   124.0895636
          4752    124.103173
          4753    124.116777
          4754    124.130381
          4755   124.1439849
          4756   124.1575889
          4757   124.1711929
          4758   124.1847969
          4759   124.1984009
          4760   124.2119987
          4761   124.2255956
          4762   124.2391926
          4763   124.2527896
          4764   124.2663865
          4765   124.2799835
          4766   124.2935805
          4767   124.3071738
          4768   124.3207637
          4769   124.3343537
          4770   124.3479437
          4771   124.3615336
          4772   124.3751236
          4773   124.3887136
          4774   124.4023024
          4775   124.4158853
          4776   124.4294683
          4777   124.4430513
          4778   124.4566343
          4779   124.4702173
          4780   124.4838002
          4781   124.4973832
          4782   124.5109605
          4783   124.5245365
          4784   124.5381125
          4785   124.5516885
          4786   124.5652645
          4787   124.5788405
          4788   124.5924165
          4789   124.6059894
          4790   124.6195584
          4791   124.6331275
          4792   124.6466965
          4793   124.6602655
          4794   124.6738345
          4795   124.6874035
          4796    124.700972
          4797   124.7145341
          4798   124.7280961
          4799   124.7416582
          4800   124.7552202
          4801   124.7687823
          4802   124.7823443
          4803   124.7959064
          4804   124.8094636
          4805   124.8230187
          4806   124.8365738
          4807   124.8501289
          4808   124.8636839
          4809    124.877239
          4810   124.8907941
          4811    124.904347
          4812   124.9178951
          4813   124.9314433
          4814   124.9449914
          4815   124.9585395
          4816   124.9720877
          4817   124.9856358
          4818    124.999184
          4819   125.0127256
