          -749  -25.19625812
          -748  -25.04567961
          -747  -24.89510992
          -746  -24.74490188
          -745   -24.5950628
          -744   -24.4456621
          -743   -24.2966236
          -742   -24.1480207
          -741  -23.99977045
          -740  -23.85195593
          -739  -23.70448982
          -738  -23.55744641
          -737  -23.41075561
          -736  -23.26447105
          -735  -23.11854646
          -734  -22.97300909
          -733  -22.82784174
          -732  -22.68304009
          -731  -22.53862113
          -730   -22.3945439
          -729   -22.2508646
          -728  -22.10751386
          -727  -21.96455244
          -726  -21.82192923
          -725  -21.67966523
          -724  -21.53776111
          -723  -21.39618383
          -722  -21.25499047
          -721  -21.11411389
          -720  -20.97359859
          -719   -20.8334212
          -718  -20.69356702
          -717  -20.55408076
          -716  -20.41490326
          -715   -20.2760745
          -714  -20.13757693
          -713  -19.99938463
          -712   -19.8615592
          -711  -19.72403477
          -710  -19.58683264
          -709   -19.4499695
          -708  -19.31340294
          -707  -19.17717069
          -706  -19.04125477
          -705  -18.90563109
          -704  -18.77034886
          -703  -18.63536538
          -702  -18.50066987
          -701   -18.3663182
          -700  -18.23225264
          -699  -18.09847344
          -698  -17.96503071
          -697  -17.83186881
          -696  -17.69898828
          -695  -17.56643929
          -694  -17.43416707
          -693  -17.30217047
          -692  -17.17049777
          -691  -17.03910148
          -690  -16.90797684
          -689  -16.77716085
          -688  -16.64662701
          -687  -16.51636092
          -686   -16.3863841
          -685  -16.25669947
          -684  -16.12727874
          -683  -15.99812395
          -682  -15.86927552
          -681  -15.74068723
          -680  -15.61235801
          -679  -15.48431265
          -678  -15.35654409
          -677  -15.22903091
          -676  -15.10177207
          -675  -14.97480785
          -674   -14.8480983
          -673  -14.72163948
          -672  -14.59543783
          -671  -14.46951972
          -670   -14.3438488
          -669  -14.21842406
          -668  -14.09325548
          -667  -13.96836054
          -666  -13.84370833
          -665  -13.71929784
          -664  -13.59513598
          -663  -13.47124465
          -662  -13.34759166
          -661  -13.22417604
          -660  -13.10099684
          -659  -12.97808837
          -658  -12.85541556
          -657  -12.73297586
          -656  -12.61076833
          -655  -12.48880997
          -654  -12.36709872
          -653  -12.24561642
          -652  -12.12436213
          -651  -12.00333495
          -650  -11.88256175
          -649  -11.76201872
          -648  -11.64169965
          -647  -11.52160365
          -646  -11.40172981
          -645  -11.28210561
          -644  -11.16270413
          -643  -11.04352176
          -642  -10.92455762
          -641  -10.80581084
          -640  -10.68730056
          -639  -10.56901467
          -638  -10.45094316
          -637  -10.33308517
          -636  -10.21543987
          -635  -10.09800951
          -634  -9.980813933
          -633  -9.863828132
          -632  -9.747051272
          -631  -9.630482523
          -630  -9.514121063
          -629  -9.397969231
          -628  -9.282044653
          -627  -9.166324547
          -626  -9.050808107
          -625  -8.935494529
          -624  -8.820383011
          -623  -8.705472757
          -622  -8.590777227
          -621  -8.476289481
          -620  -8.362000282
          -619  -8.247908851
          -618   -8.13401441
          -617  -8.020316186
          -616  -7.906813409
          -615   -7.79351526
          -614  -7.680421139
          -613  -7.567519843
          -612  -7.454810618
          -611  -7.342292713
          -610  -7.229965381
          -609  -7.117827877
          -608  -7.005879459
          -607  -6.894128324
          -606  -6.782573424
          -605  -6.671205093
          -604  -6.560022604
          -603  -6.449025235
          -602  -6.338212266
          -601   -6.22758298
          -600  -6.117136664
          -599  -6.006872609
          -598  -5.896794938
          -597  -5.786908171
          -596  -5.677201254
          -595  -5.567673493
          -594  -5.458324195
          -593  -5.349152669
          -592   -5.24015823
          -591  -5.131340194
          -590   -5.02269788
          -589  -4.914230612
          -588  -4.805937713
          -587  -4.697821761
          -586  -4.589887406
          -585  -4.482125138
          -584  -4.374534295
          -583   -4.26711422
          -582  -4.159864257
          -581  -4.052783754
          -580   -3.94587206
          -579  -3.839128531
          -578  -3.732552521
          -577  -3.626143389
          -576  -3.519900498
          -575  -3.413823211
          -574  -3.307910897
          -573  -3.202162924
          -572  -3.096583686
          -571  -2.991170461
          -570  -2.885919452
          -569  -2.780830042
          -568  -2.675901617
          -567  -2.571133563
          -566  -2.466525273
          -565  -2.362076138
          -564  -2.257785556
          -563  -2.153652923
          -562  -2.049677643
          -561  -1.945859117
          -560  -1.842196753
          -559   -1.73868996
          -558  -1.635338148
          -557  -1.532140732
          -556  -1.429097128
          -555  -1.326206756
          -554  -1.223469037
          -553  -1.120883394
          -552  -1.018449256
          -551 -0.9161660495
          -550 -0.8140332074
          -549 -0.7120501633
          -548 -0.6102163536
          -547 -0.5085312171
          -546 -0.4069941951
          -545 -0.3056047311
          -544 -0.2043622714
          -543 -0.1032662642
          -542-0.002316160329
          -541 0.09848858695
          -540  0.1991485222
          -539  0.2996641875
          -538  0.4000360713
          -537  0.5002644891
          -536  0.6003504525
          -535  0.7002944931
          -534  0.8000971401
          -533   0.899758579
          -532  0.9992793407
          -531   1.098660087
          -530   1.197901338
          -529   1.297003616
          -528   1.395967435
          -527   1.494793312
          -526   1.593481758
          -525   1.692033285
          -524   1.790448401
          -523   1.888727612
          -522   1.986871422
          -521   2.084880333
          -520   2.182754844
          -519   2.280495453
          -518   2.378102657
          -517   2.475576947
          -516   2.572918815
          -515   2.670128751
          -514   2.767207241
          -513   2.864154771
          -512   2.960971823
          -511   3.057658879
          -510   3.154216417
          -509   3.250644914
          -508   3.346944846
          -507   3.443116684
          -506   3.539160899
          -505   3.635077961
          -504   3.730868336
          -503   3.826532489
          -502   3.922070883
          -501   4.017483978
          -500   4.112772235
          -499   4.207936109
          -498   4.302976056
          -497   4.397889636
          -496   4.492675945
          -495   4.587339526
          -494   4.681880828
          -493   4.776300295
          -492   4.870598374
          -491   4.964775507
          -490   5.058832135
          -489   5.152768698
          -488   5.246585632
          -487   5.340283373
          -486   5.433862355
          -485   5.527323009
          -484   5.620665766
          -483   5.713891053
          -482   5.806999297
          -481   5.899990911
          -480   5.992856695
          -479   6.085606566
          -478   6.178240942
          -477   6.270760243
          -476   6.363164886
          -475   6.455455285
          -474   6.547631853
          -473   6.639695002
          -472   6.731645142
          -471   6.823482681
          -470   6.915208026
          -469    7.00682158
          -468   7.098321499
          -467    7.18970115
          -466   7.280970087
          -465   7.372128709
          -464   7.463177412
          -463   7.554116594
          -462   7.644946647
          -461   7.735667963
          -460   7.826280934
          -459   7.916785948
          -458   8.007183393
          -457   8.097470296
          -456   8.187640726
          -455   8.277704621
          -454   8.367662362
          -453   8.457514329
          -452   8.547260902
          -451   8.636902457
          -450    8.72643937
          -449   8.815872015
          -448   8.905200764
          -447   8.994418638
          -446   9.083526382
          -445   9.172531228
          -444   9.261433542
          -443   9.350233691
          -442   9.438932039
          -441   9.527528947
          -440   9.616024776
          -439   9.704419887
          -438   9.792705098
          -437    9.88088441
          -436   9.968963968
          -435   10.05694413
          -434   10.14482524
          -433   10.23260767
          -432   10.32029174
          -431   10.40787783
          -430   10.49536023
          -429   10.58273497
          -428   10.67001266
          -427   10.75719364
          -426   10.84427824
          -425   10.93126682
          -424    11.0181597
          -423   11.10495724
          -422   11.19164897
          -421   11.27823951
          -420   11.36473561
          -419   11.45113761
          -418   11.53744583
          -417   11.62366061
          -416   11.70978228
          -415   11.79580577
          -414   11.88172412
          -413   11.96755024
          -412   12.05328447
          -411   12.13892712
          -410   12.22447851
          -409   12.30993898
          -408   12.39530282
          -407   12.48056356
          -406   12.56573423
          -405   12.65081516
          -404   12.73580665
          -403   12.82070902
          -402   12.90552259
          -401   12.99023524
          -400    13.0748526
          -399   13.15938199
          -398   13.24382374
          -397   13.32817814
          -396    13.4124455
          -395   13.49662185
          -394   13.58069591
          -393   13.66468375
          -392    13.7485857
          -391   13.83240204
          -390   13.91613307
          -389   13.99977881
          -388   14.08331939
          -387   14.16677547
          -386   14.25014736
          -385   14.33343535
          -384   14.41663972
          -383   14.49976047
          -382   14.58277719
          -381    14.6657111
          -380   14.74856248
          -379   14.83133163
          -378   14.91401882
          -377   14.99662011
          -376    15.0791224
          -375   15.16154352
          -374   15.24388375
          -373   15.32614337
          -372   15.40832267
          -371   15.49040998
          -370   15.57240707
          -369    15.6543246
          -368   15.73616285
          -367   15.81792208
          -366   15.89960208
          -365   15.98118128
          -364   16.06268222
          -363   16.14410518
          -362   16.22545043
          -361   16.30671822
          -360   16.38789388
          -359   16.46898425
          -358   16.54999791
          -357   16.63093513
          -356   16.71179617
          -355   16.79257215
          -354   16.87325786
          -353   16.95386813
          -352    17.0344032
          -351   17.11486334
          -350   17.19524296
          -349   17.27552985
          -348   17.35574251
          -347   17.43588121
          -346   17.51594621
          -345   17.59593277
          -344   17.67582655
          -343   17.75564733
          -342   17.83539535
          -341   17.91507086
          -340   17.99466762
          -339   18.07417394
          -338   18.15360844
          -337   18.23297137
          -336   18.31226298
          -335   18.39147317
          -334   18.47059755
          -333    18.5496513
          -332   18.62863466
          -331   18.70754785
          -330   18.78637465
          -329   18.86512257
          -328   18.94380101
          -327   19.02241019
          -326   19.10095037
          -325   19.17939693
          -324   19.25777376
          -323   19.33608223
          -322   19.41432259
          -321   19.49248602
          -320    19.5705645
          -319   19.64857551
          -318   19.72651929
          -317   19.80439606
          -316    19.8821847
          -315   19.95990147
          -314   20.03755187
          -313   20.11513613
          -312   20.19264568
          -311   20.27007138
          -310   20.34743157
          -309   20.42472648
          -308   20.50195632
          -307   20.57909642
          -306   20.65616952
          -305   20.73317819
          -304   20.81012264
          -303   20.88698762
          -302   20.96377673
          -301   21.04050224
          -300   21.11716436
          -299    21.1937559
          -298   21.27026406
          -297   21.34670945
          -296   21.42309227
          -295   21.49941204
          -294   21.57564228
          -293   21.65181055
          -292   21.72791707
          -291   21.80396204
          -290   21.87992201
          -289   21.95581614
          -288   22.03164931
          -287   22.10742173
          -286   22.18311376
          -285   22.25873668
          -284   22.33429943
          -283   22.40980222
          -282   22.48522793
          -281   22.56058254
          -280   22.63587776
          -279    22.7111138
          -278    22.7862748
          -277   22.86136396
          -276   22.93639451
          -275   23.01136664
          -274   23.08626452
          -273   23.16109107
          -272   23.23585976
          -271   23.31057079
          -270   23.38520714
          -269   23.45977388
          -268    23.5342835
          -267   23.60873622
          -266   23.68311261
          -265   23.75742229
          -264    23.8316756
          -263   23.90587274
          -262   23.97999073
          -261   24.05404609
          -260   24.12804582
          -259    24.2019901
          -258   24.27585123
          -257   24.34965497
          -256    24.4234038
          -255   24.49709455
          -254   24.57070371
          -253    24.6442585
          -252   24.71775908
          -251   24.79119553
          -250   24.86455767
          -249   24.93786614
          -248   25.01112111
          -247   25.08430477
          -246    25.1574225
          -245   25.23048726
          -244   25.30349922
          -243   25.37643159
          -242    25.4493075
          -241   25.52213111
          -240   25.59489679
          -239    25.6675852
          -238   25.74022183
          -237   25.81280686
          -236   25.88532373
          -235   25.95777472
          -234    26.0301746
          -233   26.10252355
          -232   26.17479309
          -231   26.24700915
          -230   26.31917478
          -229   26.39128024
          -228    26.4633138
          -227   26.53529742
          -226   26.60723125
          -225   26.67909181
          -224   26.75089471
          -223   26.82264832
          -222   26.89434642
          -221    26.9659699
          -220   27.03754457
          -219   27.10907059
          -218   27.18052618
          -217   27.25192319
          -216   27.32327203
          -215   27.39456673
          -214   27.46578735
          -213   27.53696026
          -212   27.60808563
          -211    27.6791402
          -210   27.75013844
          -209    27.8210896
          -208   27.89198486
          -207   27.96280967
          -206   28.03358787
          -205    28.1043196
          -204   28.17497706
          -203   28.24558352
          -202   28.31614397
          -201   28.38664366
          -200   28.45707961
          -199      28.52747
          -198   28.59781254
          -197   28.66807918
          -196   28.73830071
          -195   28.80847728
          -194   28.87858525
          -193   28.94863912
          -192   29.01864847
          -191   29.08860082
          -190   29.15848821
          -189   29.22833153
          -188   29.29812885
          -187   29.36785095
          -186   29.43752941
          -185   29.50716438
          -184   29.57673028
          -183   29.64624505
          -182   29.71571675
          -181   29.78512913
          -180   29.85448136
          -179   29.92379095
          -178   29.99305039
          -177   30.06224123
          -176   30.13138985
          -175    30.2004964
          -174   30.26952753
          -173   30.33851633
          -172   30.40746346
          -171   30.47634313
          -170   30.54517321
          -169   30.61396206
          -168   30.68269084
          -167   30.75136334
          -166     30.819995
          -165   30.88857348
          -164    30.9570895
          -163    31.0255651
          -162   31.09399384
          -161   31.16235449
          -160   31.23067511
          -159   31.29895469
          -158   31.36716105
          -157   31.43532779
          -156   31.50345503
          -155   31.57151195
          -154   31.63952588
          -153   31.70750071
          -152   31.77540989
          -151   31.84327209
          -150   31.91109558
          -149   31.97885759
          -148   32.04656912
          -147   32.11424232
          -146   32.18185772
          -145   32.24941964
          -144   32.31694362
          -143   32.38441296
          -142   32.45182631
          -141   32.51920211
          -140   32.58652595
          -139   32.65379178
          -138   32.72102042
          -137   32.78819932
          -136   32.85531865
          -135   32.92240118
          -134   32.98943568
          -133   33.05640954
          -132   33.12334697
          -131   33.19023762
          -130   33.25706702
          -129   33.32386037
          -128   33.39060771
          -127   33.45729367
          -126   33.52394393
          -125   33.59054851
          -124   33.65709202
          -123   33.72360019
          -122   33.79006255
          -121   33.85646461
          -120   33.92283169
          -119   33.98915236
          -118   34.05541394
          -117   34.12164091
          -116   34.18782043
          -115   34.25394252
          -114   34.32003035
          -113   34.38606924
          -112   34.45205281
          -111   34.51800247
          -110   34.58390127
          -109   34.64974728
          -108   34.71555973
          -107   34.78131895
          -106   34.84702836
          -105   34.91270455
          -104   34.97832473
          -103   35.04389849
          -102   35.10943936
          -101   35.17492102
          -100   35.24036006
           -99   35.30576656
           -98   35.37111021
           -97   35.43641547
           -96   35.50168853
           -95   35.56689468
           -94   35.63206709
           -93   35.69720469
           -92    35.7622768
           -91   35.82731727
           -90   35.89231815
           -89   35.95725892
           -88   36.02216837
           -87   36.08703303
           -86   36.15184336
           -85    36.2166227
           -84   36.28135166
           -83   36.34603244
           -82   36.41068257
           -81   36.47527632
           -80   36.53982846
           -79   36.60435027
           -78   36.66880932
           -77   36.73323371
           -76    36.7976256
           -75   36.86195292
           -74   36.92625044
           -73   36.99050838
           -72   37.05470939
           -71   37.11888091
           -70   37.18300539
           -69   37.24708097
           -68   37.31112736
           -67   37.37511888
           -66   37.43906988
           -65     37.502992
           -64   37.56685105
           -63   37.63067833
           -62   37.69447132
           -61    37.7582041
           -60   37.82190852
           -59   37.88556977
           -58   37.94918023
           -57   38.01276262
           -56   38.07629262
           -55    38.1397816
           -54   38.20324281
           -53   38.26664204
           -52   38.33001037
           -51    38.3933444
           -50   38.45662018
           -49   38.51986869
           -48   38.58307266
           -47   38.64622915
           -46   38.70935868
           -45   38.77243307
           -44    38.8354711
           -43   38.89848089
           -42   38.96142774
           -41   39.02434811
           -40   39.08722904
           -39   39.15005876
           -38   39.21286228
           -37   39.27561482
           -36   39.33832821
           -35   39.40101568
           -34    39.4636403
           -33   39.52623815
           -32   39.58879898
           -31   39.65130753
           -30   39.71379065
           -29   39.77622425
           -28   39.83861858
           -27   39.90098774
           -26   39.96329458
           -25   40.02557545
           -24   40.08781909
           -23   40.15001198
           -22   40.21218017
           -21   40.27429774
           -20   40.33637846
           -19   40.39843316
           -18    40.4604267
           -17   40.52239601
           -16   40.58432533
           -15   40.64620796
           -14   40.70806662
           -13   40.76987102
           -12   40.83164349
           -11   40.89338559
           -10   40.95507217
            -9   41.01673524
            -8   41.07835309
            -7   41.13993075
            -6   41.20148516
            -5   41.26297921
            -4    41.3244487
            -3   41.38588102
            -2   41.44726588
            -1   41.50862793
             0   41.56993712
             1   41.63121502
             2   41.69246282
             3   41.75365687
             4   41.81482854
             5   41.87595387
             6   41.93704215
             7   41.99810642
             8   42.05911162
             9   42.12009486
            10   42.18103732
            11   42.24193795
            12   42.30281686
            13   42.36363796
            14   42.42443472
            15    42.4851953
            16   42.54591018
            17   42.60660378
            18   42.66724365
            19   42.72785583
            20    42.7884355
            21   42.84896656
            22   42.90947674
            23   42.96993635
            24   43.03036586
            25   43.09076559
            26    43.1511147
            27   43.21144335
            28   43.27172367
            29   43.33197237
            30   43.39219314
            31   43.45236216
            32   43.51251114
            33   43.57261312
            34   43.63268287
            35   43.69272562
            36   43.75271641
            37   43.81268754
            38   43.87261215
            39   43.93250477
            40   43.99237047
            41   44.05218484
            42   44.11197996
            43   44.17172813
            44   44.23144544
            45   44.29113502
            46   44.35077478
            47   44.41039567
            48   44.46996836
            49   44.52951214
            50   44.58902654
            51   44.64849348
            52   44.70794193
            53   44.76734006
            54   44.82671209
            55   44.88605224
            56   44.94534812
            57   45.00462588
            58   45.06385038
            59   45.12305241
            60   45.18221924
            61    45.2413458
            62   45.30045461
            63    45.3595064
            64   45.41854017
            65   45.47753459
            66   45.53649356
            67   45.59543072
            68   45.65431514
            69   45.71318235
            70   45.77200528
            71   45.83079836
            72   45.88956433
            73   45.94828354
            74   46.00698588
            75   46.06563823
            76   46.12426711
            77   46.18286279
            78   46.24141846
            79   46.29995758
            80   46.35844028
            81   46.41690663
            82   46.47533292
            83   46.53372671
            84   46.59209674
            85   46.65041821
            86   46.70872368
            87   46.76698148
            88   46.82521503
            89   46.88341686
            90   46.94157874
            91    46.9997247
            92   47.05781515
            93   47.11589009
            94    47.1739246
            95   47.23192851
            96   47.28990744
            97   47.34784055
            98   47.40575849
            99   47.46362656
           100    47.5214741
           101   47.57928688
           102   47.63706425
           103   47.69482184
           104   47.75252928
           105   47.81022202
           106   47.86786953
           107   47.92549272
           108   47.98308532
           109   48.04063921
           110   48.09817701
           111   48.15566182
           112   48.21313242
           113   48.27056088
           114   48.32796278
           115   48.38533673
           116   48.44267016
           117   48.49998968
           118   48.55725488
           119   48.61450632
           120   48.67171727
           121   48.72890084
           122   48.78605766
           123    48.8431736
           124    48.9002761
           125   48.95732491
           126   49.01436015
           127   49.07135509
           128   49.12832329
           129   49.18526447
           130   49.24216586
           131   49.29905336
           132   49.35588817
           133   49.41271012
           134   49.46949055
           135   49.52624628
           136   49.58297331
           137   49.63966304
           138   49.69633677
           139   49.75296072
           140   49.80957225
           141   49.86613964
           142   49.92268575
           143   49.97920012
           144   50.03568103
           145   50.09214245
           146   50.14855839
           147   50.20496232
           148   50.26131815
           149   50.31765746
           150   50.37396062
           151   50.43023551
           152    50.4864861
           153   50.54269681
           154   50.59889491
           155   50.65504165
           156   50.71117693
           157   50.76727034
           158   50.82334199
           159   50.87938318
           160   50.93539142
           161   50.99138048
           162   51.04732552
           163   51.10325952
           164    51.1591446
           165   51.21501574
           166   51.27084897
           167   51.32665745
           168   51.38243891
           169   51.43818496
           170   51.49391473
           171   51.54959855
           172   51.60527186
           173   51.66089854
           174   51.71650995
           175   51.77208522
           176   51.82763494
           177   51.88315888
           178   51.93864712
           179   51.99411982
           180   52.04954678
           181   52.10496375
           182   52.16033423
           183   52.21569026
           184   52.27100976
           185   52.32630504
           186   52.38157365
           187   52.43680839
           188    52.4920262
           189   52.54720061
           190   52.60236553
           191   52.65748198
           192   52.71258688
           193   52.76765279
           194   52.82269788
           195   52.87771332
           196    52.9326988
           197   52.98766388
           198   53.04258995
           199   53.09750473
           200   53.15237159
           201   53.20722955
           202   53.26204401
           203   53.31684308
           204   53.37160751
           205   53.42634788
           206   53.48106235
           207   53.53574422
           208   53.59040883
           209   53.64503239
           210   53.69964722
           211   53.75421267
           212   53.80876982
           213   53.86328534
           214   53.91778469
           215   53.97225067
           216   54.02669241
           217   54.08110895
           218   54.13549327
           219   54.18986045
           220   54.24418754
           221   54.29850544
           222    54.3527755
           223   54.40703783
           224   54.46125743
           225   54.51546302
           226   54.56963358
           227   54.62378264
           228   54.67790425
           229   54.73199695
           230   54.78606969
           231   54.84010622
           232   54.89413019
           233   54.94811074
           234   55.00208412
           235   55.05601076
           236   55.10992846
           237   55.16380656
           238   55.21766876
           239    55.2714984
           240   55.32530529
           241   55.37908656
           242   55.43283831
           243   55.48657128
           244   55.54026809
           245   55.59395285
           246    55.6475949
           247   55.70123042
           248   55.75481899
           249   55.80840004
           250   55.86194064
           251   55.91546739
           252    55.9689601
           253   56.02243273
           254   56.07587763
           255   56.12929633
           256   56.18269349
           257   56.23605845
           258   56.28940795
           259   56.34271933
           260   56.39602126
           261   56.44927925
           262   56.50253143
           263   56.55573845
           264   56.60893751
           265    56.6620972
           266   56.71524332
           267   56.76835575
           268   56.82144911
           269   56.87451435
           270   56.92755512
           271   56.98057327
           272   57.03356162
           273   57.08653274
           274   57.13946886
           275   57.19239303
           276   57.24527708
           277   57.29815439
           278   57.35098655
           279   57.40381369
           280    57.4565975
           281   57.50937302
           282    57.5621102
           283   57.61483426
           284   57.66752488
           285   57.72019767
           286    57.7728418
           287   57.82546348
           288   57.87806121
           289   57.93063194
           290   57.98318334
           291    58.0357033
           292   58.08820846
           293   58.14067781
           294   58.19313679
           295   58.24555571
           296   58.29796859
           297   58.35033724
           298   58.40270173
           299   58.45502264
           300   58.50733712
           301   58.55961217
           302    58.6118768
           303   58.66410605
           304     58.716321
           305   58.76850453
           306   58.82066997
           307   58.87280786
           308   58.92492394
           309   58.97701626
           310   59.02908316
           311   59.08112998
           312   59.13314785
           313   59.18514926
           314   59.23711827
           315   59.28907433
           316   59.34099464
           317   59.39290543
           318    59.4447772
           319   59.49664279
           320   59.54846618
           321    59.6002864
           322   59.65206182
           323   59.70383391
           324   59.75556436
           325   59.80728847
           326   59.85897402
           327   59.91065032
           328   59.96229104
           329   60.01391968
           330   60.06551565
           331   60.11709679
           332   60.16864807
           333   60.22018188
           334   60.27168855
           335   60.32317517
           336   60.37463731
           337    60.4260769
           338   60.47749457
           339   60.52888729
           340   60.58026057
           341   60.63160657
           342   60.68293553
           343   60.73423496
           344   60.78551968
           345    60.8367727
           346   60.88801325
           347   60.93922001
           348   60.99041646
           349   61.04157711
           350   61.09272953
           351   61.14384423
           352   61.19495269
           353   61.24602159
           354   61.29708616
           355   61.34810941
           356   61.39913016
           357   61.45010791
           358   61.50108399
           359   61.55201733
           360   61.60294813
           361   61.65383786
           362   61.70472355
           363   61.75556974
           364   61.80641046
           365   61.85721319
           366   61.90800908
           367   61.95876842
           368   62.00951963
           369   62.06023565
           370   62.11094233
           371    62.1616151
           372    62.2122774
           373   62.26290699
           374   62.31352505
           375   62.36411153
           376    62.4146855
           377   62.46522893
           378   62.51575895
           379   62.56625941
           380   62.61674563
           381   62.66720319
           382   62.71764575
           383   62.76806048
           384   62.81845953
           385   62.86883148
           386   62.91918716
           387   62.96951642
           388   63.01982887
           389   63.07011551
           390   63.12038487
           391   63.17062894
           392   63.22085536
           393   63.27105694
           394   63.32124056
           395   63.37139972
           396   63.42154067
           397   63.47165748
           398   63.52175591
           399   63.57183043
           400   63.62188648
           401   63.67191878
           402   63.72193258
           403   63.77192273
           404   63.82189443
           405   63.87184249
           406   63.92177223
           407   63.97167828
           408   64.02156618
           409   64.07143028
           410   64.12127649
           411   64.17109871
           412   64.22090337
           413   64.27068377
           414   64.32044702
           415   64.37018567
           416   64.41990763
           417    64.4696046
           418   64.51928541
           419   64.56894077
           420   64.61858057
           421   64.66819438
           422    64.7177933
           423   64.76736563
           424   64.81692381
           425   64.86645472
           426   64.91597229
           427   64.96546186
           428   65.01493895
           429   65.06438723
           430   65.11382397
           431   65.16323103
           432   65.21262757
           433   65.26199348
           434   65.31134993
           435   65.36067475
           436   65.40999126
           437   65.45927506
           438   65.50855175
           439   65.55779459
           440   65.60703159
           441   65.65623354
           442   65.70543098
           443   65.75459211
           444   65.80375012
           445   65.85287048
           446   65.90198919
           447   65.95106886
           448    66.0001484
           449   66.04918743
           450   66.09822647
           451    66.1472264
           452   66.19622486
           453   66.24518594
           454    66.2941439
           455   66.34306626
           456   66.39198378
           457   66.44086754
           458   66.48974468
           459   66.53858997
           460    66.5874268
           461   66.63623374
           462   66.68503033
           463   66.73379905
           464   66.78255545
           465   66.83128608
           466   66.88000235
           467   66.92869501
           468   66.97737123
           469   67.02602604
           470   67.07466227
           471   67.12327936
           472   67.17187565
           473   67.22045514
           474   67.26901156
           475   67.31755358
           476   67.36607019
           477   67.41457485
           478   67.46305172
           479   67.51151916
           480   67.55995634
           481   67.60838667
           482   67.65678423
           483   67.70517757
           484   67.75353558
           485   67.80189204
           486   67.85021056
           487   67.89852908
           488   67.94680936
           489   67.99508845
           490   68.04333216
           491   68.09157188
           492   68.13977915
           493   68.18797955
           494    68.2361505
           495   68.28431165
           496   68.33244639
           497   68.38056836
           498     68.428667
           499   68.47674985
           500   68.52481252
           501    68.5728563
           502   68.62088312
           503    68.6688879
           504   68.71687897
           505   68.76484481
           506   68.81280027
           507   68.86072722
           508   68.90864717
           509   68.95653531
           510   69.00441987
           511   69.05226925
           512   69.10011853
           513   69.14792921
           514   69.19573989
           515   69.24351537
           516   69.29128741
           517   69.33902791
           518   69.38676137
           519     69.434467
           520   69.48216194
           521   69.52983281
           522    69.5774893
           523   69.62512553
           524   69.67274361
           525   69.72034531
           526   69.76792506
           527   69.81549233
           528    69.8630338
           529   69.91056677
           530   69.95807002
           531    70.0055688
           532   70.05303389
           533   70.10049857
           534   70.14792556
           535   70.19535255
           536   70.24274523
           537   70.29013418
           538   70.33749305
           539   70.38484401
           540   70.43216919
           541   70.47948223
           542   70.52677383
           543     70.574049
           544   70.62130712
           545   70.66854449
           546   70.71576925
           547   70.76296887
           548   70.81016037
           549    70.8573223
           550   70.90448065
           551   70.95160495
           552   70.99872925
           553   71.04581699
           554   71.09290372
           555   71.13995858
           556   71.18700779
           557   71.23402989
           558   71.28104164
           559   71.32803107
           560   71.37500543
           561   71.42196231
           562   71.46889932
           563   71.51582375
           564   71.56272348
           565   71.60961557
           566   71.65647807
           567   71.70333792
           568   71.75016325
           569   71.79698858
           570   71.84377918
           571    71.8905674
           572   71.93732603
           573   71.98407719
           574   72.03080396
           575   72.07751812
           576   72.12421313
           577   72.17089035
           578   72.21755369
           579   72.26419403
           580   72.31082581
           581   72.35742932
           582   72.40402965
           583   72.45059638
           584   72.49716312
           585   72.54369538
           586   72.59022541
           587   72.63672647
           588   72.68321983
           589   72.72968981
           590   72.77614657
           591   72.82258555
           592   72.86900576
           593   72.91541385
           594   72.96179757
           595   73.00817487
           596   73.05452216
           597   73.10086876
           598   73.14717967
           599   73.19349058
           600   73.23977027
           601   73.28604486
           602   73.33229412
           603   73.37853243
           604   73.42475135
           605   73.47095346
           606   73.51714213
           607   73.56330808
           608   73.60946662
           609   73.65559647
           610   73.70172496
           611   73.74781876
           612   73.79391256
           613   73.83997512
           614   73.88603292
           615   73.93206569
           616   73.97808755
           617   74.02409062
           618   74.07007661
           619   74.11605008
           620   74.16200024
           621    74.2079442
           622   74.25385859
           623   74.29977297
           624   74.34565181
           625   74.39153047
           626   74.43738005
           627   74.48322305
           628   74.52904347
           629   74.57485086
           630   74.62064221
           631   74.66641404
           632   74.71217642
           633   74.75791275
           634   74.80364625
           635   74.84934713
           636     74.895048
           637   74.94071732
           638    74.9863828
           639   75.03202348
           640   75.07765363
           641   75.12326576
           642   75.16886061
           643   75.21444429
           644   75.26000391
           645   75.30555923
           646   75.35108367
           647   75.39660811
           648   75.44210003
           649   75.48758934
           650   75.53305314
           651   75.57850738
           652   75.62394315
           653   75.66936236
           654   75.71477019
           655   75.76015443
           656   75.80553441
           657   75.85088373
           658   75.89623306
           659   75.94155041
           660   75.98686487
           661   76.03215461
           662   76.07743426
           663   76.12269647
           664   76.16794136
           665   76.21317614
           666   76.25838632
           667   76.30359375
           668   76.34876927
           669    76.3939448
           670   76.43909037
           671   76.48423129
           672   76.52934974
           673   76.57445611
           674   76.61954753
           675   76.66461941
           676   76.70968388
           677   76.75472131
           678   76.79975874
           679   76.84476196
           680     76.889765
           681    76.9347415
           682   76.97971019
           683   77.02466007
           684   77.06959447
           685    77.1145178
           686   77.15941796
           687   77.20431483
           688   77.24918081
           689   77.29404678
           690   77.33888314
           691   77.38371498
           692   77.42852511
           693   77.47332285
           694   77.51810684
           695   77.56287055
           696   77.60762846
           697   77.65235819
           698   77.69708792
           699   77.74178592
           700   77.78648172
           701   77.83115387
           702   77.87581579
           703   77.92046218
           704   77.96509026
           705   78.00971098
           706   78.05430528
           707   78.09889957
           708   78.14346097
           709   78.18802154
           710   78.23255747
           711   78.27708436
           712   78.32159492
           713   78.36608817
           714   78.41057343
           715    78.4550331
           716   78.49949277
           717    78.5439193
           718   78.58834543
           719   78.63274688
           720   78.67713953
           721   78.72151598
           722    78.7658752
           723   78.81022673
           724   78.85455258
           725   78.89887842
           726   78.94317178
           727   78.98746429
           728   79.03173294
           729   79.07599217
           730    79.1202362
           731   79.16446219
           732   79.20868167
           733   79.25287449
           734    79.2970673
           735   79.34122918
           736   79.38538886
           737    79.4295264
           738   79.47365299
           739   79.51776628
           740   79.56185983
           741   79.60594894
           742   79.65000951
           743   79.69407008
           744   79.73810214
           745   79.78212977
           746   79.82613787
           747   79.87013261
           748    79.9141168
           749    79.9580787
           750   80.00203908
           751   80.04596819
           752    80.0898973
           753   80.13380119
           754   80.17769755
           755   80.22157783
           756    80.2654415
           757   80.30929824
           758   80.35312926
           759   80.39696028
           760   80.44076096
           761   80.48455938
           762   80.52833673
           763    80.5721026
           764   80.61585668
           765   80.65959005
           766   80.70332095
           767   80.74702186
           768   80.79072277
           769   80.83439815
           770   80.87806665
           771   80.92171905
           772   80.96535519
           773   81.00898468
           774   81.05258851
           775   81.09619234
           776   81.13976672
           777   81.18333829
           778   81.22688995
           779    81.2704293
           780   81.31395833
           781   81.35746551
           782   81.40097197
           783   81.44444702
           784   81.48792208
           785   81.53137397
           786   81.57481695
           787   81.61824646
           788   81.66165741
           789   81.70506463
           790    81.7484436
           791   81.79182257
           792   81.83517562
           793   81.87852266
           794    81.9218536
           795   81.96516875
           796   82.00847766
           797   82.05176096
           798   82.09504427
           799   82.13829942
           800   82.18155092
           801   82.22478423
           802   82.26800399
           803   82.31121552
           804   82.35440358
           805   82.39759164
           806   82.44074981
           807   82.48390621
           808   82.52704279
           809   82.57016759
           810   82.61328266
           811   82.65637589
           812   82.69946912
           813   82.74253122
           814   82.78559294
           815   82.82863371
           816   82.87166395
           817   82.91468346
           818   82.95768228
           819    83.0006806
           820   83.04364804
           821   83.08661548
           822   83.12956135
           823   83.17249745
           824   83.21542231
           825   83.25832713
           826   83.30123105
           827   83.34410462
           828    83.3869782
           829   83.42983005
           830   83.47267243
           831   83.51550352
           832   83.55831475
           833   83.60112515
           834   83.64390527
           835   83.68668539
           836   83.72944412
           837   83.77219317
           838   83.81493139
           839   83.85764943
           840   83.90036721
           841   83.94305428
           842   83.98574135
           843   84.02840782
           844   84.07106396
           845   84.11371017
           846   84.15633544
           847    84.1989607
           848   84.24155588
           849    84.2841503
           850   84.32672539
           851   84.36928903
           852    84.4118441
           853   84.45437698
           854   84.49690987
           855   84.53941428
           856   84.58191646
           857   84.62440103
           858   84.66687255
           859   84.70933734
           860   84.75177825
           861   84.79421916
           862   84.83663367
           863     84.879044
           864    84.9214389
           865   84.96381871
           866   85.00619407
           867    85.0485434
           868   85.09089273
           869   85.13321817
           870   85.17553706
           871   85.21784313
           872   85.26013163
           873   85.30241839
           874   85.34467654
           875   85.38693469
           876   85.42917191
           877   85.47139975
           878   85.51361782
           879    85.5558154
           880   85.59801298
           881   85.64018177
           882   85.68234913
           883   85.72449894
           884   85.76663613
           885   85.80876704
           886   85.85087409
           887   85.89298114
           888   85.93506312
           889   85.97714008
           890   86.01920332
           891   86.06125024
           892    86.1032948
           893   86.14531172
           894   86.18732863
           895   86.22932462
           896   86.27131157
           897   86.31328905
           898   86.35524609
           899   86.39720313
           900   86.43913228
           901   86.48105944
           902   86.52297025
           903   86.56486759
           904   86.60676011
           905   86.64862765
           906    86.6904952
           907   86.73233975
           908   86.77417755
           909   86.81600397
           910   86.85781207
           911   86.89962016
           912   86.94139887
           913    86.9831773
           914   87.02493805
           915   87.06668686
           916    87.1084297
           917   87.15014894
           918   87.19186818
           919   87.23356365
           920   87.27525335
           921   87.31693107
           922   87.35859129
           923   87.40025133
           924   87.44188209
           925   87.48351286
           926   87.52512586
           927   87.56672722
           928    87.6083227
           929   87.64989469
           930   87.69146669
           931   87.73301537
           932   87.77455804
           933   87.81608936
           934   87.85760275
           935   87.89911614
           936   87.94060091
           937   87.98208506
           938   88.02355261
           939   88.06500756
           940   88.10645797
           941   88.14788376
           942   88.18930955
           943   88.23071374
           944   88.27211042
           945   88.31349761
           946   88.35486521
           947   88.39623281
           948   88.43757402
           949   88.47891259
           950   88.52023696
           951   88.56154653
           952   88.60285411
           953   88.64413474
           954   88.68541536
           955   88.72667729
           956   88.76792901
           957    88.8091743
           958   88.85039715
           959      88.89162
           960   88.93281988
           961    88.9740139
           962    89.0151973
           963   89.05636253
           964   89.09752777
           965   89.13866598
           966   89.17980247
           967   89.22092435
           968   89.26203213
           969   89.30313772
           970   89.34421684
           971   89.38529596
           972    89.4263567
           973   89.46740719
           974    89.5084518
           975   89.54947371
           976   89.59049562
           977    89.6314956
           978   89.67248896
           979   89.71347296
           980   89.75443782
           981   89.79540268
           982   89.83634228
           983   89.87727868
           984   89.91820243
           985   89.95911041
           986   90.00001838
           987   90.04089797
           988   90.08177757
           989   90.12264146
           990   90.16349271
           991   90.20434095
           992    90.2451639
           993   90.28598685
           994   90.32679124
           995   90.36758593
           996   90.40837482
           997   90.44914128
           998   90.48990774
           999     90.530653
          1000   90.57139128
          1001   90.61212118
          1002   90.65283132
          1003   90.69354146
          1004   90.73422795
          1005   90.77490998
          1006   90.81558126
          1007   90.85623522
          1008   90.89688919
          1009   90.93751728
          1010   90.97814322
          1011   91.01875623
          1012   91.05935419
          1013   91.09995215
          1014   91.14052219
          1015    91.1810922
          1016   91.22164731
          1017   91.26218941
          1018   91.30272963
          1019   91.34324386
          1020    91.3837581
          1021   91.42425566
          1022   91.46474206
          1023   91.50522488
          1024   91.54568349
          1025    91.5861421
          1026   91.62658247
          1027   91.66701333
          1028   91.70743909
          1029   91.74784224
          1030   91.78824539
          1031   91.82862891
          1032   91.86900439
          1033   91.90937344
          1034   91.94972128
          1035   91.99006912
          1036   92.03039615
          1037    92.0707164
          1038    92.1110291
          1039   92.15132178
          1040   92.19161446
          1041   92.23188535
          1042   92.27215052
          1043   92.31240721
          1044   92.35264489
          1045   92.39288257
          1046   92.43309767
          1047   92.47330791
          1048   92.51350893
          1049   92.55369177
          1050    92.5938746
          1051   92.63403424
          1052   92.67418971
          1053   92.71433541
          1054   92.75446355
          1055   92.79459169
          1056   92.83469622
          1057   92.87479707
          1058   92.91488779
          1059   92.95496139
          1060   92.99503498
          1061   93.03508474
          1062   93.07513112
          1063    93.1151672
          1064    93.1551864
          1065   93.19520561
          1066   93.23520092
          1067   93.27519299
          1068   93.31517476
          1069   93.35513973
          1070   93.39510469
          1071   93.43504591
          1072   93.47498381
          1073   93.51491161
          1074   93.55482248
          1075   93.59473335
          1076    93.6346208
          1077   93.67450468
          1078   93.71437885
          1079   93.75423578
          1080   93.79409271
          1081   93.83392672
          1082   93.87375674
          1083   93.91357759
          1084   93.95338073
          1085   93.99318387
          1086   94.03296477
          1087   94.07274107
          1088   94.11250894
          1089   94.15225844
          1090   94.19200794
          1091   94.23173605
          1092   94.27145879
          1093     94.311174
          1094      94.35087
          1095   94.39056601
          1096   94.43024167
          1097   94.46991098
          1098   94.50957386
          1099   94.54921652
          1100   94.58885918
          1101    94.6284827
          1102   94.66809874
          1103    94.7077096
          1104   94.74729906
          1105   94.78688852
          1106   94.82646023
          1107   94.86602315
          1108   94.90558232
          1109   94.94511873
          1110   94.98465513
          1111   95.02417534
          1112   95.06368528
          1113   95.10319308
          1114   95.14267658
          1115   95.18216008
          1116   95.22162911
          1117   95.26108621
          1118   95.30054295
          1119   95.33997369
          1120   95.37940443
          1121   95.41882259
          1122   95.45822701
          1123   95.49763142
          1124   95.53701112
          1125   95.57638925
          1126   95.61575686
          1127   95.65510873
          1128    95.6944606
          1129   95.73378994
          1130    95.7731156
          1131   95.81243296
          1132   95.85173243
          1133   95.89103191
          1134    95.9303112
          1135   95.96958452
          1136   96.00885196
          1137   96.04809917
          1138   96.08734639
          1139   96.12657593
          1140   96.16579707
          1141   96.20501488
          1142   96.24420998
          1143   96.28340509
          1144   96.32258519
          1145   96.36175429
          1146   96.40092278
          1147   96.44006591
          1148   96.47920904
          1149   96.51834002
          1150   96.55745722
          1151   96.59657442
          1152   96.63566799
          1153   96.67475929
          1154   96.71384144
          1155   96.75290688
          1156   96.79197232
          1157   96.83101725
          1158   96.87005686
          1159   96.90909047
          1160    96.9481043
          1161   96.98711813
          1162    97.0261147
          1163   97.06510277
          1164   97.10408815
          1165    97.1430505
          1166   97.18201285
          1167   97.22096138
          1168   97.25989805
          1169   97.29883471
          1170    97.3377465
          1171   97.37665752
          1172   97.41555829
          1173   97.45444369
          1174   97.49332909
          1175    97.5321933
          1176   97.57105313
          1177   97.60990643
          1178   97.64874071
          1179   97.68757499
          1180   97.72639192
          1181   97.76520068
          1182   97.80400682
          1183   97.84279011
          1184    97.8815734
          1185   97.92034334
          1186   97.95910119
          1187   97.99785904
          1188   98.03659289
          1189   98.07532533
          1190   98.11404857
          1191   98.15275564
          1192   98.19146271
          1193   98.23015004
          1194   98.26883177
          1195   98.30750859
          1196   98.34616502
          1197   98.38482145
          1198   98.42346254
          1199    98.4620937
          1200   98.50072439
          1201   98.53933032
          1202   98.57793625
          1203   98.61653138
          1204    98.6551121
          1205   98.69369283
          1206   98.73225251
          1207   98.77080807
          1208   98.80935753
          1209   98.84788796
          1210   98.88641838
          1211   98.92493256
          1212   98.96343789
          1213   99.00194196
          1214   99.04042223
          1215   99.07890249
          1216   99.11737145
          1217   99.15582669
          1218   99.19428193
          1219   99.23271588
          1220   99.27114612
          1221   99.30957014
          1222   99.34797542
          1223    99.3863807
          1224   99.42476989
          1225   99.46315023
          1226   99.50152959
          1227   99.53988504
          1228    99.5782405
          1229   99.61658519
          1230   99.65491578
          1231   99.69324637
          1232   99.73155651
          1233   99.76986227
          1234   99.80816275
          1235   99.84644372
          1236   99.88472469
          1237   99.92299077
          1238   99.96124698
          1239   99.99950319
          1240    100.037735
          1241   100.0759665
          1242   100.1141888
          1243   100.1523956
          1244   100.1906023
          1245   100.2287905
          1246   100.2669727
          1247   100.3051514
          1248   100.3433089
          1249   100.3814664
          1250   100.4196113
          1251   100.4577442
          1252   100.4958771
          1253   100.5339881
          1254   100.5720964
          1255   100.6101982
          1256    100.648282
          1257   100.6863658
          1258   100.7244339
          1259   100.7624932
          1260   100.8005521
          1261    100.838587
          1262   100.8766218
          1263   100.9146473
          1264   100.9526577
          1265   100.9906681
          1266   101.0286601
          1267   101.0666461
          1268   101.1046292
          1269   101.1425908
          1270   101.1805525
          1271   101.2185023
          1272   101.2564396
          1273   101.2943769
          1274   101.3322935
          1275   101.3702066
          1276   101.4081144
          1277   101.4460031
          1278   101.4838919
          1279   101.5217667
          1280   101.5596312
          1281   101.5974958
          1282   101.6353377
          1283    101.673178
          1284   101.7110113
          1285   101.7488274
          1286   101.7866436
          1287   101.8244441
          1288   101.8622361
          1289   101.9000281
          1290    101.937796
          1291   101.9755639
          1292   102.0133233
          1293   102.0510671
          1294    102.088811
          1295   102.1265379
          1296   102.1642577
          1297   102.2019762
          1298    102.239672
          1299   102.2773677
          1300   102.3150539
          1301   102.3527257
          1302   102.3903975
          1303   102.4280515
          1304   102.4656994
          1305   102.5033451
          1306    102.540969
          1307    102.578593
          1308   102.6162066
          1309   102.6538067
          1310   102.6914067
          1311   102.7289884
          1312   102.7665646
          1313   102.8041382
          1314   102.8416906
          1315    102.879243
          1316   102.9167847
          1317   102.9543133
          1318   102.9918419
          1319    103.029352
          1320   103.0668568
          1321   103.1043589
          1322     103.14184
          1323   103.1793211
          1324   103.2167917
          1325   103.2542491
          1326   103.2917065
          1327   103.3291455
          1328   103.3665793
          1329   103.4040106
          1330   103.4414207
          1331   103.4788308
          1332   103.5162307
          1333   103.5536173
          1334   103.5910038
          1335   103.6283725
          1336   103.6657355
          1337   103.7030965
          1338   103.7404359
          1339   103.7777754
          1340   103.8151053
          1341   103.8524213
          1342   103.8897372
          1343   103.9270361
          1344   103.9643286
          1345     104.00162
          1346   104.0388891
          1347   104.0761581
          1348   104.1134187
          1349   104.1506643
          1350   104.1879099
          1351   104.2251397
          1352    104.262362
          1353   104.2995842
          1354   104.3367834
          1355   104.3739823
          1356   104.4111741
          1357   104.4483497
          1358   104.4855253
          1359   104.5226866
          1360   104.5598389
          1361   104.5969912
          1362   104.6341221
          1363   104.6712511
          1364   104.7083749
          1365   104.7454807
          1366   104.7825865
          1367     104.81968
          1368   104.8567626
          1369   104.8938452
          1370   104.9309085
          1371   104.9679679
          1372   105.0050242
          1373   105.0420605
          1374   105.0790968
          1375    105.116123
          1376   105.1531362
          1377   105.1901494
          1378   105.2271457
          1379   105.2641358
          1380   105.3011252
          1381   105.3380923
          1382   105.3750594
          1383    105.412019
          1384   105.4489631
          1385   105.4859071
          1386    105.522837
          1387   105.5597581
          1388   105.5966792
          1389   105.6335794
          1390   105.6704775
          1391    105.707371
          1392   105.7442463
          1393   105.7811215
          1394   105.8179855
          1395   105.8548378
          1396   105.8916901
          1397   105.9285248
          1398   105.9653542
          1399   106.0021823
          1400   106.0389889
          1401   106.0757956
          1402   106.1125944
          1403   106.1493782
          1404    106.186162
          1405   106.2229316
          1406   106.2596927
          1407   106.2964537
          1408   106.3331942
          1409   106.3699325
          1410   106.4066667
          1411   106.4433823
          1412   106.4800979
          1413   106.5168031
          1414    106.553496
          1415   106.5901889
          1416   106.6268652
          1417   106.6635355
          1418   106.7002056
          1419   106.7368533
          1420   106.7735009
          1421   106.8101423
          1422   106.8467673
          1423   106.8833923
          1424    106.920005
          1425   106.9566075
          1426     106.99321
          1427   107.0297941
          1428    107.066374
          1429   107.1029522
          1430   107.1395096
          1431    107.176067
          1432   107.2126167
          1433   107.2491516
          1434   107.2856866
          1435   107.3222079
          1436   107.3587204
          1437   107.3952329
          1438   107.4317259
          1439    107.468216
          1440   107.5047032
          1441   107.5411709
          1442   107.5776386
          1443   107.6140977
          1444    107.650543
          1445   107.6869884
          1446   107.7234193
          1447   107.7598423
          1448   107.7962654
          1449   107.8326684
          1450   107.8690691
          1451   107.9054664
          1452   107.9418449
          1453   107.9782233
          1454   108.0145928
          1455    108.050949
          1456   108.0873052
          1457   108.1236469
          1458   108.1599809
          1459   108.1963149
          1460   108.2326289
          1461   108.2689407
          1462   108.3052493
          1463   108.3415389
          1464   108.3778285
          1465   108.4141096
          1466   108.4503771
          1467   108.4866446
          1468   108.5228981
          1469   108.5591435
          1470   108.5953889
          1471   108.6316151
          1472   108.6678384
          1473   108.7040593
          1474   108.7402606
          1475   108.7764619
          1476   108.8126554
          1477   108.8488347
          1478    108.885014
          1479   108.9211804
          1480   108.9573377
          1481    108.993495
          1482   109.0296343
          1483   109.0657696
          1484   109.1019038
          1485   109.1380172
          1486   109.1741306
          1487   109.2102378
          1488   109.2463293
          1489   109.2824208
          1490   109.3185011
          1491   109.3545707
          1492   109.3906404
          1493   109.4266938
          1494   109.4627416
          1495   109.4987894
          1496   109.5348161
          1497   109.5708421
          1498   109.6068639
          1499   109.6428681
          1500   109.6788723
          1501   109.7148675
          1502   109.7508499
          1503   109.7868323
          1504    109.822801
          1505   109.8587617
          1506   109.8947224
          1507   109.9306646
          1508   109.9666036
          1509    110.002541
          1510   110.0384583
          1511   110.0743757
          1512   110.1102868
          1513   110.1461824
          1514   110.1820781
          1515    110.217963
          1516    110.253837
          1517   110.2897111
          1518   110.3255697
          1519   110.3614222
          1520   110.3972746
          1521   110.4331072
          1522   110.4689381
          1523   110.5047661
          1524   110.5405755
          1525   110.5763848
          1526   110.6121869
          1527   110.6479747
          1528   110.6837626
          1529   110.7195387
          1530   110.7553051
          1531   110.7910714
          1532   110.8268217
          1533   110.8625666
          1534   110.8983115
          1535    110.934036
          1536   110.9697595
          1537   111.0054797
          1538   111.0411818
          1539   111.0768839
          1540   111.1125785
          1541   111.1482592
          1542   111.1839399
          1543   111.2196089
          1544   111.2552683
          1545   111.2909277
          1546   111.3265712
          1547   111.3622092
          1548   111.3978473
          1549   111.4334654
          1550   111.4690821
          1551   111.5046961
          1552   111.5402916
          1553   111.5758871
          1554   111.6114758
          1555   111.6470501
          1556   111.6826244
          1557   111.7181878
          1558   111.7537409
          1559   111.7892939
          1560   111.8248322
          1561   111.8603641
          1562    111.895896
          1563   111.9314092
          1564   111.9669199
          1565   112.0024292
          1566   112.0379188
          1567   112.0734084
          1568   112.1088928
          1569   112.1443613
          1570   112.1798298
          1571   112.2152892
          1572   112.2507367
          1573   112.2861841
          1574   112.3216187
          1575   112.3570451
          1576   112.3924715
          1577   112.4278813
          1578   112.4632867
          1579   112.4986921
          1580   112.5340773
          1581   112.5694616
          1582   112.6048432
          1583   112.6402066
          1584     112.67557
          1585    112.710927
          1586   112.7462694
          1587   112.7816119
          1588   112.8169444
          1589   112.8522659
          1590   112.8875875
          1591   112.9228955
          1592   112.9581962
          1593   112.9934969
          1594   113.0287806
          1595   113.0640604
          1596   113.0993403
          1597   113.1345996
          1598   113.1698586
          1599   113.2051146
          1600   113.2403528
          1601    113.275591
          1602   113.3108228
          1603   113.3460402
          1604   113.3812576
          1605   113.4164653
          1606    113.451662
          1607   113.4868587
          1608   113.5220423
          1609   113.5572183
          1610   113.5923942
          1611   113.6275539
          1612   113.6627092
          1613   113.6978644
          1614   113.7330002
          1615   113.7681348
          1616   113.8032674
          1617   113.8383813
          1618   113.8734952
          1619   113.9086041
          1620   113.9436974
          1621   113.9787907
          1622   114.0138758
          1623   114.0489485
          1624   114.0840212
          1625   114.1190827
          1626   114.1541349
          1627    114.189187
          1628   114.2242249
          1629   114.2592565
          1630   114.2942881
          1631   114.3293025
          1632   114.3643136
          1633   114.3993246
          1634   114.4343156
          1635   114.4693062
          1636   114.5042942
          1637   114.5392644
          1638   114.5742345
          1639   114.6091992
          1640   114.6441489
          1641   114.6790985
          1642     114.71404
          1643   114.7489693
          1644   114.7838985
          1645   114.8188168
          1646   114.8537257
          1647   114.8886345
          1648   114.9235297
          1649   114.9584182
          1650   114.9933067
          1651   115.0281788
          1652   115.0630469
          1653   115.0979151
          1654   115.1327642
          1655   115.1676121
          1656   115.2024585
          1657   115.2372861
          1658   115.2721136
          1659   115.3069372
          1660   115.3417445
          1661   115.3765518
          1662   115.4113525
          1663   115.4461396
          1664   115.4809267
          1665   115.5157046
          1666   115.5504715
          1667   115.5852384
          1668   115.6199937
          1669   115.6547403
          1670    115.689487
          1671   115.7242197
          1672   115.7589462
          1673   115.7936727
          1674   115.8283828
          1675   115.8630892
          1676   115.8977956
          1677   115.9324832
          1678   115.9671695
          1679   116.0018547
          1680   116.0365209
          1681   116.0711871
          1682   116.1058499
          1683   116.1404961
          1684   116.1751422
          1685   116.2097827
          1686   116.2444088
          1687    116.279035
          1688   116.3136532
          1689   116.3482593
          1690   116.3828654
          1691   116.4174615
          1692   116.4520476
          1693   116.4866337
          1694   116.5212076
          1695   116.5557738
          1696     116.59034
          1697   116.6248918
          1698    116.659438
          1699   116.6939843
          1700   116.7285141
          1701   116.7630404
          1702   116.7975668
          1703   116.8320746
          1704   116.8665811
          1705   116.9010869
          1706   116.9355735
          1707   116.9700601
          1708   117.0045441
          1709   117.0390109
          1710   117.0734776
          1711   117.1079398
          1712   117.1423868
          1713   117.1768338
          1714   117.2112743
          1715   117.2457014
          1716   117.2801286
          1717   117.3145474
          1718   117.3489549
          1719   117.3833623
          1720   117.4177595
          1721   117.4521472
          1722   117.4865349
          1723   117.5209106
          1724   117.5552786
          1725   117.5896465
          1726   117.6240008
          1727   117.6583491
          1728   117.6926974
          1729   117.7270302
          1730   117.7613588
          1731   117.7956875
          1732   117.8299989
          1733   117.8643079
          1734   117.8986169
          1735   117.9329071
          1736   117.9671965
          1737    118.001485
          1738   118.0357549
          1739   118.0700247
          1740    118.104292
          1741   118.1385423
          1742   118.1727925
          1743   118.2070387
          1744   118.2412694
          1745   118.2755001
          1746   118.3097253
          1747   118.3439365
          1748   118.3781477
          1749   118.4123518
          1750   118.4465436
          1751   118.4807353
          1752   118.5149185
          1753   118.5490907
          1754   118.5832629
          1755   118.6174253
          1756   118.6515781
          1757   118.6857309
          1758   118.7198724
          1759   118.7540058
          1760   118.7881391
          1761   118.8222599
          1762   118.8563739
          1763   118.8904879
          1764   118.9245879
          1765   118.9586825
          1766   118.9927771
          1767   119.0268565
          1768   119.0609318
          1769   119.0950071
          1770   119.1290659
          1771   119.1631218
          1772   119.1971778
          1773    119.231216
          1774   119.2652527
          1775   119.2992894
          1776   119.3333072
          1777   119.3673245
          1778   119.4013412
          1779   119.4353393
          1780   119.4693375
          1781   119.5033337
          1782   119.5373126
          1783   119.5712916
          1784   119.6052675
          1785   119.6392272
          1786   119.6731869
          1787   119.7071426
          1788   119.7410832
          1789   119.7750237
          1790   119.8089592
          1791   119.8428806
          1792    119.876802
          1793   119.9107173
          1794   119.9446196
          1795   119.9785218
          1796   120.0124171
          1797   120.0463002
          1798   120.0801834
          1799   120.1140586
          1800   120.1479227
          1801   120.1817867
          1802    120.215642
          1803    120.249487
          1804    120.283332
          1805   120.3171674
          1806   120.3509933
          1807   120.3848193
          1808   120.4186348
          1809   120.4524418
          1810   120.4862487
          1811   120.5200444
          1812   120.5538324
          1813   120.5876204
          1814   120.6213963
          1815   120.6551653
          1816   120.6889344
          1817   120.7226906
          1818   120.7564407
          1819   120.7901908
          1820   120.8239274
          1821   120.8576586
          1822   120.8913897
          1823   120.9251068
          1824    120.958819
          1825   120.9925313
          1826   121.0262288
          1827   121.0599222
          1828   121.0936156
          1829   121.1272937
          1830   121.1609682
          1831   121.1946428
          1832   121.2283015
          1833   121.2619572
          1834   121.2956129
          1835   121.3292522
          1836   121.3628891
          1837    121.396526
          1838   121.4301461
          1839   121.4637642
          1840   121.4973823
          1841   121.5309832
          1842   121.5645825
          1843   121.5981819
          1844   121.6317636
          1845   121.6653442
          1846   121.6989248
          1847   121.7324873
          1848   121.7660493
          1849   121.7996112
          1850   121.8331546
          1851   121.8666979
          1852    121.900241
          1853   121.9337655
          1854   121.9672901
          1855   122.0008142
          1856   122.0343202
          1857   122.0678261
          1858   122.1013313
          1859   122.1348186
          1860   122.1683059
          1861   122.2017922
          1862   122.2352609
          1863   122.2687296
          1864   122.3021971
          1865   122.3356473
          1866   122.3690974
          1867   122.4025461
          1868   122.4359777
          1869   122.4694093
          1870   122.5028393
          1871   122.5362524
          1872   122.5696654
          1873   122.6030768
          1874   122.6364713
          1875   122.6698659
          1876   122.7032586
          1877   122.7366347
          1878   122.7700108
          1879    122.803385
          1880   122.8367426
          1881   122.8701002
          1882   122.9034559
          1883   122.9367951
          1884   122.9701343
          1885   123.0034715
          1886   123.0367923
          1887    123.070113
          1888   123.1034319
          1889   123.1367342
          1890   123.1700366
          1891   123.2033371
          1892   123.2366211
          1893   123.2699051
          1894   123.3031874
          1895    123.336453
          1896   123.3697186
          1897   123.4029826
          1898     123.43623
          1899   123.4694773
          1900   123.5027231
          1901   123.5359521
          1902   123.5691811
          1903   123.6024088
          1904   123.6356196
          1905   123.6688303
          1906   123.7020399
          1907   123.7352324
          1908   123.7684249
          1909   123.8016164
          1910   123.8347907
          1911   123.8679649
          1912   123.9011385
          1913   123.9342946
          1914   123.9674506
          1915   124.0006063
          1916   124.0337441
          1917   124.0668819
          1918   124.1000197
          1919   124.1331394
          1920   124.1662591
          1921   124.1993787
          1922   124.2324806
          1923   124.2655821
          1924   124.2986836
          1925   124.3317677
          1926   124.3648511
          1927   124.3979345
          1928   124.4310009
          1929   124.4640662
          1930   124.4971314
          1931   124.5301802
          1932   124.5632274
          1933   124.5962746
          1934   124.6293058
          1935   124.6623349
          1936    124.695364
          1937   124.7283777
          1938   124.7613888
          1939   124.7943999
          1940    124.827396
          1941   124.8603891
          1942   124.8933822
          1943   124.9263609
          1944   124.9593359
          1945    124.992311
          1946   125.0252723
          1947   125.0582294
          1948   125.0911866
          1949   125.1241305
          1950   125.1570697
          1951   125.1900088
          1952   125.2229355
          1953   125.2558567
          1954    125.288778
          1955   125.3216874
          1956   125.3545907
          1957    125.387494
          1958   125.4203863
          1959   125.4532717
          1960   125.4861571
          1961   125.5190322
          1962   125.5518998
          1963   125.5847674
          1964   125.6176254
          1965   125.6504751
          1966   125.6833248
          1967   125.7161658
          1968   125.7489977
          1969   125.7818296
          1970   125.8146535
          1971   125.8474676
          1972   125.8802817
          1973   125.9130887
          1974    125.945885
          1975   125.9786814
          1976   126.0114715
          1977     126.04425
          1978   126.0770286
          1979   126.1098019
          1980   126.1425627
          1981   126.1753235
          1982     126.20808
          1983   126.2408231
          1984   126.2735662
          1985   126.3063059
          1986   126.3390313
          1987   126.3717567
          1988   126.4044797
          1989   126.4371875
          1990   126.4698952
          1991   126.5026016
          1992   126.5352917
          1993   126.5679818
          1994   126.6006715
          1995    126.633344
          1996   126.6660164
          1997   126.6986889
          1998   126.7313444
          1999   126.7639993
          2000   126.7966542
          2001   126.8292932
          2002   126.8619305
          2003   126.8945678
          2004   126.9271904
          2005   126.9598101
          2006   126.9924298
          2007    127.025036
          2008   127.0576382
          2009   127.0902403
          2010   127.1228302
          2011   127.1554148
          2012   127.1879995
          2013    127.220573
          2014   127.2531402
          2015   127.2857073
          2016   127.3182646
          2017   127.3508142
          2018   127.3833639
          2019    127.415905
          2020   127.4484372
          2021   127.4809694
          2022   127.5134943
          2023    127.546009
          2024   127.5785238
          2025   127.6110326
          2026   127.6435299
          2027   127.6760273
          2028     127.70852
          2029   127.7409999
          2030   127.7734799
          2031   127.8059566
          2032   127.8384191
          2033   127.8708817
          2034   127.9033424
          2035   127.9357876
          2036   127.9682328
          2037   128.0006776
          2038   128.0331055
          2039   128.0655333
          2040   128.0979612
          2041   128.1303728
          2042   128.1627833
          2043   128.1951938
          2044   128.2275897
          2045   128.2599829
          2046   128.2923761
          2047   128.3247562
          2048   128.3571321
          2049   128.3895081
          2050   128.4218724
          2051   128.4542311
          2052   128.4865898
          2053   128.5189384
          2054   128.5512799
          2055   128.5836213
          2056   128.6159543
          2057   128.6482786
          2058   128.6806028
          2059   128.7129202
          2060   128.7452273
          2061   128.7775344
          2062   128.8098362
          2063   128.8421261
          2064    128.874416
          2065   128.9067023
          2066   128.9389751
          2067   128.9712478
          2068   129.0035187
          2069   129.0357743
          2070   129.0680299
          2071   129.1002854
          2072   129.1325239
          2073   129.1647624
          2074   129.1970009
          2075   129.2292239
          2076   129.2614453
          2077   129.2936667
          2078   129.3258744
          2079   129.3580787
          2080   129.3902831
          2081   129.4224755
          2082   129.4546628
          2083   129.4868501
          2084   129.5190273
          2085   129.5511975
          2086   129.5833678
          2087   129.6155298
          2088   129.6476831
          2089   129.6798363
          2090   129.7119833
          2091   129.7441195
          2092   129.7762558
          2093   129.8083876
          2094   129.8405069
          2095   129.8726262
          2096    129.904743
          2097   129.9368453
          2098   129.9689477
          2099   130.0010494
          2100   130.0331349
          2101   130.0652203
          2102   130.0973057
          2103   130.1293756
          2104   130.1614441
          2105   130.1935126
          2106   130.2255676
          2107   130.2576192
          2108   130.2896709
          2109    130.321711
          2110   130.3537458
          2111   130.3857805
          2112   130.4178059
          2113   130.4498238
          2114   130.4818417
          2115   130.5138523
          2116   130.5458534
          2117   130.5778544
          2118   130.6098503
          2119   130.6418346
          2120   130.6738188
          2121      130.7058
          2122   130.7377675
          2123    130.769735
          2124   130.8017015
          2125   130.8336522
          2126   130.8656029
          2127   130.8975536
          2128   130.9294888
          2129   130.9614228
          2130   130.9933567
          2131   131.0252774
          2132   131.0571947
          2133   131.0891119
          2134   131.1210181
          2135   131.1529186
          2136   131.1848191
          2137   131.2167108
          2138   131.2485947
          2139   131.2804785
          2140   131.3123558
          2141    131.344223
          2142   131.3760901
          2143   131.4079531
          2144   131.4398036
          2145   131.4716541
          2146   131.5035027
          2147   131.5353366
          2148   131.5671705
          2149   131.5990043
          2150   131.6308221
          2151   131.6626393
          2152   131.6944566
          2153   131.7262601
          2154   131.7580608
          2155   131.7898614
          2156   131.8216508
          2157   131.8534349
          2158    131.885219
          2159   131.9169942
          2160   131.9487617
          2161   131.9805292
          2162   132.0122904
          2163   132.0440414
          2164   132.0757923
          2165   132.1075394
          2166   132.1392739
          2167   132.1710084
          2168   132.2027414
          2169   132.2344594
          2170   132.2661774
          2171   132.2978954
          2172    132.329598
          2173   132.3612995
          2174    132.393001
          2175   132.4246897
          2176   132.4563747
          2177   132.4880598
          2178   132.5197346
          2179   132.5514032
          2180   132.5830718
          2181   132.6147328
          2182   132.6463849
          2183   132.6780371
          2184   132.7096843
          2185   132.7413201
          2186   132.7729559
          2187   132.8045893
          2188   132.8362087
          2189   132.8678281
          2190   132.8994476
          2191   132.9310509
          2192    132.962654
          2193    132.994257
          2194   133.0258467
          2195   133.0574334
          2196   133.0890201
          2197   133.1205962
          2198   133.1521666
          2199    133.183737
          2200   133.2152994
          2201   133.2468535
          2202   133.2784076
          2203   133.3099566
          2204   133.3414944
          2205   133.3730322
          2206   133.4045676
          2207   133.4360891
          2208   133.4676107
          2209   133.4991322
          2210    133.530638
          2211   133.5621432
          2212   133.5936485
          2213   133.6251409
          2214   133.6566299
          2215    133.688119
          2216    133.719598
          2217   133.7510708
          2218   133.7825437
          2219   133.8140093
          2220    133.845466
          2221   133.8769226
          2222    133.908375
          2223   133.9398155
          2224    133.971256
          2225   134.0026951
          2226   134.0341194
          2227   134.0655438
          2228   134.0969681
          2229   134.1283779
          2230   134.1597861
          2231   134.1911943
          2232   134.2225909
          2233    134.253983
          2234   134.2853751
          2235   134.3167586
          2236   134.3481346
          2237   134.3795106
          2238    134.410881
          2239    134.442241
          2240   134.4736009
          2241   134.5049583
          2242   134.5363021
          2243    134.567646
          2244   134.5989899
          2245   134.6303182
          2246    134.661646
          2247   134.6929739
          2248   134.7242893
          2249   134.7556011
          2250   134.7869129
          2251   134.8182154
          2252   134.8495112
          2253    134.880807
          2254   134.9120966
          2255   134.9433764
          2256   134.9746562
          2257    135.005933
          2258   135.0371969
          2259   135.0684607
          2260   135.0997246
          2261   135.1309726
          2262   135.1622205
          2263   135.1934684
          2264   135.2247038
          2265   135.2559357
          2266   135.2871677
          2267   135.3183903
          2268   135.3496064
          2269   135.3808225
          2270   135.4120324
          2271   135.4432326
          2272   135.4744328
          2273   135.5056301
          2274   135.5368144
          2275   135.5679987
          2276    135.599183
          2277   135.6303519
          2278   135.6615203
          2279   135.6926888
          2280   135.7238451
          2281   135.7549977
          2282   135.7861504
          2283   135.8172942
          2284    135.848431
          2285   135.8795678
          2286   135.9106992
          2287   135.9418202
          2288   135.9729412
          2289   136.0040601
          2290   136.0351653
          2291   136.0662705
          2292   136.0973758
          2293   136.1284665
          2294    136.159556
          2295   136.1906455
          2296   136.2217239
          2297   136.2527976
          2298   136.2838713
          2299   136.3149375
          2300   136.3459955
          2301   136.3770535
          2302   136.4081073
          2303   136.4391496
          2304   136.4701919
          2305   136.5012336
          2306   136.5322601
          2307   136.5632867
          2308   136.5943133
          2309   136.6253271
          2310    136.656338
          2311   136.6873489
          2312   136.7183506
          2313   136.7493459
          2314   136.7803411
          2315   136.8113307
          2316   136.8423103
          2317   136.8732899
          2318   136.9042674
          2319   136.9352314
          2320   136.9661954
          2321   136.9971594
          2322   137.0281093
          2323   137.0590577
          2324   137.0900061
          2325   137.1209439
          2326   137.1518768
          2327   137.1828096
          2328   137.2137355
          2329   137.2446528
          2330     137.27557
          2331    137.306484
          2332   137.3373857
          2333   137.3682875
          2334   137.3991892
          2335   137.4300758
          2336    137.460962
          2337   137.4918482
          2338   137.5227229
          2339   137.5535936
          2340   137.5844643
          2341   137.6153273
          2342   137.6461825
          2343   137.6770376
          2344   137.7078889
          2345   137.7387286
          2346   137.7695683
          2347   137.8004078
          2348   137.8312321
          2349   137.8620563
          2350   137.8928806
          2351   137.9236929
          2352   137.9545018
          2353   137.9853106
          2354   138.0161113
          2355   138.0469047
          2356   138.0776981
          2357   138.1084873
          2358   138.1392652
          2359   138.1700432
          2360   138.2008208
          2361   138.2315834
          2362    138.262346
          2363   138.2931086
          2364   138.3238593
          2365   138.3546065
          2366   138.3853538
          2367    138.416093
          2368   138.4468249
          2369   138.4775567
          2370   138.5082845
          2371    138.539001
          2372   138.5697176
          2373   138.6004339
          2374   138.6311352
          2375   138.6618364
          2376   138.6925376
          2377   138.7232273
          2378   138.7539132
          2379   138.7845992
          2380   138.8152775
          2381   138.8459482
          2382   138.8766188
          2383   138.9072858
          2384   138.9379412
          2385   138.9685966
          2386    138.999252
          2387   139.0298925
          2388   139.0605327
          2389   139.0911728
          2390   139.1218021
          2391   139.1524271
          2392    139.183052
          2393   139.2136701
          2394   139.2442798
          2395   139.2748895
          2396   139.3054965
          2397    139.336091
          2398   139.3666855
          2399     139.39728
          2400   139.4278607
          2401   139.4584401
          2402   139.4890194
          2403    139.519589
          2404   139.5501532
          2405   139.5807174
          2406    139.611276
          2407    139.641825
          2408    139.672374
          2409   139.7029216
          2410   139.7334555
          2411   139.7639895
          2412   139.7945234
          2413   139.8250449
          2414   139.8555637
          2415   139.8860825
          2416   139.9165931
          2417   139.9470968
          2418   139.9776005
          2419   140.0081002
          2420   140.0385889
          2421   140.0690775
          2422   140.0995662
          2423     140.13004
          2424   140.1605135
          2425   140.1909871
          2426   140.2214501
          2427   140.2519087
          2428   140.2823672
          2429   140.3128194
          2430    140.343263
          2431   140.3737065
          2432    140.404148
          2433   140.4345765
          2434    140.465005
          2435   140.4954335
          2436   140.5258493
          2437   140.5562628
          2438   140.5866764
          2439   140.6170815
          2440   140.6474801
          2441   140.6778786
          2442   140.7082731
          2443   140.7386567
          2444   140.7690403
          2445    140.799424
          2446   140.8297929
          2447   140.8601616
          2448   140.8905303
          2449   140.9208887
          2450   140.9512424
          2451   140.9815962
          2452   141.0119441
          2453   141.0422829
          2454   141.0726218
          2455   141.1029592
          2456   141.1332831
          2457   141.1636071
          2458   141.1939311
          2459   141.2242431
          2460   141.2545522
          2461   141.2848613
          2462    141.315163
          2463   141.3454572
          2464   141.3757515
          2465   141.4060428
          2466   141.4363222
          2467   141.4666016
          2468    141.496881
          2469   141.5271471
          2470   141.5574117
          2471   141.5876763
          2472   141.6179321
          2473   141.6481819
          2474   141.6784317
          2475   141.7086772
          2476   141.7389122
          2477   141.7691472
          2478   141.7993822
          2479   141.8296028
          2480    141.859823
          2481   141.8900432
          2482   141.9202536
          2483   141.9504591
          2484   141.9806646
          2485   142.0108647
          2486   142.0410555
          2487   142.0712462
          2488   142.1014363
          2489   142.1316123
          2490   142.1617883
          2491   142.1919644
          2492   142.2221296
          2493   142.2522909
          2494   142.2824523
          2495   142.3126075
          2496   142.3427541
          2497   142.3729008
          2498   142.4030459
          2499   142.4331779
          2500   142.4633099
          2501   142.4934418
          2502   142.5235624
          2503   142.5536797
          2504    142.583797
          2505   142.6139076
          2506   142.6440102
          2507   142.6741129
          2508   142.7042136
          2509   142.7343016
          2510   142.7643897
          2511   142.7944778
          2512   142.8245539
          2513   142.8546274
          2514   142.8847009
          2515   142.9147672
          2516    142.944826
          2517   142.9748849
          2518   143.0049414
          2519   143.0349857
          2520     143.06503
          2521   143.0950743
          2522   143.1251065
          2523   143.1551362
          2524    143.185166
          2525   143.2151884
          2526   143.2452036
          2527   143.2752188
          2528   143.3052315
          2529   143.3352322
          2530   143.3652329
          2531   143.3952336
          2532   143.4252221
          2533   143.4552083
          2534   143.4851945
          2535   143.5151734
          2536   143.5451451
          2537   143.5751168
          2538    143.605086
          2539   143.6350433
          2540   143.6650005
          2541   143.6949577
          2542    143.724903
          2543   143.7548457
          2544   143.7847885
          2545   143.8147242
          2546   143.8446525
          2547   143.8745809
          2548    143.904507
          2549    143.934421
          2550   143.9643349
          2551   143.9942488
          2552   144.0241511
          2553   144.0540506
          2554   144.0839501
          2555   144.1138429
          2556    144.143728
          2557   144.1736132
          2558   144.2034966
          2559   144.2333673
          2560   144.2632381
          2561   144.2931088
          2562   144.3229685
          2563   144.3528249
          2564   144.3826813
          2565   144.4125317
          2566   144.4423737
          2567   144.4722158
          2568   144.5020568
          2569   144.5318845
          2570   144.5617122
          2571     144.59154
          2572   144.6213574
          2573   144.6511708
          2574   144.6809842
          2575   144.7107925
          2576   144.7405916
          2577   144.7703907
          2578   144.8001897
          2579   144.8299745
          2580   144.8597594
          2581   144.8895442
          2582   144.9193198
          2583   144.9490903
          2584   144.9788609
          2585   145.0086274
          2586   145.0383837
          2587     145.06814
          2588   145.0978963
          2589   145.1276394
          2590   145.1573815
          2591   145.1871236
          2592   145.2168576
          2593   145.2465855
          2594   145.2763134
          2595   145.3060384
          2596   145.3357521
          2597   145.3654657
          2598   145.3951794
          2599   145.4248812
          2600   145.4545807
          2601   145.4842802
          2602    145.513973
          2603   145.5436584
          2604   145.5733437
          2605   145.6030276
          2606   145.6326987
          2607   145.6623699
          2608   145.6920411
          2609   145.7217019
          2610    145.751359
          2611    145.781016
          2612    145.810668
          2613   145.8403109
          2614   145.8699538
          2615   145.8995967
          2616   145.9292257
          2617   145.9588545
          2618   145.9884833
          2619   146.0181035
          2620   146.0477183
          2621    146.077333
          2622   146.1069444
          2623   146.1365451
          2624   146.1661457
          2625   146.1957464
          2626    146.225335
          2627   146.2549216
          2628   146.2845082
          2629   146.3140881
          2630   146.3436606
          2631   146.3732332
          2632   146.4028044
          2633   146.4323629
          2634   146.4619215
          2635     146.49148
          2636   146.5210285
          2637   146.5505731
          2638   146.5801176
          2639   146.6096575
          2640    146.639188
          2641   146.6687186
          2642   146.6982491
          2643   146.7277664
          2644    146.757283
          2645   146.7867995
          2646   146.8163083
          2647   146.8458109
          2648   146.8753135
          2649   146.9048138
          2650   146.9343024
          2651   146.9637911
          2652   146.9932797
          2653   147.0227576
          2654   147.0522322
          2655   147.0817069
          2656   147.1111764
          2657   147.1406371
          2658   147.1700979
          2659   147.1995587
          2660   147.2290058
          2661   147.2584526
          2662   147.2878995
          2663   147.3173382
          2664   147.3467712
          2665   147.3762042
          2666   147.4056345
          2667   147.4350536
          2668   147.4644727
          2669   147.4938918
          2670      147.5233
          2671   147.5527052
          2672   147.5821105
          2673   147.6115103
          2674   147.6409017
          2675   147.6702932
          2676   147.6996846
          2677   147.7290623
          2678   147.7584399
          2679   147.7878175
          2680    147.817187
          2681   147.8465508
          2682   147.8759146
          2683   147.9052759
          2684   147.9346259
          2685   147.9639758
          2686   147.9933258
          2687   148.0226652
          2688   148.0520014
          2689   148.0813376
          2690   148.1106688
          2691   148.1399912
          2692   148.1693136
          2693   148.1986361
          2694   148.2279454
          2695   148.2572541
          2696   148.2865628
          2697    148.315864
          2698    148.345159
          2699    148.374454
          2700   148.4037472
          2701   148.4330284
          2702   148.4623096
          2703   148.4915909
          2704   148.5208623
          2705   148.5501299
          2706   148.5793974
          2707   148.6086609
          2708   148.6379147
          2709   148.6671686
          2710   148.6964224
          2711   148.7256642
          2712   148.7549044
          2713   148.7841446
          2714   148.8133785
          2715    148.842605
          2716   148.8718315
          2717   148.9010575
          2718   148.9302704
          2719   148.9594833
          2720   148.9886961
          2721   149.0179006
          2722   149.0470999
          2723   149.0762991
          2724   149.1054958
          2725   149.1346814
          2726    149.163867
          2727   149.1930526
          2728   149.2222279
          2729   149.2513999
          2730   149.2805719
          2731   149.3097394
          2732   149.3388979
          2733   149.3680563
          2734   149.3972147
          2735   149.4263609
          2736   149.4555058
          2737   149.4846506
          2738   149.5137891
          2739   149.5429204
          2740   149.5720517
          2741   149.6011825
          2742   149.6303002
          2743    149.659418
          2744   149.6885358
          2745   149.7176454
          2746   149.7467496
          2747   149.7758539
          2748   149.8049558
          2749   149.8340466
          2750   149.8631373
          2751    149.892228
          2752   149.9213089
          2753   149.9503861
          2754   149.9794634
          2755   150.0085367
          2756   150.0376004
          2757   150.0666642
          2758   150.0957279
          2759   150.1247802
          2760   150.1538305
          2761   150.1828808
          2762   150.2119256
          2763   150.2409624
          2764   150.2699993
          2765   150.2990361
          2766     150.32806
          2767   150.3570834
          2768   150.3861068
          2769   150.4151232
          2770   150.4441332
          2771   150.4731432
          2772   150.5021522
          2773   150.5311488
          2774   150.5601454
          2775   150.5891419
          2776   150.6181301
          2777   150.6471133
          2778   150.6760965
          2779   150.7050774
          2780   150.7340472
          2781    150.763017
          2782   150.7919868
          2783   150.8209469
          2784   150.8499034
          2785   150.8788598
          2786   150.9078127
          2787   150.9367558
          2788   150.9656989
          2789    150.994642
          2790   151.0235742
          2791    151.052504
          2792   151.0814338
          2793   151.1103588
          2794   151.1392752
          2795   151.1681917
          2796   151.1971081
          2797   151.2260126
          2798   151.2549157
          2799   151.2838189
          2800   151.3127162
          2801    151.341606
          2802   151.3704959
          2803   151.3993857
          2804   151.4282626
          2805   151.4571391
          2806   151.4860157
          2807   151.5148855
          2808   151.5437488
          2809   151.5726121
          2810   151.6014747
          2811   151.6303248
          2812   151.6591749
          2813   151.6880249
          2814   151.7168673
          2815   151.7457041
          2816   151.7745409
          2817   151.8033762
          2818   151.8321998
          2819   151.8610234
          2820   151.8898471
          2821   151.9186621
          2822   151.9474725
          2823    151.976283
          2824    152.005091
          2825   152.0338883
          2826   152.0626855
          2827   152.0914827
          2828   152.1202707
          2829   152.1490547
          2830   152.1778388
          2831   152.2066198
          2832   152.2353907
          2833   152.2641616
          2834   152.2929324
          2835   152.3216934
          2836   152.3504512
          2837   152.3792089
          2838    152.407963
          2839   152.4367076
          2840   152.4654522
          2841   152.4941968
          2842    152.522931
          2843   152.5516625
          2844   152.5803939
          2845   152.6091213
          2846   152.6378397
          2847    152.666558
          2848   152.6952764
          2849   152.7239839
          2850   152.7526892
          2851   152.7813945
          2852   152.8100952
          2853   152.8387874
          2854   152.8674796
          2855   152.8961718
          2856   152.9248527
          2857   152.9535319
          2858   152.9822111
          2859   153.0108853
          2860   153.0395514
          2861   153.0682175
          2862   153.0968836
          2863   153.1255381
          2864   153.1541912
          2865   153.1828443
          2866   153.2114921
          2867   153.2401322
          2868   153.2687723
          2869   153.2974123
          2870   153.3260406
          2871   153.3546676
          2872   153.3832947
          2873   153.4119163
          2874   153.4405304
          2875   153.4691444
          2876   153.4977585
          2877   153.5263606
          2878   153.5549617
          2879   153.5835628
          2880   153.6121584
          2881   153.6407465
          2882   153.6693346
          2883   153.6979228
          2884   153.7264989
          2885   153.7550741
          2886   153.7836492
          2887   153.8122189
          2888   153.8407811
          2889   153.8693434
          2890   153.8979056
          2891   153.9264559
          2892   153.9550052
          2893   153.9835545
          2894   154.0120984
          2895   154.0406348
          2896   154.0691712
          2897   154.0977076
          2898   154.1262322
          2899   154.1547557
          2900   154.1832792
          2901   154.2117974
          2902   154.2403081
          2903   154.2688187
          2904   154.2973293
          2905   154.3258283
          2906   154.3543261
          2907   154.3828239
          2908   154.4113166
          2909   154.4398015
          2910   154.4682864
          2911   154.4967713
          2912   154.5252449
          2913    154.553717
          2914   154.5821891
          2915   154.6106563
          2916   154.6391156
          2917   154.6675749
          2918   154.6960341
          2919   154.7244824
          2920   154.7529288
          2921   154.7813753
          2922   154.8098173
          2923    154.838251
          2924   154.8666847
          2925   154.8951183
          2926   154.9235414
          2927   154.9519623
          2928   154.9803831
          2929   155.0088001
          2930   155.0372082
          2931   155.0656163
          2932   155.0940244
          2933   155.1224224
          2934   155.1508178
          2935   155.1792131
          2936   155.2076051
          2937   155.2359877
          2938   155.2643703
          2939   155.2927529
          2940    155.321126
          2941   155.3494959
          2942   155.3778658
          2943   155.4062329
          2944   155.4345901
          2945   155.4629472
          2946   155.4913044
          2947   155.5196528
          2948   155.5479972
          2949   155.5763417
          2950   155.6046841
          2951   155.6330159
          2952   155.6613477
          2953   155.6896794
          2954   155.7180032
          2955   155.7463223
          2956   155.7746414
          2957   155.8029592
          2958   155.8312656
          2959   155.8595721
          2960   155.8878785
          2961   155.9161778
          2962   155.9444716
          2963   155.9727654
          2964   156.0010587
          2965   156.0293399
          2966    156.057621
          2967   156.0859022
          2968   156.1141771
          2969   156.1424456
          2970   156.1707142
          2971   156.1989827
          2972   156.2272391
          2973   156.2554951
          2974    156.283751
          2975   156.3120016
          2976    156.340245
          2977   156.3684883
          2978   156.3967317
          2979   156.4249639
          2980   156.4531947
          2981   156.4814255
          2982    156.509652
          2983   156.5378702
          2984   156.5660884
          2985   156.5943066
          2986   156.6225148
          2987   156.6507205
          2988   156.6789261
          2989   156.7071286
          2990   156.7353217
          2991   156.7635149
          2992    156.791708
          2993   156.8198923
          2994   156.8480729
          2995   156.8762535
          2996   156.9044321
          2997   156.9326002
          2998   156.9607683
          2999   156.9889364
          3000   157.0170969
          3001   157.0452524
          3002    157.073408
          3003   157.1015629
          3004    157.129706
          3005   157.1578491
          3006   157.1859922
          3007   157.2141291
          3008   157.2422597
          3009   157.2703903
          3010    157.298521
          3011   157.3266398
          3012    157.354758
          3013   157.3828762
          3014   157.4109895
          3015   157.4390952
          3016   157.4672009
          3017   157.4953067
          3018    157.523402
          3019   157.5514953
          3020   157.5795886
          3021   157.6076785
          3022   157.6357594
          3023   157.6638403
          3024   157.6919212
          3025   157.7199932
          3026   157.7480617
          3027   157.7761302
          3028   157.8041968
          3029   157.8322529
          3030   157.8603089
          3031    157.888365
          3032   157.9164139
          3033   157.9444576
          3034   157.9725013
          3035   158.0005447
          3036   158.0285761
          3037   158.0566074
          3038   158.0846387
          3039   158.1126645
          3040   158.1406835
          3041   158.1687025
          3042   158.1967214
          3043   158.2247295
          3044   158.2527362
          3045   158.2807428
          3046   158.3087456
          3047   158.3367399
          3048   158.3647343
          3049   158.3927286
          3050   158.4207138
          3051   158.4486958
          3052   158.4766778
          3053   158.5046577
          3054   158.5326275
          3055   158.5605972
          3056   158.5885669
          3057   158.6165293
          3058   158.6444867
          3059   158.6724441
          3060   158.7004014
          3061   158.7283465
          3062   158.7562917
          3063   158.7842368
          3064   158.8121766
          3065   158.8401095
          3066   158.8680424
          3067   158.8959753
          3068   158.9238977
          3069   158.9518183
          3070   158.9797389
          3071   159.0076562
          3072   159.0355646
          3073    159.063473
          3074   159.0913814
          3075   159.1192814
          3076   159.1471775
          3077   159.1750737
          3078   159.2029686
          3079   159.2308526
          3080   159.2587365
          3081   159.2866205
          3082   159.3144981
          3083   159.3423699
          3084   159.3702416
          3085   159.3981134
          3086   159.4259738
          3087   159.4538334
          3088    159.481693
          3089   159.5095484
          3090   159.5373958
          3091   159.5652433
          3092   159.5930907
          3093   159.6209289
          3094   159.6487642
          3095   159.6765995
          3096   159.7044328
          3097   159.7322559
          3098    159.760079
          3099   159.7879021
          3100   159.8157184
          3101   159.8435294
          3102   159.8713403
          3103   159.8991513
          3104   159.9269506
          3105   159.9547494
          3106   159.9825483
          3107   160.0103426
          3108   160.0381294
          3109   160.0659161
          3110   160.0937029
          3111   160.1214803
          3112    160.149255
          3113   160.1770296
          3114   160.2048022
          3115   160.2325648
          3116   160.2603274
          3117   160.2880899
          3118   160.3158456
          3119   160.3435961
          3120   160.3713467
          3121   160.3990972
          3122    160.426836
          3123   160.4545745
          3124   160.4823129
          3125    160.510047
          3126   160.5377734
          3127   160.5654998
          3128   160.5932263
          3129   160.6209436
          3130    160.648658
          3131   160.6763723
          3132    160.704085
          3133   160.7317873
          3134   160.7594897
          3135   160.7871921
          3136    160.814888
          3137   160.8425783
          3138   160.8702687
          3139    160.897959
          3140   160.9256383
          3141   160.9533167
          3142    160.980995
          3143   161.0086696
          3144    161.036336
          3145   161.0640024
          3146   161.0916688
          3147   161.1193268
          3148   161.1469813
          3149   161.1746357
          3150   161.2022891
          3151   161.2299316
          3152    161.257574
          3153   161.2852165
          3154   161.3128534
          3155   161.3404839
          3156   161.3681145
          3157    161.395745
          3158   161.4233654
          3159    161.450984
          3160   161.4786026
          3161   161.5062185
          3162   161.5338252
          3163   161.5614319
          3164   161.5890385
          3165    161.616638
          3166   161.6442328
          3167   161.6718276
          3168   161.6994224
          3169   161.7270055
          3170   161.7545884
          3171   161.7821712
          3172   161.8097499
          3173   161.8373209
          3174   161.8648919
          3175   161.8924629
          3176   161.9200253
          3177   161.9475844
          3178   161.9751436
          3179   162.0027015
          3180   162.0302488
          3181   162.0577961
          3182   162.0853434
          3183   162.1128851
          3184   162.1404206
          3185    162.167956
          3186   162.1954914
          3187    162.223017
          3188   162.2505406
          3189   162.2780642
          3190   162.3055854
          3191   162.3330972
          3192    162.360609
          3193   162.3881208
          3194   162.4156258
          3195   162.4431258
          3196   162.4706258
          3197   162.4981258
          3198   162.5256148
          3199    162.553103
          3200   162.5805912
          3201   162.6080759
          3202   162.6355523
          3203   162.6630287
          3204   162.6905051
          3205   162.7179738
          3206   162.7454385
          3207   162.7729031
          3208   162.8003676
          3209   162.8278205
          3210   162.8552734
          3211   162.8827262
          3212   162.9101748
          3213   162.9376159
          3214   162.9650571
          3215   162.9924982
          3216   163.0199308
          3217   163.0473602
          3218   163.0747896
          3219   163.1022181
          3220   163.1296358
          3221   163.1570535
          3222   163.1844712
          3223   163.2118838
          3224   163.2392898
          3225   163.2666958
          3226   163.2941017
          3227   163.3214985
          3228   163.3488928
          3229   163.3762871
          3230   163.4036798
          3231   163.4310625
          3232   163.4584451
          3233   163.4858277
          3234   163.5132046
          3235   163.5405756
          3236   163.5679465
          3237   163.5953174
          3238   163.6226787
          3239    163.650038
          3240   163.6773973
          3241   163.7047545
          3242   163.7321022
          3243   163.7594498
          3244   163.7867974
          3245    163.814139
          3246    163.841475
          3247    163.868811
          3248    163.896147
          3249    163.923473
          3250   163.9507974
          3251   163.9781218
          3252   164.0054438
          3253   164.0327566
          3254   164.0600694
          3255   164.0873821
          3256   164.1146887
          3257   164.1419898
          3258    164.169291
          3259   164.1965922
          3260   164.2238832
          3261   164.2511728
          3262   164.2784623
          3263   164.3057495
          3264   164.3330275
          3265   164.3603055
          3266   164.3875835
          3267   164.4148552
          3268   164.4421217
          3269   164.4693881
          3270   164.4966546
          3271   164.5239109
          3272   164.5511658
          3273   164.5784207
          3274   164.6056731
          3275   164.6329165
          3276   164.6601599
          3277   164.6874032
          3278   164.7146404
          3279   164.7418722
          3280    164.769104
          3281   164.7963359
          3282   164.8235577
          3283   164.8507781
          3284   164.8779984
          3285   164.9052165
          3286   164.9324253
          3287   164.9596341
          3288   164.9868429
          3289   165.0140458
          3290   165.0412431
          3291   165.0684405
          3292   165.0956378
          3293   165.1228255
          3294   165.1500113
          3295   165.1771972
          3296   165.2043812
          3297   165.2315556
          3298   165.2587299
          3299   165.2859043
          3300   165.3130732
          3301   165.3402361
          3302    165.367399
          3303    165.394562
          3304   165.4217157
          3305   165.4488672
          3306   165.4760187
          3307   165.5031689
          3308   165.5303089
          3309    165.557449
          3310    165.584589
          3311   165.6117241
          3312   165.6388528
          3313   165.6659814
          3314     165.69311
          3315   165.7202302
          3316   165.7473474
          3317   165.7744646
          3318   165.8015812
          3319    165.828687
          3320   165.8557928
          3321   165.8828987
          3322   165.9100003
          3323   165.9370947
          3324   165.9641892
          3325   165.9912836
          3326   166.0183704
          3327   166.0454534
          3328   166.0725365
          3329   166.0996196
          3330   166.1266915
          3331   166.1537632
          3332   166.1808349
          3333   166.2079033
          3334   166.2349637
          3335    166.262024
          3336   166.2890844
          3337    166.316138
          3338    166.343187
          3339   166.3702361
          3340   166.3972851
          3341   166.4243239
          3342   166.4513616
          3343   166.4783993
          3344   166.5054348
          3345   166.5324612
          3346   166.5594876
          3347   166.5865139
          3348   166.6135347
          3349   166.6405498
          3350   166.6675649
          3351   166.6945799
          3352    166.721586
          3353   166.7485898
          3354   166.7755936
          3355   166.8025963
          3356   166.8295888
          3357   166.8565814
          3358   166.8835739
          3359    166.910562
          3360   166.9375432
          3361   166.9645245
          3362   166.9915058
          3363   167.0184793
          3364   167.0454493
          3365   167.0724193
          3366   167.0993893
          3367   167.1263483
          3368    167.153307
          3369   167.1802658
          3370   167.2072215
          3371   167.2341691
          3372   167.2611166
          3373   167.2880641
          3374   167.3150054
          3375   167.3419417
          3376    167.368878
          3377   167.3958143
          3378   167.4227411
          3379   167.4496662
          3380   167.4765913
          3381   167.5035149
          3382   167.5304288
          3383   167.5573427
          3384   167.5842566
          3385   167.6111659
          3386   167.6380686
          3387   167.6649713
          3388    167.691874
          3389   167.7187689
          3390   167.7456604
          3391    167.772552
          3392   167.7994435
          3393   167.8263241
          3394   167.8532045
          3395   167.8800848
          3396   167.9069623
          3397   167.9338315
          3398   167.9607008
          3399     167.98757
          3400   168.0144332
          3401   168.0412913
          3402   168.0681494
          3403   168.0950074
          3404   168.1218565
          3405   168.1487034
          3406   168.1755504
          3407   168.2023963
          3408   168.2292321
          3409    168.256068
          3410   168.2829038
          3411   168.3097356
          3412   168.3365603
          3413   168.3633851
          3414   168.3902098
          3415   168.4170275
          3416   168.4438411
          3417   168.4706547
          3418   168.4974684
          3419   168.5242719
          3420   168.5510745
          3421    168.577877
          3422   168.6046776
          3423   168.6314691
          3424   168.6582606
          3425   168.6850521
          3426   168.7118387
          3427   168.7386191
          3428   168.7653995
          3429   168.7921799
          3430   168.8189525
          3431   168.8457218
          3432   168.8724912
          3433   168.8992606
          3434   168.9260192
          3435   168.9527775
          3436   168.9795359
          3437   169.0062916
          3438   169.0330389
          3439   169.0597862
          3440   169.0865335
          3441   169.1132753
          3442   169.1400116
          3443   169.1667479
          3444   169.1934841
          3445   169.2202121
          3446   169.2469374
          3447   169.2736627
          3448   169.3003878
          3449   169.3271021
          3450   169.3538163
          3451   169.3805306
          3452   169.4072419
          3453   169.4339452
          3454   169.4606485
          3455   169.4873518
          3456   169.5140494
          3457   169.5407417
          3458    169.567434
          3459   169.5941264
          3460   169.6208101
          3461   169.6474915
          3462   169.6741729
          3463   169.7008539
          3464   169.7275243
          3465   169.7541948
          3466   169.7808652
          3467   169.8075325
          3468    169.834192
          3469   169.8608515
          3470    169.887511
          3471   169.9141646
          3472   169.9408132
          3473   169.9674618
          3474   169.9941103
          3475   170.0207504
          3476    170.047388
          3477   170.0740257
          3478    170.100663
          3479   170.1272898
          3480   170.1539165
          3481   170.1805432
          3482    170.207167
          3483   170.2337829
          3484   170.2603987
          3485   170.2870146
          3486   170.3136249
          3487   170.3402298
          3488   170.3668348
          3489   170.3934397
          3490   170.4200365
          3491   170.4466306
          3492   170.4732247
          3493   170.4998188
          3494   170.5264021
          3495   170.5529853
          3496   170.5795686
          3497   170.6061493
          3498   170.6327217
          3499   170.6592941
          3500   170.6858664
          3501   170.7124338
          3502   170.7389953
          3503   170.7655568
          3504   170.7921184
          3505   170.8186723
          3506    170.845223
          3507   170.8717738
          3508   170.8983245
          3509   170.9248651
          3510    170.951405
          3511   170.9779449
          3512   171.0044829
          3513    171.031012
          3514   171.0575411
          3515   171.0840702
          3516    171.110595
          3517   171.1371133
          3518   171.1636316
          3519   171.1901499
          3520   171.2166615
          3521    171.243169
          3522   171.2696765
          3523    171.296184
          3524   171.3226823
          3525   171.3491791
          3526   171.3756758
          3527   171.4021717
          3528   171.4286577
          3529   171.4551437
          3530   171.4816296
          3531   171.5081123
          3532   171.5345876
          3533   171.5610628
          3534    171.587538
          3535   171.6140076
          3536   171.6404721
          3537   171.6669366
          3538   171.6934011
          3539   171.7198575
          3540   171.7463113
          3541   171.7727651
          3542   171.7992188
          3543   171.8256622
          3544   171.8521053
          3545   171.8785483
          3546   171.9049893
          3547   171.9314217
          3548    171.957854
          3549   171.9842864
          3550   172.0107144
          3551    172.037136
          3552   172.0635577
          3553   172.0899793
          3554   172.1163943
          3555   172.1428053
          3556   172.1692163
          3557   172.1956272
          3558   172.2220293
          3559   172.2484296
          3560   172.2748298
          3561   172.3012296
          3562   172.3276193
          3563   172.3540089
          3564   172.3803985
          3565   172.4067854
          3566   172.4331644
          3567   172.4595433
          3568   172.4859223
          3569   172.5122963
          3570   172.5386646
          3571    172.565033
          3572   172.5914013
          3573   172.6177624
          3574   172.6441201
          3575   172.6704778
          3576   172.6968355
          3577   172.7231839
          3578    172.749531
          3579    172.775878
          3580   172.8022242
          3581   172.8285607
          3582   172.8548971
          3583   172.8812336
          3584    172.907567
          3585   172.9338929
          3586   172.9602188
          3587   172.9865446
          3588   173.0128653
          3589   173.0391806
          3590   173.0654959
          3591   173.0918111
          3592   173.1181191
          3593   173.1444238
          3594   173.1707285
          3595   173.1970332
          3596   173.2233285
          3597   173.2496227
          3598   173.2759168
          3599     173.30221
          3600   173.3284936
          3601   173.3547772
          3602   173.3810608
          3603   173.4073414
          3604   173.4336144
          3605   173.4598874
          3606   173.4861605
          3607   173.5124285
          3608    173.538691
          3609   173.5649535
          3610    173.591216
          3611   173.6174715
          3612   173.6437234
          3613   173.6699754
          3614   173.6962274
          3615   173.7224703
          3616   173.7487118
          3617   173.7749532
          3618   173.8011942
          3619   173.8274251
          3620   173.8536561
          3621    173.879887
          3622   173.9061155
          3623    173.932336
          3624   173.9585564
          3625   173.9847769
          3626    174.010993
          3627   174.0372029
          3628   174.0634129
          3629   174.0896229
          3630   174.1158265
          3631    174.142026
          3632   174.1682255
          3633    174.194425
          3634   174.2206163
          3635   174.2468053
          3636   174.2729943
          3637   174.2991834
          3638   174.3253623
          3639   174.3515409
          3640   174.3777194
          3641   174.4038965
          3642   174.4300646
          3643   174.4562328
          3644   174.4824009
          3645   174.5085656
          3646   174.5347233
          3647   174.5608811
          3648   174.5870388
          3649   174.6131912
          3650   174.6393385
          3651   174.6654858
          3652   174.6916331
          3653   174.7177733
          3654   174.7439102
          3655   174.7700471
          3656    174.796184
          3657    174.822312
          3658   174.8484384
          3659   174.8745649
          3660   174.9006911
          3661   174.9268072
          3662   174.9529233
          3663   174.9790394
          3664   175.0051535
          3665   175.0312592
          3666   175.0573649
          3667   175.0834706
          3668   175.1095725
          3669   175.1356679
          3670   175.1617632
          3671   175.1878585
          3672   175.2139484
          3673   175.2400333
          3674   175.2661183
          3675   175.2922033
          3676   175.3182811
          3677   175.3443557
          3678   175.3704303
          3679    175.396505
          3680   175.4225707
          3681    175.448635
          3682   175.4746993
          3683   175.5007633
          3684   175.5268173
          3685   175.5528712
          3686   175.5789252
          3687   175.6049772
          3688   175.6310209
          3689   175.6570645
          3690   175.6831082
          3691   175.7091482
          3692   175.7351816
          3693   175.7612149
          3694   175.7872483
          3695   175.8132764
          3696   175.8392994
          3697   175.8653225
          3698   175.8913456
          3699   175.9173618
          3700   175.9433745
          3701   175.9693873
          3702   175.9954001
          3703   176.0214044
          3704   176.0474069
          3705   176.0734094
          3706   176.0994119
          3707   176.1254043
          3708   176.1513966
          3709   176.1773888
          3710   176.2033797
          3711   176.2293617
          3712   176.2553436
          3713   176.2813256
          3714   176.3073047
          3715   176.3332764
          3716   176.3592482
          3717   176.3852199
          3718   176.4111872
          3719   176.4371487
          3720   176.4631102
          3721   176.4890717
          3722   176.5150273
          3723   176.5409785
          3724   176.5669298
          3725   176.5928811
          3726   176.6188249
          3727    176.644766
          3728   176.6707071
          3729   176.6966481
          3730   176.7225803
          3731   176.7485111
          3732    176.774442
          3733   176.8003727
          3734   176.8262934
          3735    176.852214
          3736   176.8781347
          3737   176.9040537
          3738   176.9299642
          3739   176.9558747
          3740   176.9817852
          3741   177.0076926
          3742   177.0335929
          3743   177.0594932
          3744   177.0853935
          3745   177.1112894
          3746   177.1371795
          3747   177.1630696
          3748   177.1889598
          3749   177.2148441
          3750   177.2407241
          3751   177.2666041
          3752    177.292484
          3753   177.3183568
          3754   177.3442267
          3755   177.3700965
          3756   177.3959663
          3757   177.4218276
          3758   177.4476873
          3759    177.473547
          3760   177.4994067
          3761   177.5252565
          3762   177.5511061
          3763   177.5769557
          3764   177.6028042
          3765   177.6286437
          3766   177.6544831
          3767   177.6803226
          3768   177.7061597
          3769    177.731989
          3770   177.7578184
          3771   177.7836477
          3772   177.8094734
          3773   177.8352927
          3774   177.8611119
          3775   177.8869312
          3776   177.9127455
          3777   177.9385547
          3778   177.9643639
          3779   177.9901731
          3780    178.015976
          3781   178.0417751
          3782   178.0675742
          3783   178.0933733
          3784    178.119165
          3785    178.144954
          3786   178.1707431
          3787   178.1965321
          3788   178.2223125
          3789   178.2480915
          3790   178.2738705
          3791   178.2996495
          3792   178.3254185
          3793   178.3511875
          3794   178.3769564
          3795   178.4027243
          3796   178.4284833
          3797   178.4542422
          3798   178.4800011
          3799   178.5057578
          3800   178.5315067
          3801   178.5572555
          3802   178.5830044
          3803   178.6087499
          3804   178.6344888
          3805   178.6602277
          3806   178.6859666
          3807   178.7117009
          3808   178.7374298
          3809   178.7631586
          3810   178.7888875
          3811   178.8146107
          3812   178.8403296
          3813   178.8660485
          3814   178.8917674
          3815   178.9174794
          3816   178.9431883
          3817   178.9688972
          3818   178.9946061
          3819   179.0203071
          3820   179.0460061
          3821    179.071705
          3822   179.0974039
          3823   179.1230939
          3824   179.1487828
          3825   179.1744718
          3826   179.2001607
          3827   179.2258397
          3828   179.2515187
          3829   179.2771977
          3830   179.3028756
          3831   179.3285446
          3832   179.3542137
          3833   179.3798827
          3834   179.4055496
          3835   179.4312088
          3836   179.4568679
          3837    179.482527
          3838   179.5081829
          3839   179.5338321
          3840   179.5594813
          3841   179.5851305
          3842   179.6107756
          3843   179.6364148
          3844   179.6620541
          3845   179.6876934
          3846   179.7133275
          3847   179.7389569
          3848   179.7645863
          3849   179.7902156
          3850   179.8158389
          3851   179.8414584
          3852   179.8670778
          3853   179.8926973
          3854   179.9183097
          3855   179.9439193
          3856   179.9695289
          3857   179.9951385
          3858   180.0207401
          3859   180.0463398
          3860   180.0719395
          3861   180.0975392
          3862     180.12313
          3863   180.1487198
          3864   180.1743097
          3865   180.1998995
          3866   180.2254795
          3867   180.2510595
          3868   180.2766395
          3869   180.3022187
          3870   180.3277888
          3871   180.3533589
          3872   180.3789291
          3873   180.4044975
          3874   180.4300578
          3875   180.4556181
          3876   180.4811784
          3877   180.5067361
          3878   180.5322866
          3879    180.557837
          3880   180.5833875
          3881   180.6089345
          3882   180.6344752
          3883   180.6600158
          3884   180.6855565
          3885   180.7110929
          3886   180.7366237
          3887   180.7621546
          3888   180.7876854
          3889   180.8132112
          3890   180.8387322
          3891   180.8642533
          3892   180.8897743
          3893   180.9152895
          3894   180.9408007
          3895    180.966312
          3896   180.9918232
          3897   181.0173278
          3898   181.0428293
          3899   181.0683308
          3900   181.0938322
          3901   181.1193263
          3902    181.144818
          3903   181.1703097
          3904   181.1958014
          3905    181.221285
          3906   181.2467669
          3907   181.2722488
          3908   181.2977308
          3909   181.3232038
          3910    181.348676
          3911   181.3741482
          3912   181.3996204
          3913    181.425083
          3914   181.4505454
          3915   181.4760079
          3916   181.5014697
          3917   181.5269225
          3918   181.5523752
          3919   181.5778279
          3920   181.6032793
          3921   181.6287223
          3922   181.6541653
          3923   181.6796083
          3924   181.7050494
          3925   181.7304826
          3926   181.7559159
          3927   181.7813492
          3928   181.8067799
          3929   181.8322034
          3930    181.857627
          3931   181.8830506
          3932   181.9084709
          3933   181.9338848
          3934   181.9592986
          3935   181.9847125
          3936   182.0101225
          3937   182.0355267
          3938   182.0609309
          3939   182.0863351
          3940   182.1117348
          3941   182.1371293
          3942   182.1625238
          3943   182.1879183
          3944   182.2133078
          3945   182.2386926
          3946   182.2640775
          3947   182.2894623
          3948   182.3148415
          3949   182.3402167
          3950   182.3655919
          3951   182.3909671
          3952   182.4163361
          3953   182.4417016
          3954   182.4670671
          3955   182.4924327
          3956   182.5177914
          3957   182.5431473
          3958   182.5685033
          3959   182.5938592
          3960   182.6192078
          3961    182.644554
          3962   182.6699003
          3963   182.6952466
          3964    182.720585
          3965   182.7459217
          3966   182.7712583
          3967    182.796595
          3968   182.8219233
          3969   182.8472504
          3970   182.8725774
          3971   182.8979044
          3972   182.9232227
          3973   182.9485401
          3974   182.9738576
          3975    182.999175
          3976   183.0244832
          3977    183.049791
          3978   183.0750988
          3979   183.1004065
          3980   183.1257048
          3981   183.1510031
          3982   183.1763013
          3983    183.201599
          3984   183.2268877
          3985   183.2521764
          3986   183.2774651
          3987   183.3027527
          3988   183.3280319
          3989    183.353311
          3990   183.3785901
          3991   183.4038678
          3992   183.4291374
          3993   183.4544069
          3994   183.4796765
          3995   183.5049442
          3996   183.5302042
          3997   183.5554643
          3998   183.5807243
          3999   183.6059821
          4000   183.6312326
          4001    183.656483
          4002   183.6817335
          4003   183.7069814
          4004   183.7322224
          4005   183.7574633
          4006   183.7827043
          4007   183.8079423
          4008   183.8331737
          4009   183.8584052
          4010   183.8836366
          4011   183.9088647
          4012   183.9340867
          4013   183.9593086
          4014   183.9845305
          4015   184.0097488
          4016   184.0349612
          4017   184.0601737
          4018   184.0853861
          4019   184.1105946
          4020   184.1357975
          4021   184.1610005
          4022   184.1862034
          4023   184.2114021
          4024   184.2365955
          4025    184.261789
          4026   184.2869825
          4027   184.3121714
          4028   184.3373554
          4029   184.3625394
          4030   184.3877234
          4031   184.4129025
          4032   184.4380771
          4033   184.4632516
          4034   184.4884261
          4035   184.5135956
          4036   184.5387606
          4037   184.5639257
          4038   184.5890908
          4039   184.6142505
          4040   184.6394062
          4041   184.6645618
          4042   184.6897174
          4043   184.7148675
          4044   184.7400137
          4045   184.7651599
          4046   184.7903061
          4047   184.8154465
          4048   184.8405833
          4049   184.8657201
          4050   184.8908568
          4051   184.9159876
          4052    184.941115
          4053   184.9662424
          4054   184.9913697
          4055   185.0164909
          4056   185.0416088
          4057   185.0667268
          4058   185.0918448
          4059   185.1169564
          4060   185.1420649
          4061   185.1671735
          4062    185.192282
          4063   185.2173841
          4064   185.2424832
          4065   185.2675824
          4066   185.2926816
          4067   185.3177741
          4068   185.3428639
          4069   185.3679536
          4070   185.3930434
          4071   185.4181264
          4072   185.4432068
          4073   185.4682873
          4074   185.4933677
          4075   185.5184412
          4076   185.5435122
          4077   185.5685833
          4078   185.5936543
          4079   185.6187184
          4080   185.6437801
          4081   185.6688418
          4082   185.6939035
          4083   185.7189581
          4084   185.7440105
          4085   185.7690628
          4086   185.7941152
          4087   185.8191604
          4088   185.8442034
          4089   185.8692464
          4090   185.8942894
          4091   185.9193252
          4092   185.9443589
          4093   185.9693926
          4094   185.9944263
          4095   186.0194527
          4096   186.0444771
          4097   186.0695015
          4098   186.0945259
          4099   186.1195429
          4100    186.144558
          4101   186.1695731
          4102   186.1945881
          4103   186.2195959
          4104   186.2446017
          4105   186.2696074
          4106   186.2946132
          4107   186.3196117
          4108   186.3446081
          4109   186.3696046
          4110   186.3946011
          4111   186.4195903
          4112   186.4445775
          4113   186.4695647
          4114   186.4945519
          4115   186.5195318
          4116   186.5445097
          4117   186.5694876
          4118   186.5944655
          4119   186.6194362
          4120   186.6444049
          4121   186.6693736
          4122   186.6943422
          4123   186.7193037
          4124   186.7442631
          4125   186.7692225
          4126   186.7941819
          4127   186.8191342
          4128   186.8440844
          4129   186.8690345
          4130   186.8939847
          4131   186.9189278
          4132   186.9438687
          4133   186.9688096
          4134   186.9937505
          4135   187.0186845
          4136   187.0436162
          4137   187.0685479
          4138   187.0934796
          4139   187.1184045
          4140   187.1433269
          4141   187.1682494
          4142   187.1931719
          4143   187.2180877
          4144   187.2430009
          4145   187.2679142
          4146   187.2928274
          4147   187.3177341
          4148   187.3426382
          4149   187.3675422
          4150   187.3924463
          4151   187.4173439
          4152   187.4422388
          4153   187.4671336
          4154   187.4920285
          4155   187.5169171
          4156   187.5418028
          4157   187.5666885
          4158   187.5915741
          4159   187.6164538
          4160   187.6413303
          4161   187.6662068
          4162   187.6910833
          4163   187.7159539
          4164   187.7408212
          4165   187.7656885
          4166   187.7905559
          4167   187.8154175
          4168   187.8402757
          4169   187.8651339
          4170    187.889992
          4171   187.9148448
          4172   187.9396938
          4173   187.9645428
          4174   187.9893918
          4175   188.0142356
          4176   188.0390755
          4177   188.0639154
          4178   188.0887553
          4179   188.1135902
          4180   188.1384209
          4181   188.1632517
          4182   188.1880824
          4183   188.2129084
          4184   188.2377301
          4185   188.2625517
          4186   188.2873733
          4187   188.3121905
          4188    188.337003
          4189   188.3618155
          4190    188.386628
          4191   188.4114363
          4192   188.4362397
          4193   188.4610431
          4194   188.4858466
          4195   188.5106461
          4196   188.5354404
          4197   188.5602347
          4198    188.585029
          4199   188.6098197
          4200   188.6346049
          4201   188.6593902
          4202   188.6841754
          4203   188.7089573
          4204   188.7337335
          4205   188.7585096
          4206   188.7832858
          4207   188.8080589
          4208    188.832826
          4209   188.8575931
          4210   188.8823602
          4211   188.9071246
          4212   188.9318826
          4213   188.9566406
          4214   188.9813987
          4215   189.0061544
          4216   189.0309034
          4217   189.0556523
          4218   189.0804013
          4219   189.1051484
          4220   189.1298883
          4221   189.1546282
          4222   189.1793681
          4223   189.2041065
          4224   189.2288374
          4225   189.2535683
          4226   189.2782991
          4227   189.3030289
          4228   189.3277507
          4229   189.3524726
          4230   189.3771944
          4231   189.4019156
          4232   189.4266284
          4233   189.4513412
          4234   189.4760541
          4235   189.5007666
          4236   189.5254704
          4237   189.5501742
          4238   189.5748781
          4239   189.5995819
          4240   189.6242768
          4241   189.6489717
          4242   189.6736665
          4243   189.6983613
          4244   189.7230477
          4245   189.7477335
          4246   189.7724193
          4247   189.7971052
          4248   189.8217831
          4249   189.8464599
          4250   189.8711367
          4251   189.8958136
          4252   189.9204829
          4253   189.9451508
          4254   189.9698187
          4255   189.9944865
          4256   190.0191474
          4257   190.0438063
          4258   190.0684652
          4259   190.0931241
          4260   190.1177765
          4261   190.1424264
          4262   190.1670764
          4263   190.1917263
          4264   190.2163703
          4265   190.2410113
          4266   190.2656522
          4267   190.2902932
          4268   190.3149288
          4269   190.3395608
          4270   190.3641928
          4271   190.3888249
          4272    190.413452
          4273   190.4380751
          4274   190.4626982
          4275   190.4873213
          4276   190.5119401
          4277   190.5365543
          4278   190.5611685
          4279   190.5857826
          4280    190.610393
          4281   190.6349983
          4282   190.6596036
          4283   190.6842088
          4284   190.7088109
          4285   190.7334072
          4286   190.7580036
          4287   190.7825999
          4288   190.8071937
          4289   190.8317811
          4290   190.8563686
          4291    190.880956
          4292   190.9055415
          4293     190.93012
          4294   190.9546986
          4295   190.9792772
          4296   191.0038543
          4297    191.028424
          4298   191.0529937
          4299   191.0775633
          4300   191.1021322
          4301    191.126693
          4302   191.1512538
          4303   191.1758146
          4304   191.2003753
          4305   191.2249272
          4306   191.2494792
          4307   191.2740311
          4308    191.298583
          4309   191.3231266
          4310   191.3476697
          4311   191.3722128
          4312   191.3967558
          4313   191.4212912
          4314   191.4458254
          4315   191.4703597
          4316   191.4948939
          4317   191.5194211
          4318   191.5439465
          4319   191.5684719
          4320   191.5929973
          4321   191.6175163
          4322   191.6420329
          4323   191.6665494
          4324    191.691066
          4325   191.7155769
          4326   191.7400846
          4327   191.7645924
          4328   191.7891001
          4329   191.8136029
          4330   191.8381018
          4331   191.8626007
          4332   191.8870996
          4333   191.9115944
          4334   191.9360845
          4335   191.9605746
          4336   191.9850646
          4337   192.0095513
          4338   192.0340326
          4339   192.0585139
          4340   192.0829952
          4341   192.1074738
          4342   192.1319463
          4343   192.1564188
          4344   192.1808913
          4345   192.2053619
          4346   192.2298256
          4347   192.2542894
          4348   192.2787531
          4349   192.3032156
          4350   192.3276706
          4351   192.3521255
          4352   192.3765805
          4353   192.4010351
          4354   192.4254812
          4355   192.4499274
          4356   192.4743736
          4357   192.4988198
          4358   192.5232576
          4359    192.547695
          4360   192.5721325
          4361   192.5965699
          4362   192.6209998
          4363   192.6454285
          4364   192.6698571
          4365   192.6942858
          4366   192.7187078
          4367   192.7431277
          4368   192.7675476
          4369   192.7919675
          4370   192.8163816
          4371   192.8407928
          4372    192.865204
          4373   192.8896152
          4374   192.9140214
          4375   192.9384238
          4376   192.9628263
          4377   192.9872288
          4378   193.0116271
          4379   193.0360208
          4380   193.0604146
          4381   193.0848083
          4382   193.1091988
          4383   193.1335838
          4384   193.1579689
          4385   193.1823539
          4386   193.2067366
          4387   193.2311129
          4388   193.2554892
          4389   193.2798656
          4390   193.3042404
          4391    193.328608
          4392   193.3529757
          4393   193.3773433
          4394   193.4017104
          4395   193.4260693
          4396   193.4504283
          4397   193.4747873
          4398   193.4991462
          4399   193.5234968
          4400   193.5478471
          4401   193.5721974
          4402   193.5965477
          4403   193.6208905
          4404   193.6452321
          4405   193.6695737
          4406   193.6939153
          4407   193.7182505
          4408   193.7425834
          4409   193.7669164
          4410   193.7912493
          4411   193.8155767
          4412    193.839901
          4413   193.8642253
          4414   193.8885496
          4415   193.9128694
          4416    193.937185
          4417   193.9615007
          4418   193.9858163
          4419   194.0101284
          4420   194.0344354
          4421   194.0587424
          4422   194.0830495
          4423   194.1073539
          4424   194.1316523
          4425   194.1559507
          4426   194.1802491
          4427   194.2045458
          4428   194.2288356
          4429   194.2531254
          4430   194.2774151
          4431   194.3017043
          4432   194.3259855
          4433   194.3502666
          4434   194.3745478
          4435    194.398829
          4436   194.4231019
          4437   194.4473745
          4438    194.471647
          4439   194.4959196
          4440    194.520185
          4441    194.544449
          4442   194.5687129
          4443   194.5929769
          4444   194.6172347
          4445   194.6414901
          4446   194.6657455
          4447   194.6900009
          4448   194.7142512
          4449    194.738498
          4450   194.7627448
          4451   194.7869916
          4452   194.8112344
          4453   194.8354726
          4454   194.8597108
          4455    194.883949
          4456   194.9081844
          4457    194.932414
          4458   194.9566437
          4459   194.9808733
          4460   195.0051012
          4461   195.0293223
          4462   195.0535434
          4463   195.0777645
          4464   195.1019849
          4465   195.1261974
          4466     195.15041
          4467   195.1746225
          4468   195.1988351
          4469   195.2230395
          4470   195.2472435
          4471   195.2714475
          4472   195.2956516
          4473   195.3198486
          4474   195.3440441
          4475   195.3682395
          4476    195.392435
          4477   195.4166246
          4478   195.4408116
          4479   195.4649985
          4480   195.4891855
          4481   195.5133678
          4482   195.5375462
          4483   195.5617246
          4484   195.5859031
          4485    195.610078
          4486   195.6342479
          4487   195.6584178
          4488   195.6825878
          4489   195.7067553
          4490   195.7309167
          4491   195.7550782
          4492   195.7792396
          4493   195.8033998
          4494   195.8275528
          4495   195.8517057
          4496   195.8758587
          4497   195.9000116
          4498    195.924156
          4499   195.9483005
          4500    195.972445
          4501   195.9965894
          4502   196.0207266
          4503   196.0448626
          4504   196.0689985
          4505   196.0931345
          4506   196.1172644
          4507   196.1413919
          4508   196.1655194
          4509    196.189647
          4510   196.2137696
          4511   196.2378887
          4512   196.2620077
          4513   196.2861268
          4514   196.3102422
          4515   196.3343528
          4516   196.3584634
          4517    196.382574
          4518   196.4066823
          4519   196.4307844
          4520   196.4548866
          4521   196.4789887
          4522   196.5030898
          4523   196.5271835
          4524   196.5512772
          4525   196.5753709
          4526   196.5994646
          4527   196.6235501
          4528   196.6476354
          4529   196.6717207
          4530    196.695806
          4531   196.7198843
          4532   196.7439611
          4533    196.768038
          4534   196.7921149
          4535   196.8161861
          4536   196.8402545
          4537    196.864323
          4538   196.8883914
          4539   196.9124555
          4540   196.9365155
          4541   196.9605756
          4542   196.9846356
          4543   197.0086926
          4544   197.0327443
          4545   197.0567959
          4546   197.0808476
          4547   197.1048975
          4548   197.1289407
          4549    197.152984
          4550   197.1770273
          4551   197.2010701
          4552    197.225105
          4553   197.2491399
          4554   197.2731747
          4555   197.2972096
          4556   197.3212371
          4557   197.3452636
          4558   197.3692901
          4559   197.3933166
          4560    197.417337
          4561   197.4413551
          4562   197.4653733
          4563   197.4893914
          4564   197.5134049
          4565   197.5374146
          4566   197.5614244
          4567   197.5854342
          4568   197.6094406
          4569   197.6334421
          4570   197.6574435
          4571   197.6814449
          4572   197.7054444
          4573   197.7294375
          4574   197.7534306
          4575   197.7774236
          4576   197.8014162
          4577   197.8254009
          4578   197.8493857
          4579   197.8733704
          4580   197.8973552
          4581   197.9213325
          4582   197.9453089
          4583   197.9692853
          4584   197.9932617
          4585   198.0172321
          4586   198.0412002
          4587   198.0651683
          4588   198.0891364
          4589   198.1130999
          4590   198.1370597
          4591   198.1610195
          4592   198.1849792
          4593   198.2089359
          4594   198.2328874
          4595   198.2568388
          4596   198.2807903
          4597   198.3047401
          4598   198.3286833
          4599   198.3526265
          4600   198.3765696
          4601   198.4005126
          4602   198.4244475
          4603   198.4483824
          4604   198.4723173
          4605   198.4962522
          4606     198.52018
          4607   198.5441066
          4608   198.5680332
          4609   198.5919598
          4610   198.6158809
          4611   198.6397993
          4612   198.6637176
          4613   198.6876359
          4614   198.7115502
          4615   198.7354603
          4616   198.7593703
          4617   198.7832804
          4618    198.807188
          4619   198.8310898
          4620   198.8549916
          4621   198.8788933
          4622   198.9027942
          4623   198.9266877
          4624   198.9505813
          4625   198.9744748
          4626   198.9983683
          4627   199.0222542
          4628   199.0461395
          4629   199.0700248
          4630   199.0939101
          4631   199.1177893
          4632   199.1416663
          4633   199.1655434
          4634   199.1894204
          4635   199.2132929
          4636   199.2371618
          4637   199.2610306
          4638   199.2848994
          4639   199.3087652
          4640   199.3326258
          4641   199.3564864
          4642   199.3803471
          4643   199.4042062
          4644   199.4280586
          4645    199.451911
          4646   199.4757634
          4647   199.4996158
          4648   199.5234601
          4649   199.5473043
          4650   199.5711485
          4651   199.5949927
          4652   199.6188304
          4653   199.6426664
          4654   199.6665024
          4655   199.6903384
          4656   199.7141695
          4657   199.7379973
          4658   199.7618251
          4659   199.7856529
          4660   199.8094774
          4661    199.833297
          4662   199.8571167
          4663   199.8809363
          4664   199.9047542
          4665   199.9285657
          4666   199.9523771
          4667   199.9761886
          4668           200
          4669   200.0238033
          4670   200.0476065
          4671   200.0714098
          4672   200.0952131
          4673   200.1190098
          4674   200.1428049
          4675      200.1666
          4676   200.1903951
          4677   200.2141854
          4678   200.2379723
          4679   200.2617593
          4680   200.2855462
          4681     200.30933
          4682   200.3331088
          4683   200.3568876
          4684   200.3806664
          4685   200.4044437
          4686   200.4282144
          4687    200.451985
          4688   200.4757557
          4689   200.4995264
          4690   200.5232891
          4691   200.5470516
          4692   200.5708141
          4693   200.5945767
          4694   200.6183329
          4695   200.6420874
          4696   200.6658418
          4697   200.6895962
          4698    200.713346
          4699   200.7370923
          4700   200.7608386
          4701   200.7845849
          4702   200.8083284
          4703   200.8320665
          4704   200.8558047
          4705   200.8795429
          4706     200.90328
          4707   200.9270101
          4708   200.9507401
          4709   200.9744702
          4710   200.9982003
          4711   201.0219229
          4712   201.0456449
          4713   201.0693669
          4714   201.0930889
          4715   201.1168051
          4716    201.140519
          4717   201.1642329
          4718   201.1879468
          4719   201.2116568
          4720   201.2353626
          4721   201.2590684
          4722   201.2827742
          4723   201.3064778
          4724   201.3301756
          4725   201.3538733
          4726   201.3775711
          4727   201.4012684
          4728   201.4249581
          4729   201.4486478
          4730   201.4723375
          4731   201.4960272
          4732   201.5197101
          4733   201.5433918
          4734   201.5670734
          4735    201.590755
          4736   201.6144317
          4737   201.6381053
          4738   201.6617789
          4739   201.6854525
          4740   201.7091229
          4741   201.7327885
          4742    201.756454
          4743   201.7801195
          4744   201.8037838
          4745   201.8274413
          4746   201.8510988
          4747   201.8747563
          4748   201.8984138
          4749   201.9220638
          4750   201.9457133
          4751   201.9693627
          4752   201.9930122
          4753    202.016656
          4754   202.0402975
          4755   202.0639389
          4756   202.0875804
          4757    202.111218
          4758   202.1348514
          4759   202.1584849
          4760   202.1821183
          4761   202.2057498
          4762   202.2293752
          4763   202.2530007
          4764   202.2766261
          4765   202.3002514
          4766   202.3238689
          4767   202.3474863
          4768   202.3711037
          4769   202.3947211
          4770   202.4183324
          4771   202.4419418
          4772   202.4655512
          4773   202.4891607
          4774   202.5127658
          4775   202.5363673
          4776   202.5599687
          4777   202.5835702
          4778   202.6071692
          4779   202.6307627
          4780   202.6543561
          4781   202.6779496
          4782   202.7015426
          4783   202.7251281
          4784   202.7487136
          4785   202.7722991
          4786   202.7958846
          4787   202.8194635
          4788   202.8430411
          4789   202.8666186
          4790   202.8901962
          4791   202.9137691
          4792   202.9373387
          4793   202.9609082
          4794   202.9844778
          4795   203.0080447
          4796   203.0316063
          4797    203.055168
          4798   203.0787296
          4799   203.1022905
          4800   203.1258442
          4801   203.1493979
          4802   203.1729516
          4803   203.1965053
          4804   203.2200522
          4805    203.243598
          4806   203.2671438
          4807   203.2906895
          4808   203.3142305
          4809   203.3377683
          4810   203.3613062
          4811    203.384844
          4812    203.408379
          4813    203.431909
          4814   203.4554389
          4815   203.4789688
          4816   203.5024979
          4817   203.5260199
          4818   203.5495419
          4819   203.5730639
          4820   203.5965859
          4821   203.6201011
          4822   203.6436153
          4823   203.6671294
          4824   203.6906435
          4825   203.7141528
          4826    203.737659
          4827   203.7611652
          4828   203.7846714
          4829   203.8081749
          4830   203.8316732
          4831   203.8551715
          4832   203.8786698
          4833   203.9021674
          4834   203.9256578
          4835   203.9491483
          4836   203.9726387
          4837   203.9961291
          4838    204.019613
          4839   204.0430955
          4840   204.0665781
          4841   204.0900606
          4842   204.1135386
          4843   204.1370133
          4844    204.160488
          4845   204.1839627
          4846   204.2074349
          4847   204.2309017
          4848   204.2543685
          4849   204.2778354
          4850   204.3013017
          4851   204.3247607
          4852   204.3482197
          4853   204.3716786
          4854   204.3951376
          4855   204.4185904
          4856   204.4420415
          4857   204.4654926
          4858   204.4889437
          4859   204.5123907
          4860    204.535834
          4861   204.5592773
          4862   204.5827205
          4863   204.6061617
          4864   204.6295972
          4865   204.6530326
          4866   204.6764681
          4867   204.6999035
          4868   204.7233312
          4869   204.7467588
          4870   204.7701864
          4871    204.793614
          4872    204.817036
          4873   204.8404558
          4874   204.8638756
          4875   204.8872954
          4876   204.9107116
          4877   204.9341236
          4878   204.9575356
          4879   204.9809475
          4880   205.0043581
          4881   205.0277622
          4882   205.0511664
          4883   205.0745706
          4884   205.0979748
          4885   205.1213718
          4886   205.1447682
          4887   205.1681646
          4888    205.191561
          4889   205.2149524
          4890    205.238341
          4891   205.2617296
          4892   205.2851182
          4893   205.3085039
          4894   205.3318847
          4895   205.3552655
          4896   205.3786463
          4897   205.4020265
          4898   205.4253995
          4899   205.4487725
          4900   205.4721456
          4901   205.4955186
          4902   205.5188853
          4903   205.5422506
          4904   205.5656159
          4905   205.5889811
          4906   205.6123423
          4907   205.6356998
          4908   205.6590573
          4909   205.6824148
          4910   205.7057703
          4911   205.7291201
          4912   205.7524698
          4913   205.7758195
          4914   205.7991693
          4915   205.8225116
          4916   205.8458535
          4917   205.8691955
          4918   205.8925375
          4919   205.9158742
          4920   205.9392085
          4921   205.9625427
          4922    205.985877
          4923   206.0092082
          4924   206.0325347
          4925   206.0558612
          4926   206.0791877
          4927   206.1025134
          4928   206.1258322
          4929    206.149151
          4930   206.1724697
          4931   206.1957885
          4932    206.219101
          4933    206.242412
          4934   206.2657231
          4935   206.2890342
          4936   206.3123411
          4937   206.3356445
          4938   206.3589478
          4939   206.3822512
          4940   206.4055527
          4941   206.4288483
          4942    206.452144
          4943   206.4754396
          4944   206.4987352
          4945   206.5220236
          4946   206.5453115
          4947   206.5685995
          4948   206.5918874
          4949   206.6151703
          4950   206.6384506
          4951   206.6617308
          4952   206.6850111
          4953   206.7082886
          4954   206.7315611
          4955   206.7548337
          4956   206.7781063
          4957   206.8013784
          4958   206.8246432
          4959   206.8479081
          4960    206.871173
          4961   206.8944379
          4962   206.9176969
          4963   206.9409541
          4964   206.9642113
          4965   206.9874685
          4966   207.0107222
          4967   207.0339717
          4968   207.0572213
          4969   207.0804708
          4970   207.1037191
          4971    207.126961
          4972   207.1502029
          4973   207.1734448
          4974   207.1966866
          4975    207.219922
          4976   207.2431562
          4977   207.2663904
          4978   207.2896246
          4979   207.3128546
          4980   207.3360812
          4981   207.3593078
          4982   207.3825344
          4983   207.4057591
          4984    207.428978
          4985    207.452197
          4986   207.4754159
          4987   207.4986348
          4988   207.5218466
          4989   207.5450579
          4990   207.5682692
          4991   207.5914805
          4992    207.614687
          4993   207.6378907
          4994   207.6610944
          4995   207.6842981
          4996   207.7074993
          4997   207.7306954
          4998   207.7538914
          4999   207.7770875
          5000   207.8002835
          5001   207.8234719
          5002   207.8466604
          5003   207.8698488
          5004   207.8930373
          5005   207.9162204
          5006   207.9394013
          5007   207.9625821
          5008    207.985763
          5009   208.0089409
          5010   208.0321142
          5011   208.0552874
          5012   208.0784607
          5013   208.1016334
          5014    208.124799
          5015   208.1479647
          5016   208.1711304
          5017    208.194296
          5018    208.217456
          5019   208.2406141
          5020   208.2637721
          5021   208.2869302
          5022    208.310085
          5023   208.3332355
          5024    208.356386
          5025   208.3795365
          5026   208.4026861
          5027    208.425829
          5028    208.448972
          5029   208.4721149
          5030   208.4952578
          5031   208.5183948
          5032   208.5415301
          5033   208.5646655
          5034   208.5878009
          5035   208.6109326
          5036   208.6340605
          5037   208.6571883
          5038   208.6803161
          5039   208.7034428
          5040    208.726563
          5041   208.7496833
          5042   208.7728035
          5043   208.7959238
          5044   208.8190378
          5045   208.8421506
          5046   208.8652633
          5047    208.888376
          5048    208.911485
          5049   208.9345901
          5050   208.9576953
          5051   208.9808005
          5052   209.0039044
          5053    209.027002
          5054   209.0500997
          5055   209.0731973
          5056    209.096295
          5057   209.1193863
          5058   209.1424764
          5059   209.1655666
          5060   209.1886567
          5061    209.211743
          5062   209.2348256
          5063   209.2579082
          5064   209.2809908
          5065   209.3040721
          5066   209.3271472
          5067   209.3502223
          5068   209.3732974
          5069   209.3963725
          5070   209.4194412
          5071   209.4425088
          5072   209.4655764
          5073    209.488644
          5074   209.5117078
          5075   209.5347679
          5076    209.557828
          5077   209.5808881
          5078   209.6039469
          5079   209.6269995
          5080   209.6500521
          5081   209.6731047
          5082   209.6961573
          5083   209.7192037
          5084   209.7422488
          5085    209.765294
          5086   209.7883391
          5087   209.8113805
          5088   209.8344182
          5089   209.8574558
          5090   209.8804935
          5091     209.90353
          5092   209.9265601
          5093   209.9495903
          5094   209.9726205
          5095   209.9956507
          5096   210.0186748
          5097   210.0416975
          5098   210.0647202
          5099   210.0877429
          5100   210.1107621
          5101   210.1337774
          5102   210.1567927
          5103   210.1798079
          5104   210.2028223
          5105   210.2258301
          5106   210.2488379
          5107   210.2718457
          5108   210.2948535
          5109   210.3178555
          5110   210.3408559
          5111   210.3638562
          5112   210.3868566
          5113   210.4098538
          5114   210.4328467
          5115   210.4558396
          5116   210.4788325
          5117   210.5018249
          5118   210.5248104
          5119   210.5477959
          5120   210.5707814
          5121   210.5937669
          5122   210.6167469
          5123    210.639725
          5124   210.6627031
          5125   210.6856811
          5126   210.7086564
          5127   210.7316271
          5128   210.7545977
          5129   210.7775684
          5130   210.8005389
          5131   210.8235021
          5132   210.8464653
          5133   210.8694286
          5134   210.8923918
          5135   210.9153501
          5136    210.938306
          5137   210.9612618
          5138   210.9842176
          5139   211.0071712
          5140   211.0301196
          5141    211.053068
          5142   211.0760165
          5143   211.0989649
          5144   211.1219063
          5145   211.1448474
          5146   211.1677884
          5147   211.1907295
          5148   211.2136661
          5149   211.2365998
          5150   211.2595334
          5151   211.2824671
          5152    211.305399
          5153   211.3283253
          5154   211.3512516
          5155   211.3741779
          5156   211.3971042
          5157    211.420024
          5158   211.4429429
          5159   211.4658619
          5160   211.4887808
          5161   211.5116959
          5162   211.5346075
          5163    211.557519
          5164   211.5804306
          5165   211.6033411
          5166   211.6262453
          5167   211.6491494
          5168   211.6720536
          5169   211.6949578
          5170   211.7178563
          5171   211.7407531
          5172     211.76365
          5173   211.7865468
          5174   211.8094406
          5175   211.8323301
          5176   211.8552196
          5177   211.8781091
          5178   211.9009983
          5179   211.9238804
          5180   211.9467626
          5181   211.9696448
          5182   211.9925269
          5183   212.0154041
          5184    212.038279
          5185   212.0611538
          5186   212.0840286
          5187   212.1069012
          5188   212.1297687
          5189   212.1526362
          5190   212.1755037
          5191   212.1983712
          5192   212.2212319
          5193   212.2440921
          5194   212.2669523
          5195   212.2898124
          5196   212.3126686
          5197   212.3355214
          5198   212.3583743
          5199   212.3812272
          5200   212.4040787
          5201   212.4269243
          5202   212.4497698
          5203   212.4726154
          5204    212.495461
          5205   212.5183007
          5206   212.5411389
          5207   212.5639772
          5208   212.5868154
          5209   212.6096506
          5210   212.6324816
          5211   212.6553125
          5212   212.6781435
          5213   212.7009742
          5214   212.7237978
          5215   212.7466215
          5216   212.7694452
          5217   212.7922689
          5218   212.8150877
          5219   212.8379041
          5220   212.8607205
          5221   212.8835369
          5222   212.9063513
          5223   212.9291604
          5224   212.9519695
          5225   212.9747787
          5226   212.9975878
          5227   213.0203904
          5228   213.0431923
          5229   213.0659941
          5230    213.088796
          5231   213.1115941
          5232   213.1343887
          5233   213.1571833
          5234   213.1799779
          5235   213.2027716
          5236    213.225559
          5237   213.2483463
          5238   213.2711336
          5239    213.293921
          5240    213.316703
          5241   213.3394831
          5242   213.3622632
          5243   213.3850433
          5244   213.4078209
          5245   213.4305937
          5246   213.4533666
          5247   213.4761394
          5248   213.4989122
          5249   213.5216782
          5250   213.5444438
          5251   213.5672094
          5252    213.589975
          5253   213.6127366
          5254    213.635495
          5255   213.6582533
          5256   213.6810117
          5257   213.7037689
          5258   213.7265201
          5259   213.7492712
          5260   213.7720224
          5261   213.7947735
          5262   213.8175191
          5263   213.8402631
          5264    213.863007
          5265    213.885751
          5266   213.9084922
          5267   213.9312289
          5268   213.9539657
          5269   213.9767024
          5270   213.9994391
          5271   214.0221688
          5272   214.0448983
          5273   214.0676279
          5274   214.0903574
          5275   214.1130828
          5276   214.1358051
          5277   214.1585274
          5278   214.1812497
          5279   214.2039708
          5280   214.2266859
          5281   214.2494011
          5282   214.2721162
          5283   214.2948313
          5284   214.3175409
          5285   214.3402489
          5286   214.3629568
          5287   214.3856648
          5288   214.4083701
          5289   214.4310708
          5290   214.4537716
          5291   214.4764724
          5292   214.4991732
          5293    214.521867
          5294   214.5445606
          5295   214.5672542
          5296   214.5899478
          5297   214.6126374
          5298   214.6353238
          5299   214.6580103
          5300   214.6806967
          5301   214.7033821
          5302   214.7260613
          5303   214.7487406
          5304   214.7714199
          5305   214.7940991
          5306   214.8167731
          5307   214.8394452
          5308   214.8621173
          5309   214.8847895
          5310   214.9074592
          5311   214.9301242
          5312   214.9527892
          5313   214.9754541
          5314   214.9981191
          5315   215.0207775
          5316   215.0434353
          5317   215.0660932
          5318    215.088751
          5319   215.1114052
          5320   215.1340559
          5321   215.1567066
          5322   215.1793573
          5323   215.2020074
          5324   215.2246509
          5325   215.2472945
          5326    215.269938
          5327   215.2925816
          5328   215.3152204
          5329   215.3378568
          5330   215.3604932
          5331   215.3831297
          5332   215.4057643
          5333   215.4283936
          5334    215.451023
          5335   215.4736523
          5336   215.4962816
          5337    215.518905
          5338   215.5415272
          5339   215.5641494
          5340   215.5867716
          5341   215.6093909
          5342    215.632006
          5343   215.6546211
          5344   215.6772362
          5345   215.6998513
          5346   215.7224594
          5347   215.7450674
          5348   215.7676754
          5349   215.7902834
          5350   215.8128873
          5351   215.8354883
          5352   215.8580892
          5353   215.8806901
          5354     215.90329
          5355   215.9258838
          5356   215.9484777
          5357   215.9710715
          5358   215.9936653
          5359   216.0162541
          5360   216.0388408
          5361   216.0614276
          5362   216.0840143
          5363    216.106599
          5364   216.1291787
          5365   216.1517583
          5366    216.174338
          5367   216.1969177
          5368   216.2194913
          5369   216.2420639
          5370   216.2646365
          5371   216.2872091
          5372   216.3097787
          5373   216.3323442
          5374   216.3549098
          5375   216.3774753
          5376   216.4000409
          5377   216.4225994
          5378   216.4451579
          5379   216.4677163
          5380   216.4902748
          5381   216.5128293
          5382   216.5353808
          5383   216.5579322
          5384   216.5804837
          5385   216.6030342
          5386   216.6255786
          5387    216.648123
          5388   216.6706674
          5389   216.6932118
          5390   216.7157513
          5391   216.7382886
          5392    216.760826
          5393   216.7833634
          5394   216.8058989
          5395   216.8284292
          5396   216.8509596
          5397   216.8734899
          5398   216.8960203
          5399   216.9185448
          5400   216.9410681
          5401   216.9635914
          5402   216.9861148
          5403   217.0086354
          5404   217.0311517
          5405    217.053668
          5406   217.0761843
          5407   217.0987006
          5408   217.1212102
          5409   217.1437195
          5410   217.1662288
          5411   217.1887381
          5412   217.2112439
          5413   217.2337462
          5414   217.2562484
          5415   217.2787507
          5416   217.3012526
          5417   217.3237479
          5418   217.3462432
          5419   217.3687384
          5420   217.3912337
          5421   217.4137247
          5422    217.436213
          5423   217.4587013
          5424   217.4811896
          5425   217.5036767
          5426    217.526158
          5427   217.5486393
          5428   217.5711206
          5429   217.5936019
          5430   217.6160782
          5431   217.6385525
          5432   217.6610268
          5433   217.6835011
          5434   217.7059736
          5435   217.7284409
          5436   217.7509083
          5437   217.7733756
          5438    217.795843
          5439   217.8183046
          5440    217.840765
          5441   217.8632254
          5442   217.8856857
          5443   217.9081436
          5444    217.930597
          5445   217.9530504
          5446   217.9755038
          5447   217.9979572
          5448   218.0204043
          5449   218.0428507
          5450   218.0652972
          5451   218.0877436
          5452   218.1101869
          5453   218.1326264
          5454   218.1550659
          5455   218.1775054
          5456   218.1999449
          5457   218.2223775
          5458     218.24481
          5459   218.2672426
          5460   218.2896751
          5461   218.3121039
          5462   218.3345295
          5463   218.3569552
          5464   218.3793808
          5465   218.4018058
          5466   218.4242245
          5467   218.4466432
          5468   218.4690619
          5469   218.4914805
          5470   218.5138949
          5471   218.5363067
          5472   218.5587184
          5473   218.5811302
          5474   218.6035408
          5475   218.6259457
          5476   218.6483505
          5477   218.6707553
          5478   218.6931602
          5479   218.7155602
          5480   218.7379581
          5481    218.760356
          5482   218.7827539
          5483   218.8051502
          5484   218.8275413
          5485   218.8499323
          5486   218.8723233
          5487   218.8947143
          5488      218.9171
          5489   218.9394841
          5490   218.9618682
          5491   218.9842523
          5492   219.0066344
          5493   219.0290116
          5494   219.0513888
          5495    219.073766
          5496   219.0961432
          5497   219.1185147
          5498    219.140885
          5499   219.1632553
          5500   219.1856256
          5501   219.2079935
          5502   219.2303569
          5503   219.2527203
          5504   219.2750838
          5505   219.2974472
          5506   219.3198045
          5507   219.3421611
          5508   219.3645176
          5509   219.3868742
          5510   219.4092279
          5511   219.4315775
          5512   219.4539272
          5513   219.4762769
          5514   219.4986266
          5515   219.5209698
          5516   219.5433126
          5517   219.5656554
          5518   219.5879982
          5519   219.6103378
          5520   219.6326738
          5521   219.6550097
          5522   219.6773457
          5523   219.6996816
          5524   219.7220108
          5525   219.7443399
          5526    219.766669
          5527   219.7889981
          5528   219.8113237
          5529   219.8336459
          5530   219.8559682
          5531   219.8782904
          5532   219.9006124
          5533   219.9229278
          5534   219.9452432
          5535   219.9675586
          5536    219.989874
          5537   220.0121857
          5538   220.0344942
          5539   220.0568028
          5540   220.0791114
          5541   220.1014195
          5542   220.1237212
          5543   220.1460229
          5544   220.1683246
          5545   220.1906264
          5546   220.2129241
          5547    220.235219
          5548   220.2575139
          5549   220.2798088
          5550   220.3021031
          5551   220.3243912
          5552   220.3466792
          5553   220.3689673
          5554   220.3912554
          5555   220.4135393
          5556   220.4358206
          5557   220.4581018
          5558   220.4803831
          5559   220.5026636
          5560    220.524938
          5561   220.5472125
          5562   220.5694869
          5563   220.5917614
          5564   220.6140315
          5565   220.6362992
          5566   220.6585668
          5567   220.6808345
          5568   220.7031012
          5569    220.725362
          5570   220.7476229
          5571   220.7698837
          5572   220.7921446
          5573    220.814401
          5574   220.8366551
          5575   220.8589092
          5576   220.8811632
          5577   220.9034163
          5578   220.9256635
          5579   220.9479108
          5580   220.9701581
          5581   220.9924054
          5582   221.0146482
          5583   221.0368887
          5584   221.0591292
          5585   221.0813697
          5586   221.1036091
          5587   221.1258428
          5588   221.1480765
          5589   221.1703102
          5590   221.1925439
          5591   221.2147732
          5592   221.2370001
          5593   221.2592271
          5594    221.281454
          5595   221.3036799
          5596   221.3259001
          5597   221.3481202
          5598   221.3703404
          5599   221.3925606
          5600   221.4147763
          5601   221.4369898
          5602   221.4592032
          5603   221.4814166
          5604    221.503629
          5605   221.5258356
          5606   221.5480423
          5607    221.570249
          5608   221.5924557
          5609   221.6146579
          5610   221.6368579
          5611   221.6590578
          5612   221.6812578
          5613   221.7034566
          5614   221.7256498
          5615    221.747843
          5616   221.7700362
          5617   221.7922294
          5618   221.8144183
          5619   221.8366047
          5620   221.8587912
          5621   221.8809777
          5622   221.9031632
          5623   221.9253429
          5624   221.9475227
          5625   221.9697024
          5626   221.9918821
          5627   222.0140576
          5628   222.0362306
          5629   222.0584037
          5630   222.0805767
          5631   222.1027489
          5632   222.1249152
          5633   222.1470815
          5634   222.1692478
          5635   222.1914141
          5636   222.2135763
          5637   222.2357359
          5638   222.2578954
          5639    222.280055
          5640    222.302214
          5641   222.3243668
          5642   222.3465197
          5643   222.3686726
          5644   222.3908255
          5645   222.4129745
          5646   222.4351207
          5647   222.4572668
          5648    222.479413
          5649   222.5015588
          5650   222.5236982
          5651   222.5458377
          5652   222.5679772
          5653   222.5901167
          5654   222.6122525
          5655   222.6343853
          5656   222.6565181
          5657   222.6786509
          5658   222.7007835
          5659   222.7229096
          5660   222.7450358
          5661   222.7671619
          5662    222.789288
          5663   222.8114107
          5664   222.8335302
          5665   222.8556496
          5666   222.8777691
          5667   222.8998885
          5668   222.9220013
          5669   222.9441141
          5670   222.9662269
          5671   222.9883397
          5672   223.0104493
          5673   223.0325554
          5674   223.0546615
          5675   223.0767676
          5676   223.0988737
          5677   223.1209735
          5678    223.143073
          5679   223.1651725
          5680   223.1872719
          5681   223.2093685
          5682   223.2314614
          5683   223.2535542
          5684    223.275647
          5685   223.2977398
          5686   223.3198266
          5687   223.3419128
          5688   223.3639989
          5689   223.3860851
          5690   223.4081688
          5691   223.4302483
          5692   223.4523278
          5693   223.4744073
          5694   223.4964868
          5695   223.5185607
          5696   223.5406336
          5697   223.5627065
          5698   223.5847794
          5699   223.6068502
          5700   223.6289164
          5701   223.6509827
          5702   223.6730489
          5703   223.6951152
          5704   223.7171763
          5705   223.7392359
          5706   223.7612955
          5707   223.7833551
          5708   223.8054131
          5709   223.8274661
          5710   223.8495191
          5711   223.8715721
          5712   223.8936251
          5713   223.9156734
          5714   223.9377198
          5715   223.9597662
          5716   223.9818126
          5717   224.0038578
          5718   224.0258976
          5719   224.0479374
          5720   224.0699772
          5721    224.092017
          5722   224.1140525
          5723   224.1360857
          5724   224.1581189
          5725   224.1801521
          5726   224.2021846
          5727   224.2242112
          5728   224.2462378
          5729   224.2682643
          5730   224.2902909
          5731   224.3123138
          5732   224.3343338
          5733   224.3563538
          5734   224.3783738
          5735   224.4003937
          5736   224.4224071
          5737   224.4444205
          5738   224.4664339
          5739   224.4884473
          5740   224.5104576
          5741   224.5324644
          5742   224.5544712
          5743    224.576478
          5744   224.5984849
          5745   224.6204856
          5746   224.6424858
          5747   224.6644861
          5748   224.6864863
          5749    224.708484
          5750   224.7304777
          5751   224.7524714
          5752   224.7744651
          5753   224.7964588
          5754   224.8184469
          5755   224.8404341
          5756   224.8624212
          5757   224.8844083
          5758   224.9063935
          5759   224.9283741
          5760   224.9503546
          5761   224.9723352
          5762   224.9943157
          5763   225.0162914
          5764   225.0382655
          5765   225.0602395
          5766   225.0822135
          5767   225.1041862
          5768   225.1261537
          5769   225.1481212
          5770   225.1700886
          5771   225.1920561
          5772   225.2140194
          5773   225.2359803
          5774   225.2579412
          5775   225.2799021
          5776   225.3018625
          5777   225.3238169
          5778   225.3457713
          5779   225.3677256
          5780     225.38968
          5781    225.411631
          5782   225.4335788
          5783   225.4555267
          5784   225.4774745
          5785   225.4994224
          5786   225.5213639
          5787   225.5433052
          5788   225.5652465
          5789   225.5871879
          5790   225.6091265
          5791   225.6310613
          5792   225.6529961
          5793   225.6749309
          5794   225.6968657
          5795    225.718795
          5796   225.7407233
          5797   225.7626516
          5798   225.7845799
          5799   225.8065062
          5800    225.828428
          5801   225.8503498
          5802   225.8722716
          5803   225.8941934
          5804   225.9161104
          5805   225.9380257
          5806    225.959941
          5807   225.9818563
          5808   226.0037704
          5809   226.0256792
          5810    226.047588
          5811   226.0694968
          5812   226.0914056
          5813   226.1133105
          5814   226.1352128
          5815   226.1571151
          5816   226.1790174
          5817   226.2009194
          5818   226.2228152
          5819    226.244711
          5820   226.2666068
          5821   226.2885026
          5822   226.3103954
          5823   226.3322847
          5824    226.354174
          5825   226.3760634
          5826   226.3979527
          5827   226.4198362
          5828    226.441719
          5829   226.4636019
          5830   226.4854847
          5831   226.5073654
          5832   226.5292418
          5833   226.5511182
          5834   226.5729946
          5835    226.594871
          5836   226.6167424
          5837   226.6386124
          5838   226.6604823
          5839   226.6823522
          5840   226.7042209
          5841   226.7260843
          5842   226.7479478
          5843   226.7698113
          5844   226.7916747
          5845   226.8135342
          5846   226.8353912
          5847   226.8572482
          5848   226.8791053
          5849    226.900962
          5850   226.9228126
          5851   226.9446631
          5852   226.9665137
          5853   226.9883642
          5854   227.0102118
          5855   227.0320559
          5856      227.0539
          5857   227.0757442
          5858   227.0975883
          5859   227.1194267
          5860   227.1412644
          5861   227.1631021
          5862   227.1849398
          5863   227.2067754
          5864   227.2286067
          5865    227.250438
          5866   227.2722692
          5867   227.2941005
          5868    227.315927
          5869   227.3377519
          5870   227.3595767
          5871   227.3814015
          5872   227.4032254
          5873   227.4250438
          5874   227.4468622
          5875   227.4686806
          5876    227.490499
          5877   227.5123138
          5878   227.5341258
          5879   227.5559378
          5880   227.5777498
          5881   227.5995618
          5882   227.6213675
          5883   227.6431731
          5884   227.6649787
          5885   227.6867843
          5886   227.7085873
          5887   227.7303865
          5888   227.7521857
          5889   227.7739849
          5890    227.795784
          5891   227.8175781
          5892   227.8393708
          5893   227.8611636
          5894   227.8829564
          5895   227.9047478
          5896   227.9265342
          5897   227.9483206
          5898   227.9701069
          5899   227.9918933
          5900   228.0136757
          5901   228.0354557
          5902   228.0572357
          5903   228.0790157
          5904   228.1007955
          5905   228.1225691
          5906   228.1443427
          5907   228.1661163
          5908   228.1878899
          5909   228.2096607
          5910   228.2314279
          5911   228.2531952
          5912   228.2749624
          5913   228.2967297
          5914   228.3184915
          5915   228.3402524
          5916   228.3620132
          5917   228.3837741
          5918   228.4055333
          5919   228.4272878
          5920   228.4490423
          5921   228.4707968
          5922   228.4925513
          5923   228.5143016
          5924   228.5360498
          5925   228.5577979
          5926   228.5795461
          5927   228.6012938
          5928   228.6230356
          5929   228.6447774
          5930   228.6665192
          5931   228.6882609
          5932   228.7099998
          5933   228.7317352
          5934   228.7534707
          5935   228.7752061
          5936   228.7969415
          5937   228.8186715
          5938   228.8404006
          5939   228.8621297
          5940   228.8838588
          5941   228.9055862
          5942    228.927309
          5943   228.9490317
          5944   228.9707544
          5945   228.9924772
          5946   229.0141958
          5947   229.0359122
          5948   229.0576286
          5949    229.079345
          5950   229.1010611
          5951   229.1227712
          5952   229.1444813
          5953   229.1661914
          5954   229.1879014
          5955   229.2096087
          5956   229.2313125
          5957   229.2530162
          5958     229.27472
          5959   229.2964238
          5960   229.3181222
          5961   229.3398197
          5962   229.3615171
          5963   229.3832145
          5964   229.4049105
          5965   229.4266017
          5966   229.4482928
          5967   229.4699839
          5968    229.491675
          5969   229.5133623
          5970   229.5350471
          5971   229.5567319
          5972   229.5784167
          5973   229.6001015
          5974     229.62178
          5975   229.6434585
          5976    229.665137
          5977   229.6868156
          5978   229.7084916
          5979   229.7301638
          5980    229.751836
          5981   229.7735082
          5982   229.7951805
          5983   229.8168478
          5984   229.8385137
          5985   229.8601796
          5986   229.8818455
          5987   229.9035104
          5988   229.9251701
          5989   229.9468297
          5990   229.9684894
          5991    229.990149
          5992   230.0118052
          5993   230.0334585
          5994   230.0551119
          5995   230.0767653
          5996   230.0984186
          5997   230.1200661
          5998   230.1417132
          5999   230.1633603
          6000   230.1850074
          6001   230.2066525
          6002   230.2282933
          6003   230.2499341
          6004   230.2715749
          6005   230.2932157
          6006   230.3148522
          6007   230.3364868
          6008   230.3581213
          6009   230.3797558
          6010     230.40139
          6011   230.4230183
          6012   230.4446465
          6013   230.4662748
          6014   230.4879031
          6015   230.5095286
          6016   230.5311506
          6017   230.5527726
          6018   230.5743947
          6019   230.5960167
          6020   230.6176336
          6021   230.6392494
          6022   230.6608651
          6023   230.6824809
          6024   230.7040955
          6025    230.725705
          6026   230.7473145
          6027   230.7689241
          6028   230.7905336
          6029   230.8121396
          6030   230.8337429
          6031   230.8553462
          6032   230.8769495
          6033   230.8985527
          6034   230.9201502
          6035   230.9417473
          6036   230.9633443
          6037   230.9849414
          6038   231.0065365
          6039   231.0281273
          6040   231.0497182
          6041    231.071309
          6042   231.0928998
          6043   231.1144864
          6044    231.136071
          6045   231.1576556
          6046   231.1792402
          6047   231.2008246
          6048    231.222403
          6049   231.2439813
          6050   231.2655597
          6051   231.2871381
          6052   231.3087139
          6053   231.3302861
          6054   231.3518583
          6055   231.3734304
          6056   231.3950026
          6057     231.41657
          6058   231.4381359
          6059   231.4597019
          6060   231.4812678
          6061    231.502833
          6062   231.5243927
          6063   231.5459525
          6064   231.5675122
          6065    231.589072
          6066   231.6106286
          6067   231.6321822
          6068   231.6537357
          6069   231.6752893
          6070   231.6968428
          6071   231.7183911
          6072   231.7399385
          6073   231.7614858
          6074   231.7830332
          6075   231.8045792
          6076   231.8261204
          6077   231.8476615
          6078   231.8692027
          6079   231.8907439
          6080   231.9122815
          6081   231.9338165
          6082   231.9553515
          6083   231.9768865
          6084   231.9984214
          6085   232.0199507
          6086   232.0414795
          6087   232.0630083
          6088   232.0845371
          6089   232.1060642
          6090   232.1275868
          6091   232.1491094
          6092   232.1706321
          6093   232.1921547
          6094   232.2136734
          6095   232.2351899
          6096   232.2567063
          6097   232.2782228
          6098   232.2997393
          6099   232.3212496
          6100   232.3427599
          6101   232.3642702
          6102   232.3857805
          6103   232.4072888
          6104   232.4287929
          6105    232.450297
          6106   232.4718012
          6107   232.4933053
          6108   232.5148052
          6109   232.5363032
          6110   232.5578012
          6111   232.5792992
          6112    232.600797
          6113   232.6222888
          6114   232.6437806
          6115   232.6652725
          6116   232.6867643
          6117   232.7082538
          6118   232.7297395
          6119   232.7512252
          6120   232.7727109
          6121   232.7941966
          6122   232.8156778
          6123   232.8371574
          6124    232.858637
          6125   232.8801165
          6126   232.9015956
          6127    232.923069
          6128   232.9445425
          6129   232.9660159
          6130   232.9874893
          6131   233.0089602
          6132   233.0304275
          6133   233.0518948
          6134   233.0733621
          6135   233.0948294
          6136   233.1162921
          6137   233.1377533
          6138   233.1592144
          6139   233.1806756
          6140   233.2021362
          6141   233.2235913
          6142   233.2450463
          6143   233.2665014
          6144   233.2879564
          6145   233.3094088
          6146   233.3308578
          6147   233.3523067
          6148   233.3737557
          6149   233.3952046
          6150   233.4166488
          6151   233.4380917
          6152   233.4595345
          6153   233.4809774
          6154   233.5024195
          6155   233.5238563
          6156    233.545293
          6157   233.5667298
          6158   233.5881665
          6159   233.6096005
          6160   233.6310312
          6161   233.6524618
          6162   233.6738924
          6163   233.6953231
          6164    233.716749
          6165   233.7381735
          6166   233.7595981
          6167   233.7810226
          6168   233.8024465
          6169    233.823865
          6170   233.8452834
          6171   233.8667019
          6172   233.8881204
          6173   233.9095361
          6174   233.9309485
          6175   233.9523609
          6176   233.9737733
          6177   233.9951857
          6178   234.0165933
          6179   234.0379996
          6180   234.0594059
          6181   234.0808122
          6182   234.1022179
          6183   234.1236182
          6184   234.1450184
          6185   234.1664186
          6186   234.1878189
          6187   234.2092165
          6188   234.2306107
          6189   234.2520048
          6190    234.273399
          6191   234.2947932
          6192   234.3161828
          6193   234.3375709
          6194    234.358959
          6195   234.3803471
          6196   234.4017347
          6197   234.4231167
          6198   234.4444988
          6199   234.4658808
          6200   234.4872629
          6201   234.5086425
          6202   234.5300185
          6203   234.5513945
          6204   234.5727705
          6205   234.5941465
          6206   234.6155181
          6207   234.6368881
          6208    234.658258
          6209    234.679628
          6210   234.7009976
          6211   234.7223615
          6212   234.7437255
          6213   234.7650894
          6214   234.7864533
          6215    234.807815
          6216   234.8291728
          6217   234.8505307
          6218   234.8718886
          6219   234.8932465
          6220   234.9146002
          6221   234.9359521
          6222   234.9573039
          6223   234.9786557
          6224   235.0000076
          6225   235.0213534
          6226   235.0426992
          6227    235.064045
          6228   235.0853908
          6229   235.1067348
          6230   235.1280745
          6231   235.1494143
          6232   235.1707541
          6233   235.1920939
          6234   235.2134299
          6235   235.2347637
          6236   235.2560975
          6237   235.2774313
          6238    235.298765
          6239   235.3200931
          6240   235.3414209
          6241   235.3627487
          6242   235.3840764
          6243   235.4054027
          6244   235.4267244
          6245   235.4480462
          6246   235.4693679
          6247   235.4906897
          6248   235.5120081
          6249   235.5333238
          6250   235.5546396
          6251   235.5759553
          6252   235.5972711
          6253   235.6185816
          6254   235.6398914
          6255   235.6612011
          6256   235.6825109
          6257   235.7038196
          6258   235.7251233
          6259   235.7464271
          6260   235.7677309
          6261   235.7890346
          6262   235.8103355
          6263   235.8316333
          6264    235.852931
          6265   235.8742288
          6266   235.8955266
          6267   235.9168196
          6268   235.9381114
          6269   235.9594032
          6270    235.980695
          6271   236.0019863
          6272   236.0232721
          6273   236.0445579
          6274   236.0658437
          6275   236.0871295
          6276    236.108413
          6277   236.1296928
          6278   236.1509727
          6279   236.1722525
          6280   236.1935324
          6281   236.2148081
          6282   236.2360819
          6283   236.2573558
          6284   236.2786297
          6285   236.2999036
          6286   236.3211715
          6287   236.3424394
          6288   236.3637073
          6289   236.3849752
          6290   236.4062414
          6291   236.4275034
          6292   236.4487653
          6293   236.4700273
          6294   236.4912892
          6295   236.5125477
          6296   236.5338037
          6297   236.5550597
          6298   236.5763157
          6299   236.5975717
          6300   236.6188224
          6301   236.6400725
          6302   236.6613225
          6303   236.6825726
          6304   236.7038216
          6305   236.7250657
          6306   236.7463098
          6307   236.7675539
          6308    236.788798
          6309   236.8100393
          6310   236.8312775
          6311   236.8525157
          6312   236.8737538
          6313    236.894992
          6314   236.9162256
          6315   236.9374579
          6316   236.9586901
          6317   236.9799224
          6318   237.0011543
          6319   237.0223806
          6320   237.0436069
          6321   237.0648332
          6322   237.0860595
          6323   237.1072838
          6324   237.1285042
          6325   237.1497246
          6326   237.1709449
          6327   237.1921653
          6328    237.213382
          6329   237.2345965
          6330   237.2558109
          6331   237.2770254
          6332   237.2982399
          6333   237.3194489
          6334   237.3406574
          6335    237.361866
          6336   237.3830746
          6337   237.4042819
          6338   237.4254846
          6339   237.4466872
          6340   237.4678898
          6341   237.4890925
          6342   237.5102923
          6343    237.531489
          6344   237.5526857
          6345   237.5738825
          6346   237.5950792
          6347   237.6162714
          6348   237.6374623
          6349   237.6586531
          6350   237.6798439
          6351   237.7010345
          6352   237.7222194
          6353   237.7434044
          6354   237.7645893
          6355   237.7857743
          6356   237.8069573
          6357   237.8281363
          6358   237.8493154
          6359   237.8704944
          6360   237.8916735
          6361    237.912849
          6362   237.9340221
          6363   237.9551953
          6364   237.9763685
          6365   237.9975416
          6366   238.0187096
          6367   238.0398769
          6368   238.0610442
          6369   238.0822115
          6370   238.1033778
          6371   238.1245392
          6372   238.1457006
          6373   238.1668621
          6374   238.1880235
          6375   238.2091823
          6376   238.2303379
          6377   238.2514934
          6378    238.272649
          6379   238.2938045
          6380   238.3149559
          6381   238.3361056
          6382   238.3572552
          6383   238.3784049
          6384   238.3995546
          6385   238.4206985
          6386   238.4418423
          6387   238.4629861
          6388     238.48413
          6389   238.5052723
          6390   238.5264103
          6391   238.5475482
          6392   238.5686862
          6393   238.5898241
          6394   238.6109591
          6395   238.6320912
          6396   238.6532233
          6397   238.6743554
          6398   238.6954875
          6399    238.716615
          6400   238.7377412
          6401   238.7588675
          6402   238.7799938
          6403   238.8011197
          6404   238.8222401
          6405   238.8433605
          6406   238.8644809
          6407   238.8856014
          6408   238.9067199
          6409   238.9278345
          6410   238.9489491
          6411   238.9700637
          6412   238.9911782
          6413   239.0122894
          6414   239.0333982
          6415   239.0545069
          6416   239.0756156
          6417   239.0967244
          6418   239.1178282
          6419   239.1389311
          6420    239.160034
          6421    239.181137
          6422   239.2022393
          6423   239.2233364
          6424   239.2444334
          6425   239.2655305
          6426   239.2866276
          6427   239.3077226
          6428   239.3288139
          6429   239.3499051
          6430   239.3709964
          6431   239.3920877
          6432   239.4131753
          6433   239.4342608
          6434   239.4553463
          6435   239.4764317
          6436   239.4975172
          6437   239.5185975
          6438   239.5396772
          6439   239.5607568
          6440   239.5818365
          6441   239.6029153
          6442   239.6239892
          6443    239.645063
          6444   239.6661369
          6445   239.6872107
          6446   239.7082823
          6447   239.7293503
          6448   239.7504184
          6449   239.7714864
          6450   239.7925545
          6451   239.8136188
          6452    239.834681
          6453   239.8557433
          6454   239.8768055
          6455   239.8978678
          6456   239.9189248
          6457   239.9399813
          6458   239.9610377
          6459   239.9820942
          6460   240.0031498
          6461   240.0242005
          6462   240.0452511
          6463   240.0663018
          6464   240.0873525
          6465   240.1084009
          6466   240.1294458
          6467   240.1504907
          6468   240.1715356
          6469   240.1925804
          6470   240.2136216
          6471   240.2346607
          6472   240.2556998
          6473    240.276739
          6474   240.2977781
          6475    240.318812
          6476   240.3398454
          6477   240.3608787
          6478   240.3819121
          6479   240.4029446
          6480   240.4239722
          6481   240.4449998
          6482   240.4660274
          6483   240.4870549
          6484   240.5080803
          6485   240.5291021
          6486   240.5501239
          6487   240.5711458
          6488   240.5921676
          6489   240.6131858
          6490   240.6342018
          6491   240.6552179
          6492    240.676234
          6493     240.69725
          6494   240.7182611
          6495   240.7392714
          6496   240.7602817
          6497    240.781292
          6498   240.8023017
          6499   240.8233062
          6500   240.8443108
          6501   240.8653154
          6502   240.8863199
          6503   240.9073225
          6504   240.9283213
          6505   240.9493201
          6506   240.9703189
          6507   240.9913177
          6508   241.0123132
          6509   241.0333063
          6510   241.0542993
          6511   241.0752924
          6512   241.0962855
          6513   241.1172738
          6514   241.1382612
          6515   241.1592485
          6516   241.1802359
          6517   241.2012229
          6518   241.2222045
          6519   241.2431861
          6520   241.2641677
          6521   241.2851493
          6522   241.3061293
          6523   241.3271051
          6524    241.348081
          6525   241.3690569
          6526   241.3900328
          6527   241.4110057
          6528   241.4319759
          6529    241.452946
          6530   241.4739162
          6531   241.4948864
          6532   241.5158522
          6533   241.5368167
          6534   241.5577811
          6535   241.5787456
          6536     241.59971
          6537   241.6206688
          6538   241.6416276
          6539   241.6625863
          6540    241.683545
          6541   241.7045026
          6542   241.7254556
          6543   241.7464086
          6544   241.7673617
          6545   241.7883147
          6546   241.8092652
          6547   241.8302125
          6548   241.8511599
          6549   241.8721072
          6550   241.8930545
          6551    241.913998
          6552   241.9349397
          6553   241.9558813
          6554   241.9768229
          6555   241.9977646
          6556   242.0187011
          6557   242.0396371
          6558    242.060573
          6559   242.0815089
          6560   242.1024442
          6561   242.1233745
          6562   242.1443047
          6563    242.165235
          6564   242.1861652
          6565   242.2070936
          6566   242.2280181
          6567   242.2489427
          6568   242.2698673
          6569   242.2907918
          6570   242.3117132
          6571   242.3326321
          6572    242.353551
          6573   242.3744699
          6574   242.3953888
          6575   242.4163032
          6576   242.4372165
          6577   242.4581297
          6578   242.4790429
          6579   242.4999561
          6580   242.5208637
          6581   242.5417712
          6582   242.5626787
          6583   242.5835863
          6584   242.6044926
          6585   242.6253945
          6586   242.6462964
          6587   242.6671983
          6588   242.6881001
          6589   242.7089996
          6590   242.7298958
          6591    242.750792
          6592   242.7716882
          6593   242.7925845
          6594    242.813477
          6595   242.8343676
          6596   242.8552581
          6597   242.8761487
          6598   242.8970393
          6599    242.917925
          6600   242.9388099
          6601   242.9596948
          6602   242.9805797
          6603   243.0014642
          6604   243.0223435
          6605   243.0432228
          6606    243.064102
          6607   243.0849813
          6608    243.105859
          6609   243.1267326
          6610   243.1476062
          6611   243.1684798
          6612   243.1893534
          6613   243.2102243
          6614   243.2310923
          6615   243.2519603
          6616   243.2728283
          6617   243.2936962
          6618   243.3145603
          6619   243.3354226
          6620    243.356285
          6621   243.3771473
          6622   243.3980097
          6623   243.4188669
          6624   243.4397237
          6625   243.4605804
          6626   243.4814371
          6627   243.5022932
          6628   243.5231443
          6629   243.5439954
          6630   243.5648465
          6631   243.5856976
          6632   243.6065469
          6633   243.6273924
          6634   243.6482379
          6635   243.6690833
          6636   243.6899288
          6637   243.7107714
          6638   243.7316112
          6639   243.7524511
          6640    243.773291
          6641   243.7941308
          6642   243.8149667
          6643   243.8358009
          6644   243.8566352
          6645   243.8774694
          6646   243.8983036
          6647   243.9191327
          6648   243.9399614
          6649     243.96079
          6650   243.9816187
          6651   244.0024467
          6652   244.0232697
          6653   244.0440927
          6654   244.0649158
          6655   244.0857388
          6656   244.1065601
          6657   244.1273775
          6658    244.148195
          6659   244.1690124
          6660   244.1898299
          6661   244.2106444
          6662   244.2314563
          6663   244.2522681
          6664     244.27308
          6665   244.2938918
          6666   244.3146997
          6667    244.335506
          6668   244.3563123
          6669   244.3771185
          6670   244.3979248
          6671    244.418726
          6672   244.4395267
          6673   244.4603274
          6674   244.4811281
          6675   244.5019282
          6676   244.5227233
          6677   244.5435184
          6678   244.5643135
          6679   244.5851086
          6680   244.6059021
          6681   244.6266916
          6682   244.6474812
          6683   244.6682707
          6684   244.6890602
          6685   244.7098471
          6686    244.730631
          6687    244.751415
          6688   244.7721989
          6689   244.7929829
          6690   244.8137632
          6691   244.8345415
          6692   244.8553199
          6693   244.8760983
          6694   244.8968767
          6695   244.9176504
          6696   244.9384232
          6697    244.959196
          6698   244.9799688
          6699   245.0007415
          6700   245.0215087
          6701    245.042276
          6702   245.0630432
          6703   245.0838105
          6704   245.1045766
          6705   245.1253383
          6706      245.1461
          6707   245.1668617
          6708   245.1876234
          6709   245.2083829
          6710    245.229139
          6711   245.2498952
          6712   245.2706514
          6713   245.2914075
          6714   245.3121605
          6715   245.3329111
          6716   245.3536617
          6717   245.3744123
          6718   245.3951629
          6719   245.4159093
          6720   245.4366544
          6721   245.4573995
          6722   245.4781445
          6723   245.4988896
          6724   245.5196295
          6725    245.540369
          6726   245.5611086
          6727   245.5818481
          6728    245.602587
          6729    245.623321
          6730    245.644055
          6731    245.664789
          6732    245.685523
          6733   245.7062554
          6734   245.7269839
          6735   245.7477123
          6736   245.7684408
          6737   245.7891693
          6738   245.8098952
          6739   245.8306181
          6740   245.8513411
          6741   245.8720641
          6742    245.892787
          6743   245.9135064
          6744   245.9342239
          6745   245.9549413
          6746   245.9756587
          6747   245.9963762
          6748   246.0170891
          6749    246.037801
          6750    246.058513
          6751   246.0792249
          6752   246.0999368
          6753   246.1206433
          6754   246.1413497
          6755   246.1620561
          6756   246.1827626
          6757   246.2034681
          6758    246.224169
          6759   246.2448699
          6760   246.2655708
          6761   246.2862718
          6762   246.3069708
          6763   246.3276662
          6764   246.3483617
          6765   246.3690571
          6766   246.3897525
          6767   246.4104452
          6768   246.4311351
          6769    246.451825
          6770   246.4725149
          6771   246.4932049
          6772   246.5138911
          6773   246.5345755
          6774     246.55526
          6775   246.5759444
          6776   246.5966288
          6777   246.6173087
          6778   246.6379876
          6779   246.6586666
          6780   246.6793455
          6781   246.7000245
          6782   246.7206979
          6783   246.7413714
          6784   246.7620449
          6785   246.7827183
          6786   246.8033909
          6787   246.8240589
          6788   246.8447269
          6789   246.8653949
          6790   246.8860629
          6791   246.9067291
          6792   246.9273916
          6793   246.9480541
          6794   246.9687166
          6795   246.9893791
          6796    247.010039
          6797    247.030696
          6798   247.0513531
          6799   247.0720101
          6800   247.0926671
          6801   247.1133207
          6802   247.1339722
          6803   247.1546238
          6804   247.1752754
          6805    247.195927
          6806   247.2165742
          6807   247.2372203
          6808   247.2578664
          6809   247.2785125
          6810   247.2991586
          6811   247.3197995
          6812   247.3404402
          6813   247.3610809
          6814   247.3817215
          6815   247.4023616
          6816   247.4229968
          6817    247.443632
          6818   247.4642672
          6819   247.4849024
          6820   247.5055361
          6821   247.5261659
          6822   247.5467957
          6823   247.5674254
          6824   247.5880552
          6825   247.6086827
          6826    247.629307
          6827   247.6499313
          6828   247.6705556
          6829   247.6911799
          6830   247.7118011
          6831     247.73242
          6832   247.7530389
          6833   247.7736578
          6834   247.7942766
          6835   247.8148916
          6836    247.835505
          6837   247.8561185
          6838   247.8767319
          6839   247.8973454
          6840   247.9179541
          6841   247.9385621
          6842   247.9591701
          6843   247.9797781
          6844    248.000386
          6845   248.0209886
          6846   248.0415912
          6847   248.0621938
          6848   248.0827964
          6849   248.1033981
          6850   248.1239953
          6851   248.1445924
          6852   248.1651896
          6853   248.1857867
          6854   248.2063822
          6855    248.226974
          6856   248.2475657
          6857   248.2681575
          6858   248.2887492
          6859   248.3093385
          6860   248.3299249
          6861   248.3505112
          6862   248.3710975
          6863   248.3916839
          6864    248.412267
          6865   248.4328479
          6866   248.4534288
          6867   248.4740097
          6868   248.4945907
          6869   248.5151676
          6870   248.5357431
          6871   248.5563186
          6872   248.5768942
          6873   248.5974697
          6874   248.6180405
          6875   248.6386106
          6876   248.6591807
          6877   248.6797508
          6878   248.7003209
          6879   248.7208856
          6880   248.7414503
          6881    248.762015
          6882   248.7825798
          6883   248.8031437
          6884    248.823703
          6885   248.8442623
          6886   248.8648217
          6887    248.885381
          6888   248.9059388
          6889   248.9264927
          6890   248.9470466
          6891   248.9676006
          6892   248.9881545
          6893   249.0087062
          6894   249.0292548
          6895   249.0498033
          6896   249.0703519
          6897   249.0909004
          6898    249.111446
          6899   249.1319892
          6900   249.1525324
          6901   249.1730755
          6902   249.1936187
          6903   249.2141582
          6904    249.234696
          6905   249.2552338
          6906   249.2757716
          6907   249.2963094
          6908   249.3168428
          6909   249.3373753
          6910   249.3579077
          6911   249.3784401
          6912   249.3989726
          6913   249.4194999
          6914    249.440027
          6915    249.460554
          6916   249.4810811
          6917   249.5016078
          6918   249.5221295
          6919   249.5426512
          6920   249.5631729
          6921   249.5836946
          6922   249.6042152
          6923   249.6247315
          6924   249.6452479
          6925   249.6657642
          6926   249.6862806
          6927   249.7067952
          6928   249.7273062
          6929   249.7478172
          6930   249.7683281
          6931   249.7888391
          6932   249.8093477
          6933   249.8298533
          6934    249.850359
          6935   249.8708646
          6936   249.8913703
          6937   249.9118728
          6938   249.9323731
          6939   249.9528734
          6940   249.9733737
          6941    249.993874
          6942   250.0143706
          6943   250.0348655
          6944   250.0553605
          6945   250.0758555
          6946   250.0963504
          6947    250.116841
          6948   250.1373306
          6949   250.1578202
          6950   250.1783099
          6951   250.1987995
          6952   250.2192841
          6953   250.2397684
          6954   250.2602527
          6955   250.2807369
          6956   250.3012209
          6957   250.3216999
          6958   250.3421788
          6959   250.3626578
          6960   250.3831368
          6961   250.4036148
          6962   250.4240884
          6963    250.444562
          6964   250.4650357
          6965   250.4855093
          6966   250.5059814
          6967   250.5264497
          6968    250.546918
          6969   250.5673863
          6970   250.5878547
          6971   250.6083208
          6972   250.6287838
          6973   250.6492468
          6974   250.6697098
          6975   250.6901728
          6976   250.7106331
          6977   250.7310907
          6978   250.7515484
          6979   250.7720061
          6980   250.7924638
          6981   250.8129181
          6982   250.8333705
          6983   250.8538229
          6984   250.8742753
          6985   250.8947277
          6986   250.9151761
          6987   250.9356232
          6988   250.9560703
          6989   250.9765173
          6990   250.9969644
          6991    251.017407
          6992   251.0378488
          6993   251.0582905
          6994   251.0787323
          6995   251.0991741
          6996   251.1196108
          6997   251.1400473
          6998   251.1604837
          6999   251.1809202
          7000   251.2013564
          7001   251.2217876
          7002   251.2422187
          7003   251.2626499
          7004   251.2830811
          7005   251.3035114
          7006   251.3239373
          7007   251.3443632
          7008   251.3647891
          7009    251.385215
          7010   251.4056395
          7011   251.4260601
          7012   251.4464807
          7013   251.4669013
          7014    251.487322
          7015   251.5077406
          7016   251.5281559
          7017   251.5485713
          7018   251.5689866
          7019   251.5894019
          7020   251.6098148
          7021   251.6302248
          7022   251.6506349
          7023    251.671045
          7024    251.691455
          7025    251.711862
          7026   251.7322668
          7027   251.7526716
          7028   251.7730764
          7029   251.7934812
          7030   251.8138824
          7031    251.834282
          7032   251.8546815
          7033    251.875081
          7034   251.8954806
          7035    251.915876
          7036   251.9362703
          7037   251.9566645
          7038   251.9770588
          7039   251.9974531
          7040   252.0178428
          7041   252.0382318
          7042   252.0586208
          7043   252.0790098
          7044   252.0993988
          7045   252.1197827
          7046   252.1401665
          7047   252.1605502
          7048    252.180934
          7049   252.2013174
          7050   252.2216959
          7051   252.2420744
          7052   252.2624529
          7053   252.2828315
          7054   252.3032091
          7055   252.3235824
          7056   252.3439557
          7057   252.3643289
          7058   252.3847022
          7059   252.4050741
          7060   252.4254422
          7061   252.4458102
          7062   252.4661782
          7063   252.4865462
          7064   252.5069125
          7065   252.5272753
          7066    252.547638
          7067   252.5680008
          7068   252.5883636
          7069   252.6087242
          7070   252.6290817
          7071   252.6494393
          7072   252.6697968
          7073   252.6901544
          7074   252.7105092
          7075   252.7308615
          7076   252.7512139
          7077   252.7715662
          7078   252.7919185
          7079   252.8122677
          7080   252.8326148
          7081   252.8529619
          7082    252.873309
          7083   252.8936561
          7084   252.9139996
          7085   252.9343414
          7086   252.9546833
          7087   252.9750252
          7088   252.9953671
          7089   253.0157049
          7090   253.0360416
          7091   253.0563782
          7092   253.0767149
          7093   253.0970516
          7094   253.1173838
          7095   253.1377152
          7096   253.1580466
          7097   253.1783781
          7098   253.1987095
          7099   253.2190361
          7100   253.2393623
          7101   253.2596886
          7102   253.2800148
          7103    253.300341
          7104    253.320662
          7105    253.340983
          7106   253.3613041
          7107   253.3816251
          7108   253.4019456
          7109   253.4222615
          7110   253.4425773
          7111   253.4628931
          7112    253.483209
          7113   253.5035239
          7114   253.5238345
          7115   253.5441452
          7116   253.5644558
          7117   253.5847664
          7118   253.6050758
          7119   253.6253812
          7120   253.6456867
          7121   253.6659921
          7122   253.6862975
          7123   253.7066013
          7124   253.7269016
          7125   253.7472018
          7126   253.7675021
          7127   253.7878023
          7128   253.8081005
          7129   253.8283956
          7130   253.8486906
          7131   253.8689857
          7132   253.8892808
          7133   253.9095734
          7134   253.9298633
          7135   253.9501532
          7136   253.9704431
          7137    253.990733
          7138     254.01102
          7139   254.0313048
          7140   254.0515895
          7141   254.0718742
          7142   254.0921589
          7143   254.1124404
          7144     254.13272
          7145   254.1529995
          7146   254.1732791
          7147   254.1935586
          7148   254.2138346
          7149    254.234109
          7150   254.2543834
          7151   254.2746577
          7152   254.2949321
          7153   254.3152026
          7154   254.3354718
          7155    254.355741
          7156   254.3760102
          7157   254.3962794
          7158   254.4165444
          7159   254.4368085
          7160   254.4570725
          7161   254.4773366
          7162   254.4976006
          7163   254.5178601
          7164    254.538119
          7165   254.5583779
          7166   254.5786368
          7167   254.5988957
          7168   254.6191497
          7169   254.6394034
          7170   254.6596572
          7171   254.6799109
          7172   254.7001646
          7173   254.7204132
          7174   254.7406618
          7175   254.7609104
          7176    254.781159
          7177   254.8014072
          7178   254.8216507
          7179   254.8418941
          7180   254.8621376
          7181    254.882381
          7182   254.9026238
          7183   254.9228621
          7184   254.9431004
          7185   254.9633387
          7186    254.983577
          7187   255.0038144
          7188   255.0240475
          7189   255.0442807
          7190   255.0645139
          7191    255.084747
          7192   255.1049789
          7193    255.125207
          7194    255.145435
          7195   255.1656631
          7196   255.1858911
          7197   255.2061176
          7198   255.2263405
          7199   255.2465634
          7200   255.2667863
          7201   255.2870092
          7202   255.3072303
          7203   255.3274481
          7204   255.3476659
          7205   255.3678837
          7206   255.3881014
          7207   255.4083171
          7208   255.4285298
          7209   255.4487424
          7210   255.4689551
          7211   255.4891678
          7212   255.5093781
          7213   255.5295856
          7214   255.5497932
          7215   255.5700007
          7216   255.5902083
          7217   255.6104132
          7218   255.6306156
          7219    255.650818
          7220   255.6710205
          7221   255.6912229
          7222   255.7114225
          7223   255.7316198
          7224   255.7518171
          7225   255.7720145
          7226   255.7922118
          7227    255.812406
          7228   255.8325982
          7229   255.8527904
          7230   255.8729826
          7231   255.8931749
          7232   255.9133637
          7233   255.9335508
          7234    255.953738
          7235   255.9739251
          7236   255.9941122
          7237   256.0142957
          7238   256.0344777
          7239   256.0546598
          7240   256.0748418
          7241   256.0950238
          7242    256.115202
          7243   256.1353789
          7244   256.1555559
          7245   256.1757328
          7246   256.1959097
          7247   256.2160826
          7248   256.2362545
          7249   256.2564263
          7250   256.2765982
          7251     256.29677
          7252   256.3169376
          7253   256.3371043
          7254   256.3572711
          7255   256.3774379
          7256   256.3976046
          7257   256.4177669
          7258   256.4379286
          7259   256.4580903
          7260   256.4782519
          7261   256.4984136
          7262   256.5185706
          7263   256.5387272
          7264   256.5588838
          7265   256.5790404
          7266    256.599197
          7267   256.6193488
          7268   256.6395003
          7269   256.6596518
          7270   256.6798033
          7271   256.6999549
          7272   256.7201013
          7273   256.7402478
          7274   256.7603943
          7275   256.7805407
          7276    256.800687
          7277   256.8208284
          7278   256.8409698
          7279   256.8611112
          7280   256.8812526
          7281   256.9013936
          7282     256.92153
          7283   256.9416663
          7284   256.9618026
          7285    256.981939
          7286   257.0020748
          7287   257.0222061
          7288   257.0423373
          7289   257.0624686
          7290   257.0825999
          7291   257.1027305
          7292   257.1228567
          7293   257.1429829
          7294   257.1631092
          7295   257.1832354
          7296   257.2033608
          7297   257.2234819
          7298   257.2436031
          7299   257.2637243
          7300   257.2838455
          7301   257.3039656
          7302   257.3240818
          7303   257.3441979
          7304    257.364314
          7305   257.3844301
          7306   257.4045451
          7307   257.4246562
          7308   257.4447673
          7309   257.4648784
          7310   257.4849895
          7311   257.5050993
          7312   257.5252053
          7313   257.5453114
          7314   257.5654174
          7315   257.5855235
          7316   257.6056281
          7317   257.6257291
          7318   257.6458302
          7319   257.6659312
          7320   257.6860322
          7321   257.7061317
          7322   257.7262276
          7323   257.7463236
          7324   257.7664196
          7325   257.7865156
          7326   257.8066099
          7327   257.8267009
          7328   257.8467919
          7329   257.8668828
          7330   257.8869738
          7331    257.907063
          7332   257.9271489
          7333   257.9472348
          7334   257.9673208
          7335   257.9874067
          7336   258.0074908
          7337   258.0275717
          7338   258.0476526
          7339   258.0677335
          7340   258.0878144
          7341   258.1078934
          7342   258.1279693
          7343   258.1480452
          7344   258.1681211
          7345    258.188197
          7346   258.2082708
          7347   258.2283417
          7348   258.2484126
          7349   258.2684835
          7350   258.2885544
          7351   258.3086231
          7352    258.328689
          7353   258.3487549
          7354   258.3688208
          7355   258.3888867
          7356   258.4089503
          7357   258.4290112
          7358   258.4490721
          7359    258.469133
          7360   258.4891939
          7361   258.5092525
          7362   258.5293083
          7363   258.5493642
          7364   258.5694201
          7365    258.589476
          7366   258.6095295
          7367   258.6295804
          7368   258.6496313
          7369   258.6696822
          7370    258.689733
          7371   258.7097815
          7372   258.7298274
          7373   258.7498733
          7374   258.7699192
          7375   258.7899651
          7376   258.8100085
          7377   258.8300494
          7378   258.8500903
          7379   258.8701312
          7380   258.8901721
          7381   258.9102105
          7382   258.9302464
          7383   258.9502823
          7384   258.9703183
          7385   258.9903542
          7386   259.0103875
          7387   259.0304185
          7388   259.0504494
          7389   259.0704804
          7390   259.0905113
          7391   259.1105396
          7392   259.1305656
          7393   259.1505916
          7394   259.1706176
          7395   259.1906435
          7396   259.2106668
          7397   259.2306878
          7398   259.2507088
          7399   259.2707298
          7400   259.2907508
          7401   259.3107692
          7402   259.3307852
          7403   259.3508012
          7404   259.3708172
          7405   259.3908333
          7406   259.4108466
          7407   259.4308577
          7408   259.4508687
          7409   259.4708798
          7410   259.4908909
          7411   259.5108992
          7412   259.5309053
          7413   259.5509114
          7414   259.5709175
          7415   259.5909236
          7416    259.610927
          7417   259.6309282
          7418   259.6509293
          7419   259.6709305
          7420   259.6909316
          7421     259.71093
          7422   259.7309262
          7423   259.7509224
          7424   259.7709186
          7425   259.7909148
          7426   259.8109083
          7427   259.8308995
          7428   259.8508908
          7429    259.870882
          7430   259.8908733
          7431   259.9108618
          7432   259.9308481
          7433   259.9508344
          7434   259.9708207
          7435    259.990807
          7436   260.0107906
          7437    260.030772
          7438   260.0507534
          7439   260.0707347
          7440   260.0907161
          7441   260.1106948
          7442   260.1306712
          7443   260.1506476
          7444    260.170624
          7445   260.1906004
          7446   260.2105742
          7447   260.2305457
          7448   260.2505172
          7449   260.2704887
          7450   260.2904602
          7451   260.3104291
          7452   260.3303956
          7453   260.3503622
          7454   260.3703287
          7455   260.3902953
          7456   260.4102593
          7457   260.4302209
          7458   260.4501826
          7459   260.4701442
          7460   260.4901058
          7461    260.510065
          7462   260.5300217
          7463   260.5499784
          7464   260.5699351
          7465   260.5898918
          7466    260.609846
          7467   260.6297978
          7468   260.6497496
          7469   260.6697014
          7470   260.6896532
          7471   260.7096026
          7472   260.7295495
          7473   260.7494963
          7474   260.7694432
          7475   260.7893901
          7476   260.8093346
          7477   260.8292766
          7478   260.8492185
          7479   260.8691605
          7480   260.8891024
          7481   260.9090422
          7482   260.9289792
          7483   260.9489163
          7484   260.9688533
          7485   260.9887904
          7486   261.0087253
          7487   261.0286574
          7488   261.0485896
          7489   261.0685217
          7490   261.0884538
          7491   261.1083839
          7492   261.1283112
          7493   261.1482384
          7494   261.1681656
          7495   261.1880929
          7496   261.2080182
          7497   261.2279405
          7498   261.2478629
          7499   261.2677852
          7500   261.2877075
          7501    261.307628
          7502   261.3275455
          7503   261.3474629
          7504   261.3673804
          7505   261.3872978
          7506   261.4072135
          7507   261.4271261
          7508   261.4470386
          7509   261.4669512
          7510   261.4868638
          7511   261.5067747
          7512   261.5266823
          7513     261.54659
          7514   261.5664977
          7515   261.5864054
          7516   261.6063115
          7517   261.6262143
          7518   261.6461171
          7519   261.6660199
          7520   261.6859227
          7521   261.7058241
          7522    261.725722
          7523   261.7456199
          7524   261.7655178
          7525   261.7854157
          7526   261.8053124
          7527   261.8252054
          7528   261.8450984
          7529   261.8649915
          7530   261.8848845
          7531   261.9047764
          7532   261.9246646
          7533   261.9445527
          7534   261.9644409
          7535   261.9843291
          7536   262.0042162
          7537   262.0240995
          7538   262.0439828
          7539   262.0638661
          7540   262.0837495
          7541   262.1036319
          7542   262.1235103
          7543   262.1433888
          7544   262.1632672
          7545   262.1831456
          7546   262.2030233
          7547   262.2228969
          7548   262.2427705
          7549   262.2626441
          7550   262.2825177
          7551   262.3023907
          7552   262.3222594
          7553   262.3421281
          7554   262.3619969
          7555   262.3818656
          7556   262.4017339
          7557   262.4215978
          7558   262.4414616
          7559   262.4613255
          7560   262.4811894
          7561    262.501053
          7562    262.520912
          7563   262.5407711
          7564   262.5606301
          7565   262.5804891
          7566   262.6003481
          7567   262.6202022
          7568   262.6400564
          7569   262.6599106
          7570   262.6797648
          7571    262.699619
          7572   262.7194684
          7573   262.7393177
          7574   262.7591671
          7575   262.7790164
          7576   262.7988658
          7577   262.8187105
          7578    262.838555
          7579   262.8583995
          7580    262.878244
          7581   262.8980885
          7582   262.9179287
          7583   262.9377684
          7584    262.957608
          7585   262.9774477
          7586   262.9972874
          7587   263.0171229
          7588   263.0369577
          7589   263.0567925
          7590   263.0766274
          7591   263.0964622
          7592   263.1162931
          7593   263.1361231
          7594   263.1559531
          7595   263.1757831
          7596   263.1956131
          7597   263.2154394
          7598   263.2352646
          7599   263.2550898
          7600    263.274915
          7601   263.2947402
          7602   263.3145618
          7603   263.3343822
          7604   263.3542025
          7605   263.3740229
          7606   263.3938433
          7607   263.4136603
          7608   263.4334759
          7609   263.4532915
          7610    263.473107
          7611   263.4929226
          7612    263.512735
          7613   263.5325458
          7614   263.5523565
          7615   263.5721673
          7616    263.591978
          7617   263.6117859
          7618   263.6315918
          7619   263.6513978
          7620   263.6712037
          7621   263.6910096
          7622   263.7108129
          7623   263.7306141
          7624   263.7504152
          7625   263.7702163
          7626   263.7900175
          7627   263.8098162
          7628   263.8296125
          7629   263.8494089
          7630   263.8692052
          7631   263.8890015
          7632   263.9087957
          7633   263.9285873
          7634   263.9483788
          7635   263.9681703
          7636   263.9879619
          7637   264.0077515
          7638   264.0275383
          7639    264.047325
          7640   264.0671117
          7641   264.0868985
          7642   264.1066836
          7643   264.1264655
          7644   264.1462475
          7645   264.1660294
          7646   264.1858114
          7647    264.205592
          7648   264.2253691
          7649   264.2451463
          7650   264.2649235
          7651   264.2847006
          7652   264.3044767
          7653   264.3242491
          7654   264.3440215
          7655   264.3637939
          7656   264.3835662
          7657   264.4033378
          7658   264.4231054
          7659    264.442873
          7660   264.4626406
          7661   264.4824082
          7662   264.5021753
          7663   264.5219381
          7664   264.5417009
          7665   264.5614638
          7666   264.5812266
          7667   264.6009892
          7668   264.6207472
          7669   264.6405053
          7670   264.6602633
          7671   264.6800214
          7672   264.6997794
          7673   264.7195328
          7674   264.7392861
          7675   264.7590394
          7676   264.7787926
          7677   264.7985459
          7678   264.8182948
          7679   264.8380433
          7680   264.8577918
          7681   264.8775404
          7682   264.8972889
          7683   264.9170333
          7684   264.9367771
          7685   264.9565208
          7686   264.9762646
          7687   264.9960083
          7688   265.0157483
          7689   265.0354873
          7690   265.0552263
          7691   265.0749653
          7692   265.0947043
          7693   265.1144398
          7694   265.1341741
          7695   265.1539083
          7696   265.1736426
          7697   265.1933768
          7698   265.2131079
          7699   265.2328374
          7700   265.2525669
          7701   265.2722964
          7702   265.2920259
          7703   265.3117526
          7704   265.3314773
          7705   265.3512021
          7706   265.3709268
          7707   265.3906516
          7708   265.4103738
          7709   265.4300939
          7710   265.4498139
          7711   265.4695339
          7712   265.4892539
          7713   265.5089717
          7714    265.528687
          7715   265.5484023
          7716   265.5681175
          7717   265.5878328
          7718   265.6075463
          7719   265.6272568
          7720   265.6469673
          7721   265.6666779
          7722   265.6863884
          7723   265.7060975
          7724   265.7258033
          7725   265.7455091
          7726   265.7652149
          7727   265.7849207
          7728   265.8046253
          7729   265.8243264
          7730   265.8440275
          7731   265.8637286
          7732   265.8834296
          7733     265.90313
          7734   265.9228263
          7735   265.9425226
          7736    265.962219
          7737   265.9819153
          7738   266.0016113
          7739   266.0213029
          7740   266.0409946
          7741   266.0606862
          7742   266.0803778
          7743   266.1000694
          7744   266.1197563
          7745   266.1394432
          7746   266.1591301
          7747    266.178817
          7748   266.1985039
          7749   266.2181865
          7750   266.2378687
          7751   266.2575509
          7752   266.2772331
          7753   266.2969153
          7754   266.3165935
          7755    266.336271
          7756   266.3559484
          7757   266.3756259
          7758   266.3953034
          7759   266.4149773
          7760   266.4346501
          7761   266.4543228
          7762   266.4739956
          7763   266.4936684
          7764    266.513338
          7765    266.533006
          7766   266.5526741
          7767   266.5723422
          7768   266.5920103
          7769   266.6116755
          7770   266.6313389
          7771   266.6510023
          7772   266.6706656
          7773    266.690329
          7774     266.70999
          7775   266.7296487
          7776   266.7493073
          7777    266.768966
          7778   266.7886247
          7779   266.8082814
          7780   266.8279353
          7781   266.8475893
          7782   266.8672433
          7783   266.8868973
          7784   266.9065497
          7785    266.926199
          7786   266.9458483
          7787   266.9654976
          7788   266.9851469
          7789    267.004795
          7790   267.0244396
          7791   267.0440842
          7792   267.0637288
          7793   267.0833734
          7794   267.1030173
          7795   267.1226572
          7796   267.1422971
          7797   267.1619371
          7798    267.181577
          7799   267.2012166
          7800   267.2208518
          7801   267.2404871
          7802   267.2601223
          7803   267.2797576
          7804   267.2993928
          7805   267.3190235
          7806   267.3386541
          7807   267.3582846
          7808   267.3779152
          7809   267.3975458
          7810   267.4171722
          7811   267.4367981
          7812    267.456424
          7813   267.4760499
          7814   267.4956758
          7815   267.5152981
          7816   267.5349193
          7817   267.5545405
          7818   267.5741617
          7819    267.593783
          7820    267.613401
          7821   267.6330176
          7822   267.6526341
          7823   267.6722507
          7824   267.6918672
          7825   267.7114811
          7826    267.731093
          7827   267.7507049
          7828   267.7703168
          7829   267.7899287
          7830   267.8095383
          7831   267.8291455
          7832   267.8487528
          7833     267.86836
          7834   267.8879672
          7835   267.9075727
          7836   267.9271753
          7837   267.9467778
          7838   267.9663804
          7839    267.985983
          7840   268.0055843
          7841   268.0251822
          7842   268.0447801
          7843   268.0643781
          7844    268.083976
          7845   268.1035731
          7846   268.1231664
          7847   268.1427597
          7848   268.1623529
          7849   268.1819462
          7850   268.2015391
          7851   268.2211278
          7852   268.2407164
          7853   268.2603051
          7854   268.2798937
          7855   268.2994823
          7856   268.3190665
          7857   268.3386505
          7858   268.3582345
          7859   268.3778185
          7860   268.3974025
          7861   268.4169824
          7862   268.4365618
          7863   268.4561412
          7864   268.4757205
          7865   268.4952999
          7866   268.5148757
          7867   268.5344505
          7868   268.5540252
          7869   268.5735999
          7870   268.5931746
          7871   268.6127464
          7872   268.6323165
          7873   268.6518866
          7874   268.6714567
          7875   268.6910267
          7876   268.7105943
          7877   268.7301598
          7878   268.7497253
          7879   268.7692908
          7880   268.7888562
          7881   268.8084197
          7882   268.8279806
          7883   268.8475414
          7884   268.8671022
          7885   268.8866631
          7886   268.9062225
          7887   268.9257787
          7888   268.9453349
          7889   268.9648912
          7890   268.9844474
          7891   269.0040027
          7892   269.0235543
          7893   269.0431059
          7894   269.0626575
          7895   269.0822091
          7896   269.1017603
          7897   269.1213073
          7898   269.1408543
          7899   269.1604013
          7900   269.1799483
          7901   269.1994953
          7902   269.2190378
          7903   269.2385802
          7904   269.2581226
          7905    269.277665
          7906   269.2972073
          7907   269.3167458
          7908   269.3362836
          7909   269.3558214
          7910   269.3753591
          7911   269.3948969
          7912   269.4144313
          7913   269.4339645
          7914   269.4534977
          7915   269.4730308
          7916    269.492564
          7917   269.5120943
          7918   269.5316229
          7919   269.5511515
          7920   269.5706801
          7921   269.5902087
          7922   269.6097349
          7923   269.6292589
          7924   269.6487829
          7925   269.6683069
          7926   269.6878309
          7927   269.7073531
          7928   269.7268725
          7929   269.7463919
          7930   269.7659113
          7931   269.7854307
          7932   269.8049489
          7933   269.8244637
          7934   269.8439785
          7935   269.8634933
          7936   269.8830081
          7937   269.9025223
          7938   269.9220326
          7939   269.9415428
          7940    269.961053
          7941   269.9805632
          7942   270.0000734
          7943    270.019579
          7944   270.0390847
          7945   270.0585903
          7946   270.0780959
          7947   270.0976016
          7948   270.1171032
          7949   270.1366042
          7950   270.1561053
          7951   270.1756064
          7952   270.1951074
          7953    270.214605
          7954   270.2341015
          7955    270.253598
          7956   270.2730945
          7957    270.292591
          7958   270.3120846
          7959   270.3315765
          7960   270.3510684
          7961   270.3705603
          7962   270.3900522
          7963   270.4095419
          7964   270.4290292
          7965   270.4485166
          7966   270.4680039
          7967   270.4874913
          7968    270.506977
          7969   270.5264597
          7970   270.5459425
          7971   270.5654253
          7972   270.5849081
          7973   270.6043898
          7974    270.623868
          7975   270.6433462
          7976   270.6628244
          7977   270.6823027
          7978   270.7017804
          7979   270.7212541
          7980   270.7407278
          7981   270.7602014
          7982   270.7796751
          7983   270.7991487
          7984    270.818618
          7985   270.8380871
          7986   270.8575562
          7987   270.8770253
          7988   270.8964944
          7989   270.9159598
          7990   270.9354243
          7991   270.9548889
          7992   270.9743534
          7993    270.993818
          7994   271.0132794
          7995   271.0327394
          7996   271.0521994
          7997   271.0716594
          7998   271.0911194
          7999   271.1105769
          8000   271.1300324
          8001   271.1494878
          8002   271.1689433
          8003   271.1883987
          8004   271.2078524
          8005   271.2273033
          8006   271.2467542
          8007   271.2662051
          8008    271.285656
          8009   271.3051057
          8010   271.3245521
          8011   271.3439985
          8012   271.3634448
          8013   271.3828912
          8014   271.4023371
          8015   271.4217789
          8016   271.4412207
          8017   271.4606626
          8018   271.4801044
          8019   271.4995462
          8020   271.5189837
          8021    271.538421
          8022   271.5578583
          8023   271.5772956
          8024   271.5967329
          8025   271.6161664
          8026   271.6355992
          8027    271.655032
          8028   271.6744648
          8029   271.6938975
          8030   271.7133272
          8031   271.7327555
          8032   271.7521837
          8033    271.771612
          8034   271.7910402
          8035   271.8104661
          8036   271.8298898
          8037   271.8493135
          8038   271.8687373
          8039    271.888161
          8040    271.907583
          8041   271.9270022
          8042   271.9464214
          8043   271.9658406
          8044   271.9852598
          8045    272.004678
          8046   272.0240927
          8047   272.0435074
          8048   272.0629221
          8049   272.0823368
          8050   272.1017511
          8051   272.1211612
          8052   272.1405714
          8053   272.1599816
          8054   272.1793918
          8055    272.198802
          8056    272.218208
          8057   272.2376136
          8058   272.2570193
          8059    272.276425
          8060   272.2958307
          8061   272.3152328
          8062    272.334634
          8063   272.3540352
          8064   272.3734364
          8065   272.3928375
          8066   272.4122359
          8067   272.4316326
          8068   272.4510292
          8069   272.4704259
          8070   272.4898226
          8071   272.5092171
          8072   272.5286093
          8073   272.5480015
          8074   272.5673937
          8075   272.5867858
          8076   272.6061766
          8077   272.6255643
          8078   272.6449519
          8079   272.6643396
          8080   272.6837273
          8081   272.7031143
          8082   272.7224975
          8083   272.7418807
          8084   272.7612638
          8085    272.780647
          8086   272.8000302
          8087   272.8194089
          8088   272.8387876
          8089   272.8581663
          8090    272.877545
          8091   272.8969237
          8092   272.9162987
          8093   272.9356729
          8094   272.9550471
          8095   272.9744213
          8096   272.9937955
          8097   273.0131667
          8098   273.0325365
          8099   273.0519062
          8100   273.0712759
          8101   273.0906457
          8102   273.1100131
          8103   273.1293784
          8104   273.1487436
          8105   273.1681089
          8106   273.1874741
          8107   273.2068378
          8108   273.2261986
          8109   273.2455594
          8110   273.2649202
          8111    273.284281
          8112   273.3036409
          8113   273.3229972
          8114   273.3423535
          8115   273.3617098
          8116   273.3810662
          8117   273.4004224
          8118   273.4197742
          8119   273.4391261
          8120   273.4584779
          8121   273.4778298
          8122   273.4971816
          8123   273.5165296
          8124    273.535877
          8125   273.5552244
          8126   273.5745718
          8127   273.5939192
          8128   273.6132635
          8129   273.6326064
          8130   273.6519493
          8131   273.6712922
          8132   273.6906351
          8133   273.7099758
          8134   273.7293142
          8135   273.7486527
          8136   273.7679912
          8137   273.7873296
          8138   273.8066665
          8139   273.8260005
          8140   273.8453345
          8141   273.8646686
          8142   273.8840026
          8143   273.9033358
          8144   273.9226654
          8145   273.9419949
          8146   273.9613245
          8147    273.980654
          8148   273.9999836
          8149   274.0193087
          8150   274.0386338
          8151   274.0579589
          8152    274.077284
          8153   274.0966091
          8154   274.1159305
          8155   274.1352512
          8156   274.1545719
          8157   274.1738925
          8158   274.1932132
          8159    274.212531
          8160   274.2318472
          8161   274.2511634
          8162   274.2704796
          8163   274.2897958
          8164     274.30911
          8165   274.3284217
          8166   274.3477335
          8167   274.3670453
          8168   274.3863571
          8169   274.4056676
          8170   274.4249749
          8171   274.4442823
          8172   274.4635896
          8173    274.482897
          8174   274.5022038
          8175   274.5215067
          8176   274.5408096
          8177   274.5601125
          8178   274.5794154
          8179   274.5987184
          8180   274.6180171
          8181   274.6373156
          8182   274.6566141
          8183   274.6759126
          8184   274.6952111
          8185   274.7145062
          8186   274.7338003
          8187   274.7530943
          8188   274.7723884
          8189   274.7916825
          8190    274.810974
          8191   274.8302636
          8192   274.8495533
          8193   274.8688429
          8194   274.8881326
          8195   274.9074205
          8196   274.9267057
          8197   274.9459909
          8198   274.9652761
          8199   274.9845614
          8200   275.0038457
          8201   275.0231265
