            15  -26.51596508
            16  -23.69110612
            17  -21.01428306
            18  -18.49067742
            19  -16.10070543
            20  -13.82847233
            21  -11.66079103
            22  -9.586686471
            23   -7.59690844
            24  -5.683565551
            25  -3.839835852
            26  -2.059813055
            27  -0.338357954
            28   1.329055503
            29   2.946416378
            30   4.517297168
            31    6.04483688
            32   7.531910643
            33   8.981070464
            34   10.39463192
            35   11.77467156
            36    13.1231347
            37   14.44174777
            38   15.73212316
            39   16.99573341
            40   18.23388808
            41   19.44787617
            42   20.63884103
            43   21.80786052
            44   22.95588901
            45   24.08389899
            46   25.19272616
            47   26.28316775
            48   27.35598447
            49   28.41190228
            50   29.45154306
            51   30.47556518
            52    31.4845373
            53    32.4790051
            54   33.45949226
            55   34.42650145
            56   35.38048793
            57   36.32188849
            58   37.25111911
            59   38.16858752
            60   39.07466082
            61   39.96969325
            62   40.85402674
            63   41.72799133
            64   42.59189491
            65   43.44600632
            66    44.2906484
            67   45.12604933
            68   45.95248668
            69   46.77020865
            70   47.57944419
            71   48.38041545
            72   49.17333801
            73   49.95842108
            74    50.7358677
            75   51.50587497
            76   52.26859559
            77   53.02423853
            78   53.77295889
            79   54.51492794
            80   55.25028628
            81    55.9792098
            82   56.70183577
            83    57.4182851
            84   58.12871501
            85   58.83325464
            86   59.53202992
            87   60.22516374
            88   60.91277594
            89   61.59497773
            90   62.27186838
            91    62.9435742
            92   63.61020402
            93   64.27183243
            94   64.92857818
            95   65.58053252
            96    66.2277794
            97   66.87041496
            98   67.50853115
            99   68.14218799
           100   68.77149446
           101   69.39652539
           102    70.0173354
           103   70.63401596
           104   71.24664116
           105   71.85527993
           106   72.45999984
           107   73.06086714
           108   73.65794679
           109   74.25130244
           110   74.84099653
           111   75.42709027
           112   76.00964368
           113   76.58870398
           114   77.16432721
           115   77.73658004
           116   78.30551806
           117   78.87116662
           118   79.43359983
           119   79.99286868
           120   80.54899519
           121    81.1020639
           122   81.65207694
           123   82.19912514
           124   82.74320511
           125   83.28440034
           126    83.8227274
           127   84.35823359
           128   84.89097092
           129   85.42095528
           130   85.94823658
           131   86.47285857
           132   86.99485572
           133   87.51424836
           134   88.03108115
           135   88.54539185
           136   89.05721281
           137   89.56657591
           138   90.07351252
           139   90.57805355
           140   91.08022945
           141    91.5800702
           142   92.07760535
           143   92.57286399
           144   93.06587477
           145   93.55666594
           146   94.04526529
           147   94.53170024
           148   95.01599777
           149   95.49818283
           150     95.978267
           151   96.45629063
           152   96.93227919
           153   97.40625777
           154   97.87823178
           155   98.34823776
           156   98.81630533
           157   99.28244275
           158   99.74667294
           159   100.2090333
           160   100.6695201
           161   101.1281729
           162   101.5850088
           163   102.0400366
           164   102.4932967
           165   102.9447801
           166   103.3945376
           167   103.8425549
           168   104.2888813
           169   104.7335089
           170   105.1764738
           171   105.6177861
           172   106.0574575
           173   106.4955231
           174   106.9319711
           175   107.3668405
           176   107.8001497
           177   108.2318869
           178    108.662094
           179    109.090785
           180    109.517959
           181   109.9436384
           182   110.3678442
           183   110.7905899
           184   111.2118792
           185   111.6317283
           186   112.0501579
           187   112.4671809
           188     112.88281
           189   113.2970576
           190   113.7099284
           191   114.1214411
           192   114.5316105
           193   114.9404484
           194   115.3479667
           195   115.7541771
           196   116.1590914
           197   116.5627209
           198    116.965077
           199    117.366171
           200    117.766014
           201    118.164617
           202   118.5619909
           203   118.9581464
           204   119.3530943
           205   119.7468451
           206   120.1394091
           207   120.5307968
           208   120.9210183
           209   121.3100837
           210   121.6980016
           211   122.0847748
           212   122.4704208
           213   122.8549493
           214     123.23837
           215   123.6206922
           216   124.0019255
           217   124.3820657
           218   124.7611332
           219   125.1391386
           220    125.516091
           221   125.8919933
           222   126.2668477
           223   126.6406748
           224   127.0134834
           225   127.3852713
           226   127.7560471
           227   128.1258292
           228    128.494622
           229   128.8624182
           230   129.2292448
           231   129.5951064
           232   129.9599927
           233   130.3239329
           234   130.6869254
           235   131.0489697
           236   131.4100905
           237   131.7702744
           238   132.1295424
           239   132.4879006
           240   132.8453433
           241   133.2018991
           242   133.5575451
           243   133.9123168
           244   134.2661989
           245   134.6192129
           246   134.9713546
           247    135.322637
           248   135.6730616
           249   136.0226379
           250   136.3713683
           251   136.7192634
           252   137.0663222
           253   137.4125608
           254   137.7579701
           255   138.1025763
           256   138.4463578
           257   138.7893482
           258   139.1315306
           259   139.4729246
           260   139.8135329
           261   140.1533514
           262    140.492403
           263   140.8306717
           264    141.168178
           265   141.5049281
           266   141.8409091
           267   142.1761466
           268   142.5106379
           269   142.8443791
           270   143.1773902
           271   143.5096692
           272   143.8412123
           273   144.1720385
           274   144.5021506
           275   144.8315362
           276    145.160218
           277   145.4881998
           278   145.8154756
           279   146.1420524
           280   146.4679417
           281   146.7931475
           282   147.1176623
           283   147.4414974
           284   147.7646612
           285   148.0871574
           286    148.408984
           287   148.7301429
           288   149.0506459
           289   149.3704969
           290   149.6896994
           291   150.0082519
           292   150.3261571
           293   150.6434252
           294   150.9600598
           295   151.2760645
           296   151.5914426
           297   151.9061939
           298   152.2203208
           299    152.533832
           300   152.8467311
           301   153.1590213
           302   153.4707062
           303   153.7817889
           304   154.0922729
           305   154.4021602
           306   154.7114509
           307    155.020153
           308     155.32827
           309   155.6358048
           310   155.9427608
           311    156.249141
           312   156.5549487
           313    156.860187
           314   157.1648589
           315   157.4689676
           316   157.7725161
           317   158.0755075
           318   158.3779447
           319   158.6798308
           320   158.9811687
           321   159.2819615
           322    159.582212
           323   159.8819232
           324   160.1810979
           325   160.4797391
           326   160.7778496
           327   161.0754323
           328   161.3724899
           329   161.6690253
           330   161.9650413
           331   162.2605406
           332   162.5555259
           333   162.8500001
           334   163.1439657
           335   163.4374256
           336   163.7303823
           337   164.0228386
           338    164.314797
           339   164.6062603
           340   164.8972293
           341   165.1877044
           342   165.4776917
           343   165.7671939
           344   166.0562135
           345    166.344753
           346   166.6328149
           347   166.9204017
           348   167.2075159
           349   167.4941565
           350   167.7803249
           351   168.0660277
           352   168.3512673
           353   168.6360462
           354   168.9203667
           355   169.2042312
           356   169.4876351
           357    169.770585
           358   170.0530856
           359   170.3351394
           360   170.6167484
           361    170.897914
           362   171.1786298
           363   171.4589075
           364   171.7387494
           365   172.0181577
           366   172.2971329
           367   172.5756686
           368    172.853777
           369   173.1314604
           370   173.4087207
           371   173.6855524
           372   173.9619603
           373   174.2379514
           374   174.5135279
           375   174.7886855
           376   175.0634251
           377    175.337756
           378   175.6116803
           379    175.885192
           380   176.1582945
           381   176.4309964
           382   176.7032995
           383   176.9751925
           384   177.2466888
           385   177.5177921
           386   177.7884981
           387   178.0588054
           388   178.3287253
           389   178.5982588
           390   178.8673932
           391   179.1361459
           392   179.4045186
           393   179.6724987
           394      179.9401
           395   180.2073269
           396   180.4741674
           397    180.740633
           398   181.0067294
           399   181.2724439
           400   181.5377892
           401   181.8027705
           402   182.0673725
           403   182.3316125
           404   182.5954914
           405   182.8589964
           406    183.122146
           407    183.384934
           408   183.6473582
           409    183.909432
           410    184.171142
           411   184.4324998
           412   184.6935088
           413   184.9541568
           414   185.2144625
           415   185.4744143
           416   185.7340193
           417   185.9932833
           418   186.2521937
           419   186.5107695
           420   186.7689966
           421   187.0268867
           422    187.284439
           423   187.5416492
           424   187.7985317
           425   188.0550676
           426   188.3112796
           427   188.5671526
           428    188.822699
           429   189.0779148
           430    189.332801
           431   189.5873644
           432   189.8415961
           433   190.0955119
           434   190.3490945
           435   190.6023663
           436   190.8553063
           437   191.1079372
           438   191.3602416
           439   191.6122369
           440   191.8639103
           441   192.1152752
           442   192.3663223
           443    192.617062
           444   192.8674873
           445    193.117607
           446   193.3674149
           447   193.6169197
           448   193.8661148
           449   194.1150097
           450   194.3635963
           451   194.6118863
           452   194.8598688
           453   195.1075589
           454   195.3549416
           455   195.6020366
           456    195.848824
           457   196.0953265
           458   196.3415249
           459   196.5874381
           460   196.8330533
           461   197.0783815
           462   197.3234183
           463   197.5681656
           464   197.8126286
           465   198.0567991
           466   198.3006929
           467   198.5442907
           468    198.787614
           469    199.030649
           470   199.2734055
           471   199.5158827
           472   199.7580763
           473           200
           474   200.2416348
           475   200.4830014
           476   200.7240892
           477   200.9649027
           478   201.2054479
           479    201.445712
           480   201.6857123
           481   201.9254377
           482   202.1648942
           483   202.4040876
           484   202.6430041
           485   202.8816612
           486   203.1200501
           487   203.3581726
           488    203.596038
           489   203.8336315
           490   204.0709678
           491   204.3080458
           492   204.5448566
           493   204.7814145
           494   205.0177119
           495   205.2537496
           496   205.4895366
           497   205.7250624
           498   205.9603344
           499   206.1953583
           500   206.4301209
           501   206.6646349
           502    206.898903
           503    207.132911
           504   207.3666742
           505   207.6001939
           506   207.8334557
           507   208.0664755
           508   208.2992542
           509   208.5317779
           510   208.7640615
           511   208.9961062
           512   209.2279001
           513   209.4594547
           514   209.6907726
           515   209.9218445
           516   210.1526771
           517   210.3832752
           518   210.6136332
           519   210.8437507
           520   211.0736358
           521   211.3032877
           522    211.532697
           523    211.761876
           524   211.9908254
           525   212.2195373
           526   212.4480169
           527   212.6762691
           528   212.9042926
           529   213.1320795
           530   213.3596411
           531   213.5869779
           532   213.8140844
           533   214.0409619
           534   214.2676167
           535   214.4940494
           536   214.7202519
           537   214.9462311
           538   215.1719903
           539     215.39753
           540    215.622841
           541    215.847933
           542   216.0728074
           543   216.2974651
           544   216.5218972
           545   216.7461126
           546   216.9701132
           547   217.1938996
           548   217.4174648
           549   217.6408145
           550   217.8639518
           551   218.0868775
           552   218.3095879
           553   218.5320822
           554   218.7543667
           555    218.976442
           556   219.1983086
           557   219.4199587
           558   219.6414007
           559   219.8626359
           560   220.0836648
           561   220.3044863
           562   220.5250958
           563   220.7455009
           564   220.9657023
           565   221.1857003
           566   221.4054934
           567   221.6250785
           568    221.844462
           569   222.0636447
           570    222.282627
           571    222.501409
           572   222.7199845
           573   222.9383615
           574   223.1565404
           575   223.3745218
           576   223.5923063
           577   223.8098903
           578   224.0272753
           579    224.244465
           580   224.4614601
           581    224.678261
           582   224.8948683
           583   225.1112779
           584   225.3274928
           585   225.5435158
           586   225.7593474
           587   225.9749881
           588   226.1904384
           589   226.4056966
           590   226.6207615
           591   226.8356377
           592   227.0503257
           593   227.2648259
           594    227.479139
           595   227.6932654
           596   227.9072027
           597   228.1209516
           598   228.3345154
           599   228.5478946
           600   228.7610897
           601   228.9741012
           602   229.1869297
           603   229.3995755
           604   229.6120343
           605   229.8243114
           606   230.0364074
           607   230.2483229
           608   230.4600583
           609    230.671614
           610   230.8829906
           611   231.0941886
           612   231.3052064
           613   231.5160441
           614   231.7267048
           615   231.9371887
           616   232.1474965
           617   232.3576285
           618   232.5675853
           619   232.7773672
           620   232.9869749
           621   233.1964086
           622   233.4056667
           623   233.6147505
           624   233.8236618
           625   234.0324012
           626   234.2409691
           627   234.4493659
           628   234.6575921
           629   234.8656482
           630   235.0735345
           631   235.2812515
           632   235.4887998
           633   235.6961796
           634   235.9033902
           635   236.1104319
           636   236.3173065
           637   236.5240146
           638   236.7305566
           639   236.9369329
           640    237.143144
           641   237.3491902
           642    237.555072
           643   237.7607899
           644   237.9663442
           645   238.1717354
           646   238.3769639
           647   238.5820302
           648   238.7869345
           649   238.9916775
           650   239.1962594
           651   239.4006805
           652     239.60494
           653   239.8090398
           654   240.0129803
           655    240.216762
           656   240.4203851
           657   240.6238502
           658   240.8271576
           659   241.0303077
           660    241.233301
           661   241.4361379
           662   241.6388187
           663   241.8413438
           664   242.0437137
           665   242.2459287
           666   242.4479892
           667   242.6498957
           668   242.8516485
           669    243.053248
           670   243.2546946
           671   243.4559887
           672   243.6571306
           673   243.8581209
           674   244.0589597
           675   244.2596476
           676   244.4601849
           677    244.660572
           678   244.8608093
           679   245.0608971
           680   245.2608359
           681   245.4606259
           682   245.6602677
           683   245.8597614
           684   246.0591076
           685   246.2583066
           686   246.4573588
           687   246.6562645
           688    246.855024
           689   247.0536379
           690   247.2521063
           691   247.4504298
           692   247.6486086
           693   247.8466431
           694   248.0445337
           695   248.2422807
           696   248.4398845
           697   248.6373455
           698   248.8346639
           699   249.0318402
           700   249.2288747
           701   249.4257678
           702   249.6225197
           703    249.819131
           704   250.0156018
           705   250.2119326
           706   250.4081236
           707   250.6041753
           708    250.800088
           709   250.9958606
           710   251.1914947
           711   251.3869907
           712   251.5823491
           713   251.7775701
           714   251.9726541
           715   252.1676014
           716   252.3624123
           717   252.5570872
           718   252.7516264
           719   252.9460303
           720   253.1402991
           721   253.3344333
           722   253.5284331
           723   253.7222988
           724   253.9160308
           725   254.1096294
           726   254.3030949
           727   254.4964265
           728   254.6896244
           729   254.8826903
           730   255.0756243
           731   255.2684268
           732   255.4610981
           733   255.6536385
           734   255.8460484
           735    256.038328
           736   256.2304777
           737   256.4224978
           738   256.6143886
           739   256.8061504
           740   256.9977827
           741   257.1892845
           742   257.3806581
           743    257.571904
           744   257.7630224
           745   257.9540135
           746   258.1448778
           747   258.3356156
           748    258.526227
           749   258.7167125
           750   258.9070723
           751   259.0973057
           752   259.2874116
           753   259.4773927
           754   259.6672493
           755   259.8569816
           756     260.04659
           757   260.2360748
           758   260.4254362
           759   260.6146746
           760   260.8037902
           761   260.9927808
           762   261.1816479
           763   261.3703931
           764   261.5590167
           765   261.7475189
           766      261.9359
           767   262.1241603
           768   262.3123002
           769   262.5003198
           770   262.6882154
           771   262.8759913
           772   263.0636477
           773    263.251185
           774   263.4386035
           775   263.6259034
           776    263.813085
           777   264.0001485
           778     264.18709
           779   264.3739139
           780   264.5606205
           781   264.7472102
           782   264.9336833
           783   265.1200399
           784   265.3062803
           785   265.4924024
           786   265.6784066
           787   265.8642955
           788   266.0500693
           789   266.2357283
           790   266.4212727
           791   266.6067028
           792   266.7920161
           793   266.9772135
           794   267.1622972
           795   267.3472677
           796   267.5321252
           797   267.7168699
           798    267.901502
           799   268.0860173
           800   268.2704201
           801   268.4547111
           802   268.6388906
           803   268.8229588
           804   269.0069161
           805   269.1907595
           806   269.3744901
           807   269.5581105
           808   269.7416208
           809   269.9250214
           810   270.1083125
           811   270.2914915
           812   270.4745587
           813   270.6575171
           814    270.840367
           815   271.0231085
           816    271.205742
           817   271.3882638
           818   271.5706762
           819   271.7529812
           820   271.9351791
           821   272.1172701
           822   272.2992543
           823   272.4811264
           824   272.6628923
           825   272.8445523
           826   273.0261066
           827   273.2075555
           828   273.3888955
           829    273.570128
           830   273.7512558
           831   273.9322791
           832    274.113198
           833   274.2940109
           834   274.4747157
           835   274.6553169
           836   274.8358146
           837   275.0162092
           838   275.1964997
           839   275.3766823
           840   275.5567624
           841   275.7367402
           842   275.9166159
           843   276.0963887
           844   276.2760545
           845   276.4556189
           846   276.6350822
           847   276.8144445
           848   276.9937041
           849   277.1728585
           850   277.3519127
           851   277.5308668
           852    277.709721
           853   277.8884719
           854   278.0671203
           855   278.2456695
           856   278.4241196
           857    278.602471
           858   278.7807178
           859   278.9588653
           860   279.1369148
           861   279.3148662
           862   279.4927177
           863   279.6704669
           864   279.8481189
           865   280.0256737
           866   280.2031316
           867   280.3804867
           868   280.5577444
           869   280.7349057
           870    280.911971
           871    281.088937
           872   281.2658036
           873   281.4425747
           874   281.6192505
           875     281.79583
           876   281.9723086
           877   282.1486926
           878   282.3249821
           879   282.5011773
           880   282.6772715
           881   282.8532714
           882   283.0291777
           883   283.2049905
           884   283.3807042
           885   283.5563232
           886   283.7318493
           887   283.9072827
           888   284.0826184
           889   284.2578595
           890   284.4330085
           891   284.6080656
           892   284.7830258
           893    284.957892
           894   285.1326669
           895   285.3073506
           896   285.4819379
           897   285.6564322
           898   285.8308359
           899   286.0051493
           900   286.1793662
           901   286.3534915
           902    286.527527
           903   286.7014729
           904   286.8753219
           905   287.0490812
           906   287.2227514
           907   287.3963316
           908   287.5698163
           909   287.7432124
           910   287.9165202
           911   288.0897367
           912   288.2628603
           913   288.4358962
           914   288.6088444
           915   288.7816997
           916   288.9544651
           917   289.1271434
           918   289.2997347
           919   289.4722313
           920   289.6446413
           921   289.8169649
           922   289.9891991
           923   290.1613423
           924   290.3333997
           925   290.5053714
           926   290.6772509
           927   290.8490435
           928   291.0207509
           929   291.1923712
           930   291.3639005
           931   291.5353453
           932   291.7067056
           933   291.8779751
           934   292.0491586
           935   292.2202581
           936   292.3912714
           937    292.562195
           938   292.7330353
           939   292.9037924
           940   293.0744589
           941   293.2450413
           942   293.4155411
           943   293.5859541
           944   293.7562803
           945   293.9265241
           946    294.096685
           947   294.2667562
           948   294.4367456
           949   294.6066535
           950   294.7764732
           951   294.9462096
           952    295.115865
           953   295.2854352
           954   295.4549201
           955   295.6243244
           956   295.7936464
           957   295.9628811
           958   296.1320357
           959   296.3011103
           960   296.4700966
           961   296.6390028
           962   296.8078296
           963   296.9765704
           964   297.1452297
           965   297.3138101
           966   297.4823065
           967   297.6507203
           968   297.8190556
           969   297.9873088
           970   298.1554784
           971     298.32357
           972   298.4915812
           973   298.6595079
           974    298.827357
           975   298.9951274
           976   299.1628126
           977   299.3304206
           978   299.4979512
           979   299.6653962
           980   299.8327646
           981   300.0000564
           982   300.1672626
           983   300.3343925
           984   300.5014464
           985   300.6684154
           986   300.8353082
           987   301.0021254
           988   301.1688584
           989   301.3355154
           990   301.5020973
           991   301.6685952
           992   301.8350177
           993   302.0013655
           994   302.1676296
           995   302.3338188
           996   302.4999338
           997    302.665965
           998   302.8319223
           999   302.9978051
          1000   303.1636052
          1001   303.3293318
          1002   303.4949835
          1003   303.6605537
          1004   303.8260508
          1005   303.9914725
          1006   304.1568141
          1007    304.322083
          1008   304.4872757
          1009   304.6523899
          1010   304.8174317
          1011   304.9823965
          1012   305.1472845
          1013   305.3121006
          1014   305.4768385
          1015   305.6415015
          1016    305.806093
          1017   305.9706051
          1018   306.1350443
          1019   306.2994123
          1020   306.4636998
          1021   306.6279164
          1022   306.7920602
          1023   306.9561259
          1024   307.1201211
          1025   307.2840418
          1026   307.4478868
          1027   307.6116619
          1028   307.7753604
          1029    307.938986
          1030   308.1025421
          1031   308.2660194
          1032   308.4294268
          1033    308.592763
          1034   308.7560222
          1035   308.9192124
          1036   309.0823291
          1037   309.2453719
          1038   309.4083462
          1039   309.5712444
          1040    309.734072
          1041   309.8968307
          1042   310.0595121
          1043   310.2221257
          1044   310.3846674
          1045   310.5471355
          1046   310.7095361
          1047   310.8718618
          1048   311.0341178
          1049   311.1963056
          1050   311.3584173
          1051   311.5204622
          1052   311.6824356
          1053    311.844337
          1054   312.0061719
          1055   312.1679319
          1056    312.329624
          1057   312.4912477
          1058   312.6527975
          1059   312.8142815
          1060   312.9756933
          1061   313.1370356
          1062   313.2983121
          1063   313.4595134
          1064   313.6206494
          1065   313.7817155
          1066   313.9427111
          1067   314.1036419
          1068   314.2644986
          1069   314.4252896
          1070   314.5860125
          1071   314.7466643
          1072   314.9072519
          1073   315.0677668
          1074   315.2282158
          1075   315.3885979
          1076   315.5489088
          1077   315.7091561
          1078   315.8693317
          1079   316.0294416
          1080   316.1894853
          1081   316.3494582
          1082    316.509368
          1083   316.6692068
          1084   316.8289803
          1085   316.9886882
          1086   317.1483258
          1087    317.307901
          1088   317.4674053
          1089   317.6268453
          1090   317.7862196
          1091   317.9455249
          1092   318.1047683
          1093   318.2639405
          1094   318.4230498
          1095   318.5820929
          1096   318.7410686
          1097   318.8999829
          1098   319.0588254
          1099   319.2176067
          1100    319.376321
          1101   319.5349698
          1102   319.6935562
          1103   319.8520728
          1104    320.010529
          1105   320.1689167
          1106   320.3272413
          1107   320.4855021
          1108   320.6436956
          1109   320.8018293
          1110   320.9598927
          1111   321.1178959
          1112   321.2758332
          1113   321.4337064
          1114    321.591518
          1115   321.7492616
          1116    321.906946
          1117   322.0645622
          1118   322.2221176
          1119    322.379609
          1120   322.5370359
          1121   322.6944026
          1122   322.8517014
          1123   323.0089417
          1124    323.166115
          1125   323.3232277
          1126   323.4802774
          1127    323.637263
          1128   323.7941893
          1129   323.9510482
          1130   324.1078494
          1131   324.2645841
          1132   324.4212592
          1133   324.5778713
          1134   324.7344208
          1135   324.8909107
          1136   325.0473348
          1137    325.203702
          1138   325.3600021
          1139   325.5162446
          1140   325.6724234
          1141   325.8285415
          1142   325.9845993
          1143   326.1405935
          1144   326.2965306
          1145   326.4524013
          1146   326.6082159
          1147   326.7639655
          1148   326.9196572
          1149   327.0752869
          1150   327.2308561
          1151   327.3863662
          1152   327.5418132
          1153   327.6972041
          1154   327.8525293
          1155   328.0077993
          1156    328.163005
          1157   328.3181538
          1158   328.4732411
          1159   328.6282691
          1160   328.7832382
          1161   328.9381458
          1162   329.0929971
          1163   329.2477845
          1164   329.4025177
          1165   329.5571861
          1166   329.7117997
          1167   329.8663511
          1168   330.0208456
          1169   330.1752802
          1170    330.329656
          1171   330.4839741
          1172   330.6382315
          1173   330.7924336
          1174   330.9465729
          1175    331.100659
          1176   331.2546808
          1177   331.4086494
          1178   331.5625559
          1179   331.7164074
          1180   331.8701988
          1181   332.0239335
          1182   332.1776102
          1183   332.3312286
          1184   332.4847908
          1185   332.6382931
          1186   332.7917412
          1187   332.9451278
          1188    333.098462
          1189   333.2517333
          1190   333.4049528
          1191   333.5581103
          1192    333.711215
          1193   333.8642594
          1194   334.0172497
          1195   334.1701813
          1196   334.3230575
          1197   334.4758766
          1198    334.628639
          1199   334.7813459
          1200   334.9339949
          1201   335.0865898
          1202   335.2391258
          1203   335.3916091
          1204   335.5440324
          1205   335.6964043
          1206   335.8487152
          1207   336.0009758
          1208   336.1531749
          1209   336.3053237
          1210   336.4574122
          1211   336.6094495
          1212   336.7614276
          1213   336.9133537
          1214   337.0652218
          1215   337.2170371
          1216   337.3687954
          1217   337.5205002
          1218   337.6721489
          1219   337.8237436
          1220   337.9752831
          1221   338.1267679
          1222   338.2781985
          1223   338.4295738
          1224   338.5808958
          1225   338.7321619
          1226   338.8833755
          1227   339.0345328
          1228   339.1856382
          1229    339.336687
          1230   339.4876845
          1231   339.6386251
          1232   339.7895151
          1233   339.9403479
          1234   340.0911305
          1235   340.2418558
          1236   340.3925314
          1237   340.5431494
          1238   340.6937183
          1239   340.8442294
          1240   340.9946918
          1241   341.1450963
          1242   341.2954524
          1243   341.4457507
          1244   341.5960009
          1245   341.7461933
          1246   341.8963378
          1247   342.0464245
          1248   342.1964635
          1249    342.346445
          1250   342.4963788
          1251   342.6462553
          1252   342.7960842
          1253    342.945856
          1254   343.0955803
          1255   343.2452477
          1256   343.3948676
          1257   343.5444309
          1258   343.6939468
          1259   343.8434063
          1260   343.9928183
          1261   344.1421744
          1262   344.2914828
          1263   344.4407357
          1264   344.5899408
          1265   344.7390909
          1266   344.8881928
          1267   345.0372404
          1268   345.1862395
          1269   345.3351849
          1270   345.4840814
          1271   345.6329248
          1272    345.781719
          1273   345.9304608
          1274    346.079153
          1275   346.2277934
          1276   346.3763837
          1277   346.5249231
          1278   346.6734119
          1279   346.8218505
          1280    346.970238
          1281   347.1185762
          1282   347.2668626
          1283   347.4151006
          1284   347.5632862
          1285   347.7114244
          1286   347.8595094
          1287    348.007548
          1288   348.1555327
          1289    348.303472
          1290   348.4513567
          1291   348.5991968
          1292   348.7469818
          1293   348.8947222
          1294   349.0424086
          1295   349.1900496
          1296   349.3376377
          1297   349.4851794
          1298   349.6326696
          1299   349.7801123
          1300   349.9275047
          1301   350.0748487
          1302   350.2221437
          1303   350.3693891
          1304    350.516587
          1305   350.6637342
          1306   350.8108352
          1307   350.9578843
          1308   351.1048887
          1309   351.2518401
          1310   351.3987479
          1311    351.545602
          1312   351.6924124
          1313   351.8391706
          1314   351.9858837
          1315   352.1325463
          1316   352.2791625
          1317   352.4257297
          1318   352.5722491
          1319   352.7187213
          1320   352.8651442
          1321   353.0115215
          1322   353.1578482
          1323    353.304131
          1324   353.4503616
          1325   353.5965494
          1326   353.7426849
          1327    353.888777
          1328   354.0348187
          1329   354.1808153
          1330   354.3267634
          1331   354.4726647
          1332   354.6185195
          1333   354.7643258
          1334   354.9100876
          1335   355.0557991
          1336    355.201468
          1337    355.347085
          1338   355.4926597
          1339    355.638184
          1340   355.7836645
          1341   355.9290966
          1342   356.0744831
          1343   356.2198233
          1344    356.365116
          1345   356.5103646
          1346   356.6555638
          1347    356.800721
          1348   356.9458268
          1349   357.0908909
          1350   357.2359056
          1351   357.3808767
          1352   357.5258007
          1353    357.670679
          1354   357.8155125
          1355   357.9602982
          1356   358.1050415
          1357   358.2497348
          1358   358.3943869
          1359   358.5389893
          1360   358.6835494
          1361   358.8280622
          1362   358.9725305
          1363    359.116954
          1364   359.2613306
          1365    359.405665
          1366   359.5499502
          1367   359.6941946
          1368   359.8383899
          1369   359.9825431
          1370   360.1266499
          1371   360.2707123
          1372   360.4147309
          1373   360.5587027
          1374   360.7026333
          1375   360.8465146
          1376   360.9903554
          1377   361.1341486
          1378   361.2778993
          1379    361.421605
          1380   361.5652658
          1381   361.7088844
          1382   361.8524555
          1383   361.9959864
          1384   362.1394688
          1385   362.2829103
          1386   362.4263062
          1387   362.5696585
          1388   362.7129681
          1389   362.8562314
          1390   362.9994549
          1391   363.1426295
          1392   363.2857643
          1393   363.4288532
          1394   363.5718995
          1395   363.7149029
          1396   363.8578609
          1397   364.0007792
          1398   364.1436491
          1399   364.2864796
          1400   364.4292644
          1401   364.5720071
          1402   364.7147074
          1403   364.8573624
          1404   364.9999783
          1405    365.142546
          1406   365.2850745
          1407   365.4275582
          1408   365.5699997
          1409   365.7123995
          1410   365.8547541
          1411   365.9970697
          1412   366.1393382
          1413   366.2815673
          1414   366.4237525
          1415   366.5658952
          1416   366.7079974
          1417   366.8500538
          1418   366.9920716
          1419   367.1340437
          1420   367.2759756
          1421   367.4178652
          1422   367.5597114
          1423   367.7015188
          1424   367.8432794
          1425   367.9850017
          1426   368.1266801
          1427   368.2683172
          1428   368.4099139
          1429   368.5514659
          1430   368.6929798
          1431   368.8344484
          1432   368.9758775
          1433   369.1172649
          1434   369.2586094
          1435    369.399916
          1436   369.5411761
          1437   369.6823984
          1438    369.823578
          1439   369.9647161
          1440   370.1058154
          1441   370.2468696
          1442   370.3878862
          1443   370.5288592
          1444   370.6697922
          1445   370.8106854
          1446   370.9515349
          1447   371.0923469
          1448   371.2331148
          1449   371.3738436
          1450   371.5145322
          1451    371.655178
          1452   371.7957866
          1453   371.9363506
          1454   372.0768765
          1455   372.2173617
          1456    372.357805
          1457   372.4982113
          1458   372.6385727
          1459   372.7788967
          1460   372.9191799
          1461   373.0594218
          1462   373.1996269
          1463   373.3397871
          1464   373.4799103
          1465   373.6199928
          1466   373.7600344
          1467   373.9000393
          1468   374.0399995
          1469   374.1799231
          1470   374.3198061
          1471   374.4596485
          1472   374.5994544
          1473   374.7392159
          1474   374.8789409
          1475   375.0186258
          1476     375.15827
          1477    375.297878
          1478   375.4374421
          1479   375.5769696
          1480   375.7164576
          1481   375.8559047
          1482   375.9953158
          1483   376.1346838
          1484   376.2740148
          1485   376.4133072
          1486   376.5525583
          1487   376.6917736
          1488   376.8309467
          1489   376.9700823
          1490   377.1091803
          1491   377.2482364
          1492   377.3872569
          1493   377.5262364
          1494   377.6651777
          1495   377.8040825
          1496   377.9429448
          1497   378.0817715
          1498   378.2205586
          1499   378.3593065
          1500    378.498019
          1501   378.6366888
          1502   378.7753228
          1503   378.9139188
          1504   379.0524744
          1505   379.1909949
          1506   379.3294742
          1507   379.4679165
          1508   379.6063225
          1509   379.7446869
          1510   379.8830163
          1511   380.0213064
          1512   380.1595581
          1513   380.2977748
          1514   380.4359494
          1515   380.5740887
          1516   380.7121907
          1517   380.8502528
          1518   380.9882801
          1519   381.1262674
          1520   381.2642176
          1521   381.4021328
          1522   381.5400062
          1523    381.677845
          1524   381.8156461
          1525   381.9534084
          1526   382.0911361
          1527   382.2288236
          1528   382.3664749
          1529   382.5040911
          1530   382.6416662
          1531   382.7792071
          1532   382.9167103
          1533   383.0541752
          1534   383.1916058
          1535   383.3289966
          1536   383.4663515
          1537   383.6036716
          1538    383.740951
          1539   383.8781963
          1540   384.0154046
          1541   384.1525746
          1542   384.2897106
          1543   384.4268075
          1544   384.5638685
          1545   384.7008954
          1546   384.8378815
          1547   384.9748338
          1548     385.11175
          1549   385.2486276
          1550   385.3854715
          1551   385.5222775
          1552   385.6590469
          1553   385.7957828
          1554   385.9324788
          1555   386.0691405
          1556   386.2057675
          1557   386.3423551
          1558   386.4789093
          1559   386.6154271
          1560   386.7519075
          1561   386.8883545
          1562   387.0247635
          1563   387.1611369
          1564   387.2974771
          1565   387.4337776
          1566   387.5700445
          1567    387.706277
          1568   387.8424706
          1569   387.9786312
          1570   388.1147559
          1571   388.2508435
          1572   388.3868981
          1573   388.5229154
          1574   388.6588973
          1575   388.7948463
          1576   388.9307565
          1577    389.066633
          1578   389.2024762
          1579   389.3382803
          1580   389.4740517
          1581   389.6097885
          1582   389.7454877
          1583   389.8811543
          1584   390.0167852
          1585   390.1523798
          1586    390.287942
          1587   390.4234672
          1588   390.5589576
          1589   390.6944156
          1590   390.8298356
          1591   390.9652221
          1592   391.1005762
          1593   391.2358914
          1594   391.3711743
          1595   391.5064238
          1596   391.6416355
          1597   391.7768152
          1598   391.9119604
          1599   392.0470691
          1600   392.1821457
          1601   392.3171871
          1602    392.452193
          1603    392.587167
          1604   392.7221048
          1605   392.8570083
          1606   392.9918799
          1607   393.1267145
          1608   393.2615159
          1609   393.3962854
          1610   393.5310173
          1611   393.6657168
          1612   393.8003845
          1613    393.935014
          1614    394.069612
          1615   394.2041775
          1616   394.3387057
          1617   394.4732024
          1618   394.6076661
          1619   394.7420933
          1620    394.876489
          1621   395.0108513
          1622   395.1451778
          1623   395.2794729
          1624    395.413734
          1625   395.5479601
          1626   395.6821548
          1627   395.8163153
          1628   395.9504411
          1629   396.0845358
          1630   396.2185959
          1631    396.352622
          1632   396.4866169
          1633   396.6205769
          1634   396.7545034
          1635   396.8883989
          1636   397.0222593
          1637   397.1560865
          1638   397.2898828
          1639   397.4236439
          1640   397.5573722
          1641   397.6910696
          1642   397.8247316
          1643   397.9583613
          1644   398.0919601
          1645   398.2255235
          1646   398.3590548
          1647   398.4925553
          1648   398.6260205
          1649   398.7594536
          1650   398.8928562
          1651   399.0262234
          1652   399.1595587
          1653   399.2928636
          1654   399.4261332
          1655    399.559371
          1656   399.6925784
          1657   399.8257507
          1658   399.9588913
          1659   400.0920016
          1660    400.225077
          1661   400.3581207
          1662   400.4911341
          1663   400.6241129
          1664   400.7570599
          1665   400.8899767
          1666   401.0228592
          1667   401.1557098
          1668   401.2885304
          1669    401.421317
          1670   401.5540715
          1671    401.686796
          1672   401.8194871
          1673   401.9521458
          1674   402.0847745
          1675   402.2173703
          1676   402.3499334
          1677   402.4824668
          1678   402.6149676
          1679   402.7474355
          1680   402.8798736
          1681   403.0122799
          1682   403.1446528
          1683    403.276996
          1684   403.4093079
          1685   403.5415861
          1686   403.6738347
          1687   403.8060527
          1688   403.9382364
          1689   404.0703907
          1690    404.202515
          1691   404.3346046
          1692   404.4666648
          1693   404.5986956
          1694   404.7306915
          1695   404.8626578
          1696   404.9945949
          1697   405.1264979
          1698   405.2583707
          1699   405.3902143
          1700   405.5220248
          1701   405.6538043
          1702   405.7855547
          1703   405.9172729
          1704   406.0489595
          1705   406.1806169
          1706   406.3122432
          1707    406.443837
          1708   406.5754018
          1709   406.7069364
          1710   406.8384377
          1711   406.9699102
          1712   407.1013535
          1713   407.2327626
          1714   407.3641429
          1715   407.4954944
          1716   407.6268123
          1717   407.7581008
          1718   407.8893605
          1719   408.0205878
          1720   408.1517847
          1721   408.2829528
          1722   408.4140899
          1723   408.5451954
          1724   408.6762723
          1725   408.8073194
          1726   408.9383338
          1727   409.0693197
          1728   409.2002771
          1729   409.3312007
          1730   409.4620959
          1731   409.5929627
          1732   409.7237969
          1733   409.8546016
          1734    409.985378
          1735   410.1161233
          1736   410.2468377
          1737    410.377524
          1738   410.5081806
          1739    410.638805
          1740   410.7694014
          1741   410.8999696
          1742   411.0305043
          1743    411.161011
          1744   411.2914897
          1745   411.4219365
          1746   411.5523538
          1747   411.6827431
          1748   411.8131022
          1749   411.9434303
          1750   412.0737306
          1751   412.2040023
          1752   412.3342416
          1753    412.464453
          1754   412.5946367
          1755   412.7247882
          1756   412.8549111
          1757   412.9850063
          1758   413.1150712
          1759   413.2451057
          1760   413.3751127
          1761   413.5050911
          1762   413.6350376
          1763   413.7649566
          1764    413.894848
          1765   414.0247076
          1766   414.1545388
          1767   414.2843425
          1768   414.4141163
          1769     414.54386
          1770   414.6735763
          1771   414.8032647
          1772   414.9329211
          1773   415.0625503
          1774   415.1921521
          1775   415.3217229
          1776   415.4512651
          1777     415.58078
          1778    415.710266
          1779   415.8397215
          1780   415.9691498
          1781    416.098551
          1782   416.2279203
          1783   416.3572623
          1784   416.4865772
          1785   416.6158623
          1786   416.7451181
          1787    416.874347
          1788   417.0035482
          1789   417.1327181
          1790   417.2618611
          1791   417.3909772
          1792    417.520063
          1793   417.6491205
          1794    417.778151
          1795   417.9071536
          1796   418.0361257
          1797    418.165071
          1798   418.2939895
          1799   418.4228775
          1800   418.5517378
          1801   418.6805714
          1802   418.8093767
          1803   418.9381522
          1804   419.0669011
          1805   419.1956234
          1806    419.324315
          1807   419.4529793
          1808   419.5816172
          1809   419.7102268
          1810   419.8388069
          1811   419.9673606
          1812   420.0958878
          1813   420.2243846
          1814   420.3528543
          1815   420.4812976
          1816    420.609713
          1817    420.738099
          1818   420.8664587
          1819   420.9947921
          1820   421.1230954
          1821   421.2513717
          1822   421.3796217
          1823   421.5078443
          1824   421.6360373
          1825   421.7642043
          1826   421.8923451
          1827   422.0204564
          1828   422.1485404
          1829   422.2765984
          1830   422.4046296
          1831    422.532631
          1832   422.6606063
          1833   422.7885558
          1834   422.9164765
          1835   423.0443695
          1836   423.1722366
          1837   423.3000779
          1838   423.4278887
          1839   423.5556737
          1840    423.683433
          1841   423.8111646
          1842   423.9388677
          1843   424.0665452
          1844   424.1941969
          1845   424.3218193
          1846   424.4494152
          1847   424.5769854
          1848   424.7045293
          1849   424.8320438
          1850   424.9595327
          1851   425.0869961
          1852   425.2144316
          1853   425.3418394
          1854   425.4692218
          1855   425.5965787
          1856   425.7239063
          1857   425.8512079
          1858   425.9784841
          1859    426.105734
          1860    426.232955
          1861   426.3601507
          1862   426.4873211
          1863   426.6144638
          1864   426.7415792
          1865   426.8686694
          1866   426.9957344
          1867   427.1227704
          1868   427.2497806
          1869   427.3767656
          1870   427.5037249
          1871   427.6306553
          1872   427.7575606
          1873   427.8844408
          1874   428.0112942
          1875     428.13812
          1876   428.2649208
          1877   428.3916966
          1878   428.5184444
          1879    428.645166
          1880   428.7718626
          1881   428.8985344
          1882   429.0251772
          1883   429.1517949
          1884   429.2783877
          1885    429.404955
          1886   429.5314939
          1887   429.6580081
          1888   429.7844975
          1889   429.9109604
          1890   430.0373962
          1891   430.1638072
          1892   430.2901935
          1893   430.4165526
          1894   430.5428854
          1895   430.6691936
          1896   430.7954773
          1897   430.9217329
          1898   431.0479632
          1899   431.1741689
          1900   431.3003502
          1901   431.4265028
          1902   431.5526309
          1903   431.6787346
          1904   431.8048131
          1905   431.9308638
          1906   432.0568901
          1907    432.182892
          1908   432.3088682
          1909   432.4348173
          1910   432.5607422
          1911   432.6866427
          1912    432.812517
          1913   432.9383649
          1914   433.0641886
          1915   433.1899881
          1916   433.3157609
          1917    433.441508
          1918   433.5672309
          1919   433.6929297
          1920   433.8186015
          1921    433.944248
          1922   434.0698705
          1923   434.1954689
          1924     434.32104
          1925   434.4465864
          1926   434.5721088
          1927   434.6976072
          1928    434.823078
          1929   434.9485246
          1930   435.0739472
          1931    435.199346
          1932   435.3247169
          1933    435.450064
          1934   435.5753872
          1935   435.7006865
          1936   435.8259582
          1937    435.951206
          1938   436.0764302
          1939   436.2016303
          1940   436.3268031
          1941   436.4519521
          1942   436.5770775
          1943   436.7021789
          1944   436.8272531
          1945   436.9523037
          1946   437.0773307
          1947   437.2023337
          1948   437.3273097
          1949   437.4522621
          1950    437.577191
          1951   437.7020961
          1952   437.8269742
          1953   437.9518288
          1954   438.0766599
          1955   438.2014674
          1956   438.3262479
          1957    438.451005
          1958   438.5757388
          1959   438.7004491
          1960   438.8251324
          1961   438.9497923
          1962    439.074429
          1963   439.1990424
          1964   439.3236288
          1965   439.4481919
          1966   439.5727318
          1967   439.6972485
          1968   439.8217387
          1969   439.9462053
          1970   440.0706488
          1971   440.1950691
          1972   440.3194634
          1973   440.4438338
          1974   440.5681811
          1975   440.6925054
          1976   440.8168041
          1977   440.9410786
          1978   441.0653302
          1979   441.1895588
          1980   441.3137623
          1981   441.4379413
          1982   441.5620974
          1983   441.6862306
          1984   441.8103393
          1985    441.934423
          1986    442.058484
          1987   442.1825221
          1988   442.3065364
          1989   442.4305252
          1990   442.5544913
          1991   442.6784347
          1992   442.8023549
          1993   442.9262492
          1994   443.0501208
          1995   443.1739697
          1996   443.2977959
          1997   443.4215962
          1998   443.5453736
          1999   443.6691283
          2000   443.7928605
          2001   443.9165676
          2002   444.0402511
          2003    444.163912
          2004   444.2875505
          2005   444.4111647
          2006   444.5347546
          2007    444.658322
          2008    444.781867
          2009   444.9053888
          2010   445.0288854
          2011   445.1523596
          2012   445.2758114
          2013    445.399241
          2014   445.5226447
          2015    445.646026
          2016   445.7693851
          2017   445.8927219
          2018   446.0160339
          2019   446.1393227
          2020   446.2625892
          2021   446.3858335
          2022   446.5090543
          2023   446.6322507
          2024    446.755425
          2025   446.8785772
          2026    447.001707
          2027   447.1248115
          2028   447.2478939
          2029   447.3709542
          2030   447.4939925
          2031   447.6170062
          2032    447.739997
          2033   447.8629658
          2034   447.9859126
          2035   448.1088362
          2036   448.2317356
          2037   448.3546132
          2038   448.4774689
          2039   448.6003026
          2040    448.723111
          2041   448.8458977
          2042   448.9686625
          2043   449.0914054
          2044   449.2141245
          2045   449.3368204
          2046   449.4594946
          2047   449.5821471
          2048   449.7047771
          2049   449.8273827
          2050   449.9499667
          2051   450.0725289
          2052   450.1950695
          2053   450.3175858
          2054   450.4400798
          2055   450.5625521
          2056   450.6850028
          2057   450.8074309
          2058   450.9298351
          2059   451.0522178
          2060    451.174579
          2061   451.2969187
          2062    451.419234
          2063   451.5415274
          2064   451.6637993
          2065   451.7860497
          2066   451.9082776
          2067   452.0304819
          2068   452.1526648
          2069   452.2748264
          2070   452.3969666
          2071   452.5190826
          2072   452.6411769
          2073   452.7632498
          2074   452.8853014
          2075   453.0073307
          2076   453.1293366
          2077   453.2513212
          2078   453.3732845
          2079   453.4952267
          2080   453.6171451
          2081   453.7390417
          2082   453.8609171
          2083   453.9827713
          2084   454.1046038
          2085   454.2264125
          2086   454.3482002
          2087   454.4699668
          2088   454.5917124
          2089   454.7134349
          2090   454.8351352
          2091   454.9568144
          2092   455.0784727
          2093   455.2001099
          2094   455.3217231
          2095   455.4433153
          2096   455.5648865
          2097   455.6864368
          2098   455.8079651
          2099   455.9294705
          2100    456.050955
          2101   456.1724187
          2102   456.2938615
          2103   456.4152813
          2104   456.5366794
          2105   456.6580566
          2106   456.7794131
          2107   456.9007488
          2108   457.0220607
          2109   457.1433519
          2110   457.2646223
          2111   457.3858721
          2112   457.5071001
          2113   457.6283055
          2114   457.7494902
          2115   457.8706542
          2116   457.9917977
          2117   458.1129186
          2118   458.2340178
          2119   458.3550964
          2120   458.4761545
          2121   458.5971921
          2122   458.7182064
          2123   458.8391999
          2124   458.9601729
          2125   459.0811254
          2126   459.2020571
          2127   459.3229657
          2128   459.4438538
          2129   459.5647215
          2130   459.6855689
          2131   459.8063949
          2132   459.9271985
          2133   460.0479817
          2134   460.1687446
          2135   460.2894872
          2136    460.410208
          2137    460.530907
          2138   460.6515858
          2139   460.7722442
          2140   460.8928825
          2141   461.0134985
          2142   461.1340934
          2143    461.254668
          2144   461.3752224
          2145   461.4957567
          2146   461.6162685
          2147   461.7367596
          2148   461.8572305
          2149   461.9776814
          2150   462.0981121
          2151   462.2185201
          2152   462.3389078
          2153   462.4592755
          2154   462.5796231
          2155   462.6999507
          2156   462.8202554
          2157   462.9405401
          2158   463.0608049
          2159   463.1810496
          2160   463.3012743
          2161   463.4214764
          2162   463.5416585
          2163   463.6618208
          2164   463.7819631
          2165   463.9020853
          2166   464.0221851
          2167   464.1422651
          2168   464.2623252
          2169   464.3823656
          2170   464.5023858
          2171   464.6223837
          2172   464.7423619
          2173   464.8623203
          2174    464.982259
          2175   465.1021777
          2176   465.2220741
          2177   465.3419509
          2178    465.461808
          2179   465.5816454
          2180    465.701463
          2181   465.8212584
          2182   465.9410342
          2183   466.0607903
          2184   466.1805269
          2185   466.3002439
          2186   466.4199385
          2187   466.5396137
          2188   466.6592693
          2189   466.7789054
          2190    466.898522
          2191   467.0181165
          2192   467.1376914
          2193   467.2572469
          2194   467.3767829
          2195   467.4962994
          2196   467.6157944
          2197   467.7352694
          2198    467.854725
          2199   467.9741613
          2200   468.0935782
          2201    468.212974
          2202   468.3323496
          2203   468.4517058
          2204   468.5710427
          2205   468.6903604
          2206   468.8096574
          2207   468.9289339
          2208   469.0481911
          2209   469.1674291
          2210   469.2866478
          2211   469.4058466
          2212   469.5250243
          2213   469.6441828
          2214   469.7633222
          2215   469.8824425
          2216   470.0015434
          2217   470.1206227
          2218    470.239683
          2219   470.3587242
          2220   470.4777463
          2221   470.5967493
          2222   470.7157312
          2223   470.8346935
          2224   470.9536368
          2225   471.0725612
          2226   471.1914665
          2227   471.3103514
          2228   471.4292162
          2229   471.5480621
          2230    471.666889
          2231    471.785697
          2232   471.9044855
          2233   472.0232531
          2234   472.1420018
          2235   472.2607317
          2236   472.3794428
          2237   472.4981349
          2238    472.616806
          2239    472.735458
          2240   472.8540912
          2241   472.9727056
          2242   473.0913013
          2243   473.2098768
          2244   473.3284325
          2245   473.4469693
          2246   473.5654875
          2247    473.683987
          2248   473.8024674
          2249    473.920927
          2250    474.039368
          2251   474.1577903
          2252   474.2761939
          2253    474.394579
          2254   474.5129436
          2255    474.631289
          2256   474.7496157
          2257   474.8679239
          2258   474.9862136
          2259   475.1044841
          2260   475.2227342
          2261   475.3409658
          2262   475.4591789
          2263   475.5773735
          2264   475.6955496
          2265   475.8137054
          2266   475.9318422
          2267   476.0499605
          2268   476.1680605
          2269    476.286142
          2270   476.4042046
          2271   476.5222469
          2272   476.6402708
          2273   476.7582764
          2274   476.8762637
          2275   476.9942326
          2276   477.1121815
          2277   477.2301114
          2278   477.3480231
          2279   477.4659164
          2280   477.5837915
          2281   477.7016481
          2282   477.8194843
          2283   477.9373022
          2284    478.055102
          2285   478.1728836
          2286    478.290647
          2287   478.4083911
          2288   478.5261158
          2289   478.6438223
          2290   478.7615107
          2291    478.879181
          2292   478.9968332
          2293   479.1144654
          2294   479.2320791
          2295   479.3496747
          2296   479.4672522
          2297   479.5848117
          2298   479.7023529
          2299    479.819874
          2300   479.9373771
          2301   480.0548623
          2302   480.1723294
          2303   480.2897787
          2304   480.4072089
          2305   480.5246199
          2306    480.642013
          2307   480.7593882
          2308   480.8767454
          2309   480.9940848
          2310   481.1114048
          2311   481.2287061
          2312   481.3459896
          2313   481.4632553
          2314   481.5805031
          2315   481.6977332
          2316   481.8149434
          2317   481.9321356
          2318     482.04931
          2319   482.1664666
          2320   482.2836055
          2321   482.4007265
          2322   482.5178277
          2323   482.6349112
          2324   482.7519769
          2325    482.869025
          2326   482.9860554
          2327   483.1030678
          2328   483.2200606
          2329   483.3370358
          2330   483.4539934
          2331   483.5709334
          2332   483.6878558
          2333     483.80476
          2334    483.921645
          2335   484.0385125
          2336   484.1553624
          2337   484.2721948
          2338   484.3890096
          2339   484.5058062
          2340   484.6225838
          2341    484.739344
          2342   484.8560866
          2343   484.9728118
          2344   485.0895196
          2345   485.2062091
          2346   485.3228798
          2347   485.4395331
          2348   485.5561691
          2349   485.6727876
          2350   485.7893887
          2351   485.9059717
          2352    486.022536
          2353   486.1390829
          2354   486.2556125
          2355   486.3721247
          2356   486.4886197
          2357   486.6050967
          2358    486.721555
          2359    486.837996
          2360   486.9544197
          2361   487.0708262
          2362   487.1872155
          2363    487.303587
          2364   487.4199397
          2365   487.5362752
          2366   487.6525936
          2367   487.7688947
          2368   487.8851787
          2369   488.0014454
          2370    488.117693
          2371   488.2339235
          2372   488.3501369
          2373   488.4663331
          2374   488.5825123
          2375   488.6986744
          2376   488.8148175
          2377   488.9309434
          2378   489.0470523
          2379   489.1631441
          2380    489.279219
          2381   489.3952768
          2382   489.5113161
          2383   489.6273379
          2384   489.7433427
          2385   489.8593305
          2386   489.9753014
          2387   490.0912554
          2388   490.2071915
          2389   490.3231095
          2390   490.4390107
          2391    490.554895
          2392   490.6707624
          2393    490.786613
          2394   490.9024463
          2395   491.0182611
          2396   491.1340591
          2397   491.2498403
          2398   491.3656047
          2399   491.4813522
          2400    491.597083
          2401   491.7127954
          2402   491.8284906
          2403   491.9441691
          2404   492.0598309
          2405   492.1754759
          2406   492.2911042
          2407   492.4067149
          2408   492.5223079
          2409   492.6378841
          2410   492.7534437
          2411   492.8689866
          2412   492.9845129
          2413   493.1000225
          2414   493.2155135
          2415   493.3309879
          2416   493.4464458
          2417    493.561887
          2418   493.6773117
          2419   493.7927197
          2420   493.9081102
          2421   494.0234833
          2422   494.1388398
          2423   494.2541798
          2424   494.3695032
          2425   494.4848102
          2426   494.6001007
          2427   494.7153727
          2428   494.8306283
          2429   494.9458675
          2430   495.0610902
          2431   495.1762965
          2432   495.2914863
          2433   495.4066589
          2434   495.5218141
          2435   495.6369528
          2436   495.7520752
          2437   495.8671812
          2438   495.9822708
          2439   496.0973441
          2440   496.2123995
          2441   496.3274383
          2442   496.4424607
          2443   496.5574669
          2444   496.6724567
          2445   496.7874303
          2446   496.9023873
          2447   497.0173265
          2448   497.1322495
          2449   497.2471562
          2450   497.3620467
          2451   497.4769209
          2452    497.591779
          2453   497.7066201
          2454   497.8214439
          2455   497.9362516
          2456   498.0510431
          2457   498.1658185
          2458   498.2805778
          2459   498.3953209
          2460   498.5100466
          2461   498.6247557
          2462   498.7394487
          2463   498.8541256
          2464   498.9687864
          2465   499.0834312
          2466   499.1980599
          2467    499.312671
          2468   499.4272658
          2469   499.5418447
          2470   499.6564075
          2471   499.7709543
          2472   499.8854851
          2473           500
          2474   500.1067834
          2475   500.2135486
          2476   500.3202955
          2477   500.4270243
          2478   500.5337349
          2479   500.6404273
          2480   500.7471016
          2481   500.8537578
          2482   500.9603958
          2483   501.0670157
          2484   501.1736175
          2485   501.2802012
          2486   501.3867669
          2487   501.4933145
          2488    501.599844
          2489   501.7063545
          2490   501.8128469
          2491   501.9193213
          2492   502.0257777
          2493   502.1322162
          2494   502.2386366
          2495   502.3450391
          2496   502.4514237
          2497   502.5577903
          2498    502.664139
          2499   502.7704698
          2500   502.8767827
          2501   502.9830777
          2502   503.0893548
          2503    503.195614
          2504   503.3018552
          2505   503.4080777
          2506   503.5142825
          2507   503.6204694
          2508   503.7266386
          2509     503.83279
          2510   503.9389236
          2511   504.0450394
          2512   504.1511375
          2513   504.2572178
          2514   504.3632805
          2515   504.4693254
          2516   504.5753526
          2517   504.6813621
          2518    504.787354
          2519   504.8933281
          2520   504.9992847
          2521   505.1052227
          2522   505.2111431
          2523   505.3170458
          2524   505.4229309
          2525   505.5287984
          2526   505.6346484
          2527   505.7404808
          2528   505.8462956
          2529   505.9520929
          2530   506.0578727
          2531   506.1636349
          2532   506.2693797
          2533   506.3751069
          2534   506.4808167
          2535    506.586509
          2536   506.6921838
          2537   506.7978412
          2538   506.9034806
          2539   507.0091023
          2540   507.1147066
          2541   507.2202934
          2542   507.3258629
          2543    507.431415
          2544   507.5369498
          2545   507.6424672
          2546   507.7479673
          2547     507.85345
          2548   507.9589154
          2549   508.0643636
          2550   508.1697944
          2551    508.275208
          2552   508.3806043
          2553   508.4859833
          2554   508.5913451
          2555   508.6966897
          2556   508.8020168
          2557   508.9073261
          2558   509.0126182
          2559   509.1178932
          2560    509.223151
          2561   509.3283916
          2562   509.4336151
          2563   509.5388214
          2564   509.6440106
          2565   509.7491828
          2566   509.8543378
          2567   509.9594757
          2568   510.0645966
          2569   510.1697003
          2570   510.2747871
          2571   510.3798568
          2572   510.4849094
          2573   510.5899451
          2574   510.6949637
          2575   510.7999653
          2576   510.9049492
          2577   511.0099162
          2578   511.1148661
          2579   511.2197991
          2580   511.3247152
          2581   511.4296143
          2582   511.5344966
          2583   511.6393619
          2584   511.7442104
          2585   511.8490419
          2586   511.9538566
          2587   512.0586545
          2588   512.1634355
          2589   512.2681996
          2590    512.372947
          2591   512.4776775
          2592   512.5823912
          2593   512.6870882
          2594   512.7917683
          2595   512.8964317
          2596   513.0010782
          2597   513.1057074
          2598   513.2103199
          2599   513.3149156
          2600   513.4194947
          2601    513.524057
          2602   513.6286027
          2603   513.7331316
          2604    513.837644
          2605   513.9421396
          2606   514.0466187
          2607   514.1510811
          2608   514.2555268
          2609    514.359956
          2610   514.4643686
          2611   514.5687646
          2612    514.673144
          2613   514.7775069
          2614   514.8818532
          2615   514.9861829
          2616   515.0904962
          2617   515.1947929
          2618   515.2990731
          2619   515.4033363
          2620   515.5075829
          2621    515.611813
          2622   515.7160266
          2623   515.8202238
          2624   515.9244046
          2625   516.0285689
          2626   516.1327168
          2627   516.2368483
          2628   516.3409634
          2629   516.4450622
          2630   516.5491445
          2631   516.6532105
          2632   516.7572602
          2633   516.8612934
          2634   516.9653104
          2635   517.0693111
          2636   517.1732954
          2637   517.2772634
          2638   517.3812152
          2639   517.4851507
          2640   517.5890699
          2641   517.6929728
          2642   517.7968595
          2643   517.9007299
          2644   518.0045836
          2645   518.1084211
          2646   518.2122423
          2647   518.3160474
          2648   518.4198363
          2649    518.523609
          2650   518.6273656
          2651   518.7311061
          2652   518.8348304
          2653   518.9385385
          2654   519.0422306
          2655   519.1459066
          2656   519.2495664
          2657   519.3532102
          2658   519.4568379
          2659   519.5604496
          2660   519.6640452
          2661   519.7676248
          2662   519.8711883
          2663   519.9747358
          2664   520.0782673
          2665   520.1817829
          2666   520.2852824
          2667   520.3887659
          2668   520.4922335
          2669   520.5956852
          2670   520.6991209
          2671   520.8025402
          2672   520.9059436
          2673    521.009331
          2674   521.1127025
          2675   521.2160581
          2676   521.3193978
          2677   521.4227217
          2678   521.5260297
          2679   521.6293219
          2680   521.7325982
          2681   521.8358587
          2682   521.9391034
          2683   522.0423323
          2684   522.1455454
          2685   522.2487427
          2686   522.3519242
          2687     522.45509
          2688     522.55824
          2689   522.6613742
          2690   522.7644927
          2691   522.8675955
          2692   522.9706826
          2693    523.073754
          2694   523.1768097
          2695   523.2798497
          2696    523.382874
          2697   523.4858827
          2698   523.5888757
          2699    523.691853
          2700   523.7948148
          2701   523.8977609
          2702   524.0006913
          2703   524.1036058
          2704   524.2065046
          2705   524.3093879
          2706   524.4122557
          2707   524.5151078
          2708   524.6179445
          2709   524.7207656
          2710   524.8235711
          2711   524.9263611
          2712   525.0291357
          2713   525.1318947
          2714   525.2346383
          2715   525.3373663
          2716   525.4400789
          2717   525.5427761
          2718   525.6454577
          2719    525.748124
          2720   525.8507748
          2721   525.9534102
          2722   526.0560302
          2723   526.1586348
          2724    526.261224
          2725   526.3637979
          2726   526.4663563
          2727   526.5688994
          2728   526.6714272
          2729   526.7739396
          2730   526.8764367
          2731   526.9789185
          2732   527.0813849
          2733   527.1838361
          2734   527.2862719
          2735   527.3886925
          2736   527.4910979
          2737   527.5934879
          2738   527.6958627
          2739   527.7982223
          2740   527.9005666
          2741   528.0028953
          2742   528.1052089
          2743   528.2075073
          2744   528.3097905
          2745   528.4120585
          2746   528.5143113
          2747    528.616549
          2748   528.7187715
          2749   528.8209789
          2750   528.9231712
          2751   529.0253483
          2752   529.1275103
          2753   529.2296573
          2754   529.3317891
          2755   529.4339058
          2756   529.5360075
          2757   529.6380941
          2758   529.7401657
          2759   529.8422222
          2760   529.9442637
          2761   530.0462902
          2762   530.1483016
          2763   530.2502981
          2764   530.3522795
          2765    530.454246
          2766   530.5561975
          2767    530.658134
          2768   530.7600555
          2769   530.8619621
          2770   530.9638538
          2771   531.0657306
          2772   531.1675924
          2773   531.2694393
          2774   531.3712713
          2775   531.4730885
          2776   531.5748907
          2777   531.6766781
          2778   531.7784506
          2779   531.8802083
          2780   531.9819511
          2781   532.0836791
          2782   532.1853923
          2783   532.2870906
          2784   532.3887742
          2785   532.4904429
          2786   532.5920969
          2787   532.6937361
          2788   532.7953605
          2789   532.8969701
          2790   532.9985651
          2791   533.1001452
          2792   533.2017104
          2793   533.3032609
          2794   533.4047967
          2795   533.5063178
          2796   533.6078242
          2797   533.7093159
          2798    533.810793
          2799   533.9122554
          2800   534.0137031
          2801   534.1151362
          2802   534.2165547
          2803   534.3179585
          2804   534.4193477
          2805   534.5207223
          2806   534.6220823
          2807   534.7234277
          2808   534.8247586
          2809   534.9260748
          2810   535.0273766
          2811   535.1286637
          2812   535.2299363
          2813   535.3311944
          2814    535.432438
          2815    535.533667
          2816   535.6348816
          2817   535.7360816
          2818   535.8372672
          2819   535.9384382
          2820   536.0395948
          2821    536.140737
          2822   536.2418647
          2823   536.3429779
          2824   536.4440768
          2825   536.5451612
          2826   536.6462312
          2827   536.7472867
          2828   536.8483279
          2829   536.9493547
          2830   537.0503671
          2831   537.1513652
          2832   537.2523489
          2833   537.3533182
          2834   537.4542732
          2835   537.5552139
          2836   537.6561402
          2837   537.7570522
          2838   537.8579499
          2839   537.9588333
          2840   538.0597025
          2841   538.1605573
          2842   538.2613979
          2843   538.3622242
          2844   538.4630363
          2845   538.5638341
          2846   538.6646177
          2847   538.7653871
          2848   538.8661422
          2849   538.9668831
          2850   539.0676099
          2851   539.1683224
          2852   539.2690208
          2853    539.369705
          2854    539.470375
          2855   539.5710309
          2856   539.6716726
          2857   539.7723002
          2858   539.8729137
          2859    539.973513
          2860   540.0740983
          2861   540.1746694
          2862   540.2752264
          2863   540.3757694
          2864   540.4762983
          2865   540.5768131
          2866   540.6773138
          2867   540.7778005
          2868   540.8782732
          2869   540.9787318
          2870   541.0791764
          2871    541.179607
          2872   541.2800236
          2873   541.3804262
          2874   541.4808148
          2875   541.5811895
          2876   541.6815501
          2877   541.7818968
          2878   541.8822295
          2879   541.9825483
          2880   542.0828532
          2881   542.1831441
          2882   542.2834211
          2883   542.3836842
          2884   542.4839334
          2885   542.5841687
          2886   542.6843902
          2887   542.7845977
          2888   542.8847914
          2889   542.9849712
          2890   543.0851372
          2891   543.1852893
          2892   543.2854276
          2893   543.3855521
          2894   543.4856627
          2895   543.5857596
          2896   543.6858426
          2897   543.7859119
          2898   543.8859674
          2899   543.9860091
          2900    544.086037
          2901   544.1860512
          2902   544.2860516
          2903   544.3860383
          2904   544.4860113
          2905   544.5859705
          2906   544.6859161
          2907   544.7858479
          2908    544.885766
          2909   544.9856705
          2910   545.0855612
          2911   545.1854383
          2912   545.2853017
          2913   545.3851515
          2914   545.4849876
          2915   545.5848101
          2916    545.684619
          2917   545.7844142
          2918   545.8841958
          2919   545.9839639
          2920   546.0837183
          2921   546.1834591
          2922   546.2831864
          2923      546.3829
          2924   546.4826002
          2925   546.5822867
          2926   546.6819597
          2927   546.7816192
          2928   546.8812652
          2929   546.9808976
          2930   547.0805165
          2931   547.1801219
          2932   547.2797139
          2933   547.3792923
          2934   547.4788572
          2935   547.5784087
          2936   547.6779467
          2937   547.7774713
          2938   547.8769824
          2939   547.9764801
          2940   548.0759643
          2941   548.1754351
          2942   548.2748925
          2943   548.3743365
          2944   548.4737671
          2945   548.5731843
          2946   548.6725882
          2947   548.7719786
          2948   548.8713557
          2949   548.9707195
          2950   549.0700698
          2951   549.1694069
          2952   549.2687306
          2953    549.368041
          2954   549.4673381
          2955   549.5666218
          2956   549.6658923
          2957   549.7651495
          2958   549.8643934
          2959    549.963624
          2960   550.0628413
          2961   550.1620454
          2962   550.2612362
          2963   550.3604138
          2964   550.4595782
          2965   550.5587293
          2966   550.6578672
          2967   550.7569919
          2968   550.8561034
          2969   550.9552017
          2970   551.0542868
          2971   551.1533587
          2972   551.2524175
          2973   551.3514631
          2974   551.4504955
          2975   551.5495148
          2976   551.6485209
          2977    551.747514
          2978   551.8464939
          2979   551.9454606
          2980   552.0444143
          2981   552.1433549
          2982   552.2422824
          2983   552.3411968
          2984   552.4400981
          2985   552.5389863
          2986   552.6378615
          2987   552.7367237
          2988   552.8355727
          2989   552.9344088
          2990   553.0332318
          2991   553.1320418
          2992   553.2308388
          2993   553.3296228
          2994   553.4283938
          2995   553.5271518
          2996   553.6258968
          2997   553.7246289
          2998   553.8233479
          2999   553.9220541
          3000   554.0207472
          3001   554.1194275
          3002   554.2180948
          3003   554.3167491
          3004   554.4153906
          3005   554.5140191
          3006   554.6126347
          3007   554.7112375
          3008   554.8098273
          3009   554.9084043
          3010   555.0069684
          3011   555.1055196
          3012   555.2040579
          3013   555.3025835
          3014   555.4010961
          3015   555.4995959
          3016   555.5980827
          3017   555.6965567
          3018   555.7950179
          3019   555.8934663
          3020   555.9919019
          3021   556.0903246
          3022   556.1887347
          3023   556.2871319
          3024   556.3855163
          3025    556.483888
          3026    556.582247
          3027   556.6805932
          3028   556.7789267
          3029   556.8772474
          3030   556.9755554
          3031   557.0738507
          3032   557.1721333
          3033   557.2704033
          3034   557.3686605
          3035    557.466905
          3036   557.5651368
          3037    557.663356
          3038   557.7615625
          3039   557.8597564
          3040   557.9579376
          3041   558.0561062
          3042   558.1542622
          3043   558.2524055
          3044   558.3505362
          3045   558.4486543
          3046   558.5467598
          3047   558.6448528
          3048   558.7429331
          3049   558.8410008
          3050    558.939056
          3051   559.0370986
          3052   559.1351287
          3053   559.2331462
          3054   559.3311512
          3055   559.4291436
          3056   559.5271235
          3057   559.6250909
          3058   559.7230458
          3059   559.8209882
          3060   559.9189181
          3061   560.0168355
          3062   560.1147404
          3063   560.2126328
          3064   560.3105128
          3065   560.4083803
          3066   560.5062354
          3067    560.604078
          3068   560.7019081
          3069   560.7997259
          3070   560.8975309
          3071   560.9953235
          3072   561.0931037
          3073   561.1908716
          3074    561.288627
          3075     561.38637
          3076   561.4841007
          3077   561.5818189
          3078   561.6795248
          3079   561.7772184
          3080   561.8748996
          3081   561.9725685
          3082    562.070225
          3083   562.1678692
          3084   562.2655011
          3085   562.3631206
          3086   562.4607279
          3087   562.5583228
          3088   562.6559055
          3089   562.7534759
          3090   562.8510339
          3091   562.9485798
          3092   563.0461133
          3093   563.1436346
          3094   563.2411437
          3095   563.3386405
          3096   563.4361251
          3097   563.5335974
          3098   563.6310576
          3099   563.7285055
          3100   563.8259412
          3101   563.9233647
          3102    564.020776
          3103   564.1181751
          3104   564.2155621
          3105   564.3129369
          3106   564.4102995
          3107     564.50765
          3108   564.6049883
          3109   564.7023145
          3110   564.7996284
          3111     564.89693
          3112   564.9942195
          3113   565.0914968
          3114    565.188762
          3115   565.2860151
          3116   565.3832561
          3117   565.4804851
          3118   565.5777019
          3119   565.6749067
          3120   565.7720994
          3121   565.8692801
          3122   565.9664487
          3123   566.0636053
          3124   566.1607498
          3125   566.2578823
          3126   566.3550028
          3127   566.4521112
          3128   566.5492077
          3129   566.6462921
          3130   566.7433646
          3131    566.840425
          3132   566.9374735
          3133     567.03451
          3134   567.1315346
          3135   567.2285472
          3136   567.3255478
          3137   567.4225365
          3138   567.5195132
          3139    567.616478
          3140   567.7134309
          3141   567.8103718
          3142   567.9073009
          3143    568.004218
          3144   568.1011233
          3145   568.1980164
          3146   568.2948975
          3147   568.3917667
          3148    568.488624
          3149   568.5854694
          3150    568.682303
          3151   568.7791248
          3152   568.8759347
          3153   568.9727328
          3154    569.069519
          3155   569.1662934
          3156    569.263056
          3157   569.3598068
          3158   569.4565458
          3159    569.553273
          3160   569.6499884
          3161    569.746692
          3162   569.8433838
          3163   569.9400639
          3164   570.0367322
          3165   570.1333887
          3166   570.2300335
          3167   570.3266666
          3168   570.4232879
          3169   570.5198975
          3170   570.6164954
          3171   570.7130816
          3172    570.809656
          3173   570.9062188
          3174   571.0027698
          3175   571.0993091
          3176   571.1958363
          3177   571.2923519
          3178   571.3888558
          3179   571.4853481
          3180   571.5818287
          3181   571.6782976
          3182   571.7747549
          3183   571.8712006
          3184   571.9676346
          3185    572.064057
          3186   572.1604678
          3187    572.256867
          3188   572.3532546
          3189   572.4496305
          3190   572.5459949
          3191   572.6423478
          3192    572.738689
          3193   572.8350187
          3194   572.9313368
          3195   573.0276433
          3196   573.1239383
          3197   573.2202218
          3198   573.3164937
          3199   573.4127541
          3200    573.509003
          3201   573.6052404
          3202   573.7014662
          3203   573.7976803
          3204   573.8938827
          3205   573.9900735
          3206   574.0862529
          3207   574.1824209
          3208   574.2785773
          3209   574.3747223
          3210   574.4708559
          3211   574.5669779
          3212   574.6630886
          3213   574.7591878
          3214   574.8552755
          3215   574.9513519
          3216   575.0474168
          3217   575.1434703
          3218   575.2395124
          3219   575.3355431
          3220   575.4315624
          3221   575.5275703
          3222   575.6235669
          3223   575.7195521
          3224   575.8155259
          3225   575.9114883
          3226   576.0074394
          3227   576.1033791
          3228   576.1993075
          3229    576.295224
          3230   576.3911292
          3231   576.4870232
          3232   576.5829058
          3233    576.678777
          3234    576.774637
          3235   576.8704857
          3236   576.9663231
          3237   577.0621492
          3238    577.157964
          3239   577.2537676
          3240   577.3495599
          3241   577.4453409
          3242   577.5411107
          3243   577.6368692
          3244   577.7326165
          3245   577.8283526
          3246   577.9240774
          3247    578.019791
          3248   578.1154934
          3249   578.2111846
          3250   578.3068646
          3251   578.4025334
          3252   578.4981908
          3253   578.5938367
          3254   578.6894714
          3255    578.785095
          3256   578.8807073
          3257   578.9763086
          3258   579.0718986
          3259   579.1674776
          3260   579.2630453
          3261    579.358602
          3262   579.4541475
          3263   579.5496819
          3264   579.6452052
          3265   579.7407174
          3266   579.8362185
          3267   579.9317084
          3268   580.0271873
          3269   580.1226551
          3270   580.2181119
          3271   580.3135575
          3272   580.4089921
          3273   580.5044157
          3274   580.5998281
          3275    580.695229
          3276   580.7906189
          3277   580.8859977
          3278   580.9813654
          3279   581.0767222
          3280   581.1720679
          3281   581.2674027
          3282   581.3627264
          3283   581.4580391
          3284   581.5533409
          3285   581.6486316
          3286   581.7439114
          3287   581.8391802
          3288    581.934438
          3289   582.0296849
          3290   582.1249208
          3291   582.2201458
          3292   582.3153598
          3293   582.4105629
          3294   582.5057551
          3295   582.6009363
          3296   582.6961062
          3297    582.791265
          3298   582.8864129
          3299     582.98155
          3300   583.0766761
          3301   583.1717913
          3302   583.2668957
          3303   583.3619892
          3304   583.4570718
          3305   583.5521435
          3306   583.6472044
          3307   583.7422545
          3308   583.8372937
          3309    583.932322
          3310   584.0273395
          3311   584.1223462
          3312   584.2173421
          3313   584.3123272
          3314   584.4073014
          3315   584.5022649
          3316   584.5972172
          3317   584.6921584
          3318   584.7870889
          3319   584.8820086
          3320   584.9769175
          3321   585.0718156
          3322    585.166703
          3323   585.2615796
          3324   585.3564455
          3325   585.4513006
          3326    585.546145
          3327   585.6409786
          3328   585.7358016
          3329   585.8306138
          3330   585.9254153
          3331   586.0202061
          3332   586.1149861
          3333   586.2097555
          3334   586.3045142
          3335   586.3992621
          3336   586.4939988
          3337   586.5887249
          3338   586.6834402
          3339   586.7781449
          3340    586.872839
          3341   586.9675224
          3342   587.0621951
          3343   587.1568572
          3344   587.2515087
          3345   587.3461495
          3346   587.4407798
          3347   587.5353994
          3348   587.6300084
          3349   587.7246068
          3350   587.8191946
          3351   587.9137718
          3352   588.0083384
          3353   588.1028945
          3354   588.1974396
          3355   588.2919739
          3356   588.3864976
          3357   588.4810107
          3358   588.5755133
          3359   588.6700053
          3360   588.7644868
          3361   588.8589578
          3362   588.9534182
          3363   589.0478681
          3364   589.1423075
          3365   589.2367364
          3366   589.3311548
          3367   589.4255627
          3368     589.51996
          3369   589.6143469
          3370   589.7087233
          3371   589.8030893
          3372   589.8974444
          3373   589.9917888
          3374   590.0861226
          3375   590.1804461
          3376    590.274759
          3377   590.3690616
          3378   590.4633536
          3379   590.5576353
          3380   590.6519065
          3381   590.7461673
          3382   590.8404177
          3383   590.9346577
          3384   591.0288873
          3385   591.1231065
          3386   591.2173153
          3387   591.3115137
          3388   591.4057017
          3389   591.4998794
          3390    591.594046
          3391   591.6882022
          3392   591.7823481
          3393   591.8764836
          3394   591.9706088
          3395   592.0647236
          3396   592.1588281
          3397   592.2529223
          3398   592.3470062
          3399   592.4410797
          3400   592.5351429
          3401   592.6291958
          3402   592.7232384
          3403   592.8172707
          3404   592.9112928
          3405   593.0053045
          3406   593.0993059
          3407   593.1932963
          3408   593.2872766
          3409   593.3812465
          3410   593.4752062
          3411   593.5691556
          3412   593.6630948
          3413   593.7570238
          3414   593.8509425
          3415    593.944851
          3416   594.0387492
          3417   594.1326373
          3418   594.2265151
          3419   594.3203827
          3420   594.4142401
          3421   594.5080873
          3422   594.6019244
          3423   594.6957507
          3424   594.7895666
          3425   594.8833724
          3426    594.977168
          3427   595.0709534
          3428   595.1647287
          3429   595.2584938
          3430   595.3522488
          3431   595.4459936
          3432   595.5397283
          3433   595.6334529
          3434   595.7271673
          3435   595.8208716
          3436   595.9145658
          3437   596.0082499
          3438   596.1019239
          3439   596.1955873
          3440   596.2892404
          3441   596.3828833
          3442   596.4765162
          3443    596.570139
          3444   596.6637518
          3445   596.7573544
          3446    596.850947
          3447   596.9445296
          3448   597.0381021
          3449   597.1316646
          3450    597.225217
          3451   597.3187594
          3452   597.4122917
          3453   597.5058141
          3454   597.5993263
          3455   597.6928279
          3456   597.7863194
          3457   597.8798009
          3458   597.9732725
          3459   598.0667341
          3460   598.1601856
          3461   598.2536272
          3462   598.3470588
          3463   598.4404805
          3464   598.5338921
          3465   598.6272939
          3466   598.7206856
          3467   598.8140674
          3468   598.9074393
          3469   599.0008012
          3470   599.0941526
          3471   599.1874939
          3472   599.2808253
          3473   599.3741467
          3474   599.4674583
          3475   599.5607599
          3476   599.6540517
          3477   599.7473335
          3478   599.8406055
          3479   599.9338676
          3480   600.0271198
          3481   600.1203621
          3482   600.2135945
          3483   600.3068171
          3484   600.4000298
          3485   600.4932319
          3486   600.5864242
          3487   600.6796066
          3488   600.7727792
          3489   600.8659419
          3490   600.9590948
          3491   601.0522379
          3492   601.1453711
          3493   601.2384946
          3494   601.3316082
          3495    601.424712
          3496   601.5178061
          3497   601.6108903
          3498   601.7039648
          3499   601.7970291
          3500   601.8900832
          3501   601.9831276
          3502   602.0761622
          3503    602.169187
          3504    602.262202
          3505   602.3552073
          3506   602.4482029
          3507   602.5411887
          3508   602.6341648
          3509   602.7271312
          3510   602.8200878
          3511   602.9130347
          3512   603.0059719
          3513   603.0988993
          3514   603.1918162
          3515   603.2847235
          3516   603.3776211
          3517    603.470509
          3518   603.5633872
          3519   603.6562558
          3520   603.7491146
          3521   603.8419638
          3522   603.9348033
          3523   604.0276332
          3524   604.1204534
          3525    604.213264
          3526   604.3060649
          3527    604.398856
          3528   604.4916369
          3529   604.5844081
          3530   604.6771697
          3531   604.7699216
          3532    604.862664
          3533   604.9553967
          3534   605.0481199
          3535   605.1408334
          3536   605.2335374
          3537   605.3262317
          3538   605.4189165
          3539   605.5115917
          3540   605.6042573
          3541   605.6969131
          3542   605.7895587
          3543   605.8821948
          3544   605.9748214
          3545   606.0674384
          3546   606.1600459
          3547   606.2526438
          3548   606.3452322
          3549   606.4378111
          3550   606.5303804
          3551   606.6229403
          3552   606.7154906
          3553   606.8080314
          3554   606.9005627
          3555   606.9930837
          3556   607.0855952
          3557   607.1780972
          3558   607.2705897
          3559   607.3630727
          3560   607.4555462
          3561   607.5480103
          3562   607.6404649
          3563   607.7329101
          3564   607.8253458
          3565   607.9177721
          3566   608.0101889
          3567   608.1025962
          3568   608.1949936
          3569   608.2873813
          3570   608.3797595
          3571   608.4721283
          3572   608.5644877
          3573   608.6568377
          3574   608.7491783
          3575   608.8415095
          3576   608.9338313
          3577   609.0261437
          3578   609.1184467
          3579   609.2107404
          3580   609.3030246
          3581    609.395299
          3582   609.4875636
          3583   609.5798189
          3584   609.6720649
          3585   609.7643015
          3586   609.8565287
          3587   609.9487466
          3588   610.0409552
          3589   610.1331545
          3590   610.2253444
          3591    610.317525
          3592   610.4096962
          3593   610.5018582
          3594   610.5940102
          3595   610.6861526
          3596   610.7782858
          3597   610.8704097
          3598   610.9625243
          3599   611.0546296
          3600   611.1467257
          3601   611.2388124
          3602   611.3308899
          3603   611.4229581
          3604   611.5150171
          3605   611.6070668
          3606   611.6991072
          3607   611.7911375
          3608   611.8831586
          3609   611.9751705
          3610   612.0671731
          3611   612.1591665
          3612   612.2511507
          3613   612.3431256
          3614   612.4350914
          3615   612.5270479
          3616   612.6189952
          3617   612.7109334
          3618   612.8028623
          3619   612.8947815
          3620   612.9866912
          3621   613.0785917
          3622    613.170483
          3623   613.2623652
          3624   613.3542382
          3625    613.446102
          3626   613.5379567
          3627   613.6298022
          3628   613.7216386
          3629   613.8134658
          3630   613.9052839
          3631   613.9970926
          3632   614.0888915
          3633   614.1806813
          3634    614.272462
          3635   614.3642336
          3636   614.4559961
          3637   614.5477495
          3638   614.6394938
          3639   614.7312289
          3640    614.822955
          3641    614.914672
          3642   615.0063799
          3643   615.0980786
          3644   615.1897674
          3645   615.2814472
          3646    615.373118
          3647   615.4647797
          3648   615.5564323
          3649   615.6480759
          3650   615.7397104
          3651   615.8313359
          3652   615.9229523
          3653   616.0145598
          3654   616.1061582
          3655   616.1977473
          3656   616.2893268
          3657   616.3808972
          3658   616.4724586
          3659    616.564011
          3660   616.6555545
          3661   616.7470889
          3662   616.8386144
          3663   616.9301308
          3664   617.0216383
          3665   617.1131368
          3666   617.2046263
          3667   617.2961065
          3668   617.3875772
          3669   617.4790389
          3670   617.5704917
          3671   617.6619355
          3672   617.7533704
          3673   617.8447963
          3674   617.9362133
          3675   618.0276214
          3676   618.1190205
          3677   618.2104108
          3678   618.3017921
          3679   618.3931638
          3680   618.4845263
          3681     618.57588
          3682   618.6672247
          3683   618.7585606
          3684   618.8498876
          3685   618.9412057
          3686   619.0325149
          3687   619.1238152
          3688   619.2151067
          3689   619.3063893
          3690   619.3976628
          3691   619.4889267
          3692   619.5801818
          3693   619.6714281
          3694   619.7626655
          3695    619.853894
          3696   619.9451137
          3697   620.0363246
          3698   620.1275267
          3699   620.2187199
          3700   620.3099044
          3701     620.40108
          3702   620.4922459
          3703    620.583403
          3704   620.6745512
          3705   620.7656907
          3706   620.8568213
          3707   620.9479432
          3708   621.0390563
          3709   621.1301606
          3710   621.2212562
          3711   621.3123429
          3712   621.4034209
          3713   621.4944896
          3714   621.5855491
          3715   621.6765999
          3716    621.767642
          3717   621.8586753
          3718   621.9496998
          3719   622.0407156
          3720   622.1317227
          3721   622.2227211
          3722   622.3137107
          3723   622.4046917
          3724   622.4956634
          3725    622.586626
          3726   622.6775798
          3727    622.768525
          3728   622.8594614
          3729   622.9503892
          3730   623.0413083
          3731   623.1322187
          3732   623.2231204
          3733   623.3140134
          3734   623.4048978
          3735   623.4957731
          3736   623.5866392
          3737   623.6774966
          3738   623.7683454
          3739   623.8591855
          3740    623.950017
          3741   624.0408399
          3742   624.1316541
          3743   624.2224597
          3744   624.3132566
          3745    624.404045
          3746   624.4948242
          3747   624.5855943
          3748   624.6763558
          3749   624.7671088
          3750   624.8578531
          3751   624.9485888
          3752    625.039316
          3753   625.1300345
          3754   625.2207445
          3755   625.3114459
          3756   625.4021387
          3757   625.4928222
          3758   625.5834969
          3759   625.6741631
          3760   625.7648206
          3761   625.8554697
          3762   625.9461102
          3763   626.0367421
          3764   626.1273655
          3765   626.2179804
          3766   626.3085867
          3767   626.3991844
          3768   626.4897727
          3769   626.5803525
          3770   626.6709238
          3771   626.7614865
          3772   626.8520408
          3773   626.9425865
          3774   627.0331238
          3775   627.1236525
          3776   627.2141728
          3777   627.3046846
          3778   627.3951874
          3779   627.4856812
          3780   627.5761666
          3781   627.6666435
          3782   627.7571119
          3783   627.8475719
          3784   627.9380234
          3785   628.0284664
          3786    628.118901
          3787   628.2093272
          3788   628.2997449
          3789   628.3901532
          3790   628.4805531
          3791   628.5709445
          3792   628.6613275
          3793   628.7517022
          3794   628.8420683
          3795   628.9324261
          3796   629.0227755
          3797   629.1131165
          3798    629.203449
          3799   629.2937726
          3800   629.3840874
          3801   629.4743938
          3802   629.5646918
          3803   629.6549814
          3804   629.7452627
          3805   629.8355356
          3806   629.9258001
          3807   630.0160563
          3808   630.1063041
          3809   630.1965432
          3810   630.2867734
          3811   630.3769951
          3812   630.4672086
          3813   630.5574136
          3814   630.6476104
          3815   630.7377988
          3816    630.827979
          3817   630.9181507
          3818   631.0083142
          3819   631.0984692
          3820   631.1886151
          3821   631.2787526
          3822   631.3688819
          3823   631.4590028
          3824   631.5491155
          3825   631.6392198
          3826   631.7293159
          3827   631.8194037
          3828   631.9094833
          3829   631.9995545
          3830   632.0896165
          3831   632.1796702
          3832   632.2697156
          3833   632.3597528
          3834   632.4497818
          3835   632.5398025
          3836    632.629815
          3837   632.7198192
          3838   632.8098152
          3839   632.8998029
          3840   632.9897814
          3841   633.0797517
          3842   633.1697138
          3843   633.2596676
          3844   633.3496133
          3845   633.4395507
          3846     633.52948
          3847    633.619401
          3848   633.7093138
          3849   633.7992184
          3850   633.8891139
          3851   633.9790011
          3852   634.0688802
          3853   634.1587511
          3854   634.2486138
          3855   634.3384684
          3856   634.4283148
          3857   634.5181531
          3858   634.6079831
          3859   634.6978049
          3860   634.7876176
          3861   634.8774222
          3862   634.9672187
          3863   635.0570071
          3864   635.1467873
          3865   635.2365594
          3866   635.3263233
          3867   635.4160792
          3868   635.5058269
          3869   635.5955661
          3870   635.6852966
          3871   635.7750189
          3872   635.8647332
          3873   635.9544394
          3874   636.0441375
          3875   636.1338275
          3876   636.2235094
          3877   636.3131833
          3878    636.402849
          3879   636.4925059
          3880   636.5821545
          3881    636.671795
          3882   636.7614275
          3883   636.8510519
          3884   636.9406682
          3885   637.0302765
          3886   637.1198768
          3887    637.209469
          3888   637.2990531
          3889   637.3886282
          3890   637.4781953
          3891   637.5677543
          3892   637.6573053
          3893   637.7468483
          3894   637.8363833
          3895   637.9259103
          3896   638.0154293
          3897   638.1049403
          3898   638.1944427
          3899   638.2839366
          3900   638.3734225
          3901   638.4629005
          3902   638.5523705
          3903   638.6418325
          3904   638.7312865
          3905   638.8207325
          3906   638.9101706
          3907   638.9996007
          3908   639.0890218
          3909   639.1784349
          3910   639.2678401
          3911   639.3572374
          3912   639.4466267
          3913    639.536008
          3914   639.6253814
          3915   639.7147469
          3916   639.8041045
          3917   639.8934535
          3918   639.9827941
          3919   640.0721269
          3920   640.1614517
          3921   640.2507686
          3922   640.3400776
          3923   640.4293787
          3924   640.5186719
          3925   640.6079572
          3926   640.6972344
          3927   640.7865029
          3928   640.8757634
          3929   640.9650161
          3930    641.054261
          3931   641.1434979
          3932    641.232727
          3933   641.3219482
          3934   641.4111616
          3935   641.5003671
          3936   641.5895637
          3937   641.6787525
          3938   641.7679334
          3939   641.8571064
          3940   641.9462716
          3941    642.035429
          3942   642.1245785
          3943   642.2137203
          3944   642.3028541
          3945   642.3919794
          3946   642.4810966
          3947    642.570206
          3948   642.6593075
          3949   642.7484013
          3950   642.8374873
          3951   642.9265654
          3952   643.0156358
          3953   643.1046984
          3954   643.1937526
          3955   643.2827985
          3956   643.3718366
          3957    643.460867
          3958   643.5498896
          3959   643.6389045
          3960   643.7279115
          3961   643.8169108
          3962   643.9059024
          3963   643.9948857
          3964   644.0838607
          3965   644.1728279
          3966   644.2617874
          3967   644.3507392
          3968   644.4396832
          3969   644.5286195
          3970    644.617548
          3971   644.7064689
          3972   644.7953815
          3973   644.8842858
          3974   644.9731824
          3975   645.0620713
          3976   645.1509525
          3977    645.239826
          3978   645.3286918
          3979   645.4175499
          3980   645.5064003
          3981   645.5952426
          3982   645.6840765
          3983   645.7729028
          3984   645.8617214
          3985   645.9505323
          3986   646.0393355
          3987   646.1281311
          3988    646.216919
          3989   646.3056993
          3990   646.3944714
          3991   646.4832352
          3992   646.5719915
          3993     646.66074
          3994    646.749481
          3995   646.8382143
          3996     646.92694
          3997    647.015658
          3998   647.1043684
          3999   647.1930705
          4000   647.2817646
          4001   647.3704511
          4002   647.4591299
          4003   647.5478012
          4004   647.6364648
          4005   647.7251209
          4006   647.8137693
          4007   647.9024102
          4008   647.9910426
          4009   648.0796672
          4010   648.1682842
          4011   648.2568936
          4012   648.3454954
          4013   648.4340897
          4014   648.5226764
          4015   648.6112556
          4016   648.6998271
          4017     648.78839
          4018   648.8769454
          4019   648.9654932
          4020   649.0540335
          4021   649.1425662
          4022   649.2310914
          4023    649.319609
          4024   649.4081192
          4025   649.4966214
          4026   649.5851154
          4027   649.6736018
          4028   649.7620807
          4029   649.8505521
          4030    649.939016
          4031   650.0274724
          4032   650.1159213
          4033   650.2043627
          4034   650.2927959
          4035   650.3812211
          4036   650.4696389
          4037   650.5580492
          4038    650.646452
          4039   650.7348474
          4040   650.8232352
          4041   650.9116156
          4042   650.9999886
          4043   651.0883529
          4044   651.1767098
          4045   651.2650592
          4046   651.3534012
          4047   651.4417357
          4048   651.5300627
          4049   651.6183824
          4050   651.7066946
          4051   651.7949988
          4052    651.883295
          4053   651.9715838
          4054   652.0598651
          4055    652.148139
          4056   652.2364055
          4057   652.3246646
          4058   652.4129162
          4059   652.5011605
          4060   652.5893963
          4061   652.6776246
          4062   652.7658455
          4063   652.8540591
          4064   652.9422652
          4065   653.0304639
          4066   653.1186553
          4067   653.2068393
          4068   653.2950154
          4069   653.3831835
          4070   653.4713442
          4071   653.5594975
          4072   653.6476435
          4073   653.7357822
          4074   653.8239134
          4075   653.9120374
          4076   654.0001539
          4077    654.088262
          4078   654.1763628
          4079   654.2644562
          4080   654.3525422
          4081   654.4406209
          4082   654.5286923
          4083   654.6167564
          4084   654.7048132
          4085   654.7928619
          4086   654.8809029
          4087   654.9689365
          4088   655.0569629
          4089   655.1449819
          4090   655.2329937
          4091   655.3209981
          4092   655.4089953
          4093   655.4969848
          4094   655.5849663
          4095   655.6729404
          4096   655.7609073
          4097   655.8488668
          4098   655.9368191
          4099   656.0247642
          4100   656.1127019
          4101   656.2006324
          4102   656.2885546
          4103   656.3764694
          4104   656.4643769
          4105   656.5522773
          4106   656.6401703
          4107   656.7280562
          4108   656.8159347
          4109   656.9038061
          4110   656.9916694
          4111   657.0795251
          4112   657.1673736
          4113   657.2552149
          4114   657.3430489
          4115   657.4308758
          4116   657.5186954
          4117   657.6065078
          4118   657.6943124
          4119   657.7821093
          4120   657.8698989
          4121   657.9576813
          4122   658.0454566
          4123   658.1332246
          4124   658.2209855
          4125   658.3087392
          4126   658.3964853
          4127   658.4842235
          4128   658.5719545
          4129   658.6596783
          4130   658.7473949
          4131   658.8351044
          4132   658.9228067
          4133   659.0105019
          4134   659.0981897
          4135   659.1858694
          4136   659.2735419
          4137   659.3612073
          4138   659.4488656
          4139   659.5365167
          4140   659.6241606
          4141   659.7117975
          4142   659.7994272
          4143   659.8870486
          4144   659.9746629
          4145     660.06227
          4146   660.1498701
          4147   660.2374631
          4148   660.3250489
          4149   660.4126276
          4150   660.5001993
          4151   660.5877627
          4152   660.6753189
          4153   660.7628681
          4154   660.8504102
          4155   660.9379452
          4156   661.0254731
          4157    661.112994
          4158   661.2005077
          4159   661.2880133
          4160   661.3755117
          4161   661.4630031
          4162   661.5504874
          4163   661.6379647
          4164   661.7254349
          4165    661.812898
          4166   661.9003541
          4167    661.987802
          4168   662.0752428
          4169   662.1626766
          4170   662.2501033
          4171    662.337523
          4172   662.4249357
          4173   662.5123414
          4174     662.59974
          4175   662.6871304
          4176   662.7745138
          4177   662.8618902
          4178   662.9492596
          4179   663.0366219
          4180   663.1239773
          4181   663.2113257
          4182   663.2986669
          4183   663.3860001
          4184   663.4733263
          4185   663.5606455
          4186   663.6479577
          4187   663.7352629
          4188   663.8225612
          4189   663.9098524
          4190   663.9971365
          4191   664.0844126
          4192   664.1716818
          4193    664.258944
          4194   664.3461992
          4195   664.4334475
          4196   664.5206889
          4197   664.6079233
          4198   664.6951502
          4199   664.7823695
          4200   664.8695819
          4201   664.9567873
          4202   665.0439858
          4203   665.1311774
          4204    665.218362
          4205   665.3055397
          4206   665.3927098
          4207   665.4798724
          4208   665.5670282
          4209    665.654177
          4210   665.7413189
          4211    665.828454
          4212   665.9155821
          4213   666.0027033
          4214   666.0898166
          4215   666.1769229
          4216   666.2640222
          4217   666.3511146
          4218   666.4382002
          4219   666.5252789
          4220   666.6123506
          4221   666.6994155
          4222   666.7864724
          4223   666.8735223
          4224   666.9605654
          4225   667.0476017
          4226   667.1346311
          4227   667.2216536
          4228   667.3086693
          4229   667.3956777
          4230   667.4826785
          4231   667.5696724
          4232   667.6566595
          4233   667.7436397
          4234   667.8306131
          4235   667.9175797
          4236   668.0045395
          4237   668.0914916
          4238   668.1784365
          4239   668.2653746
          4240   668.3523058
          4241   668.4392303
          4242   668.5261479
          4243   668.6130587
          4244   668.6999627
          4245   668.7868588
          4246    668.873748
          4247   668.9606304
          4248    669.047506
          4249   669.1343748
          4250   669.2212369
          4251   669.3080921
          4252   669.3949402
          4253   669.4817807
          4254   669.5686144
          4255   669.6554413
          4256   669.7422615
          4257   669.8290749
          4258   669.9158816
          4259   670.0026815
          4260   670.0894737
          4261   670.1762588
          4262   670.2630373
          4263   670.3498089
          4264   670.4365739
          4265   670.5233321
          4266   670.6100835
          4267   670.6968279
          4268   670.7835647
          4269   670.8702948
          4270   670.9570181
          4271   671.0437347
          4272   671.1304446
          4273   671.2171477
          4274   671.3038442
          4275    671.390533
          4276   671.4772148
          4277     671.56389
          4278   671.6505584
          4279   671.7372201
          4280   671.8238751
          4281   671.9105234
          4282   671.9971648
          4283   672.0837985
          4284   672.1704255
          4285   672.2570459
          4286   672.3436596
          4287   672.4302666
          4288   672.5168669
          4289   672.6034606
          4290   672.6900466
          4291   672.7766258
          4292   672.8631982
          4293    672.949764
          4294   673.0363231
          4295   673.1228756
          4296   673.2094215
          4297   673.2959603
          4298   673.3824916
          4299   673.4690163
          4300   673.5555344
          4301   673.6420458
          4302   673.7285506
          4303   673.8150488
          4304   673.9015403
          4305   673.9880242
          4306   674.0745012
          4307   674.1609717
          4308   674.2474355
          4309   674.3338928
          4310   674.4203434
          4311   674.5067874
          4312   674.5932243
          4313   674.6796539
          4314   674.7660769
          4315   674.8524933
          4316   674.9389031
          4317   675.0253063
          4318    675.111703
          4319   675.1980929
          4320   675.2844752
          4321   675.3708509
          4322     675.45722
          4323   675.5435825
          4324   675.6299385
          4325    675.716288
          4326   675.8026308
          4327   675.8889661
          4328   675.9752947
          4329   676.0616166
          4330    676.147932
          4331   676.2342409
          4332   676.3205433
          4333   676.4068391
          4334   676.4931277
          4335   676.5794092
          4336   676.6656841
          4337   676.7519526
          4338   676.8382145
          4339   676.9244699
          4340   677.0107187
          4341   677.0969608
          4342   677.1831954
          4343   677.2694235
          4344   677.3556451
          4345   677.4418601
          4346   677.5280687
          4347   677.6142708
          4348   677.7004664
          4349   677.7866542
          4350   677.8728356
          4351   677.9590105
          4352   678.0451788
          4353   678.1313407
          4354   678.2174962
          4355   678.3036451
          4356   678.3897867
          4357   678.4759214
          4358   678.5620497
          4359   678.6481715
          4360   678.7342869
          4361   678.8203958
          4362   678.9064983
          4363   678.9925936
          4364   679.0786819
          4365   679.1647638
          4366   679.2508392
          4367   679.3369081
          4368   679.4229707
          4369   679.5090268
          4370    679.595076
          4371    679.681118
          4372   679.7671535
          4373   679.8531827
          4374   679.9392054
          4375   680.0252217
          4376   680.1112315
          4377   680.1972347
          4378   680.2832305
          4379   680.3692199
          4380   680.4552029
          4381   680.5411795
          4382   680.6271497
          4383   680.7131135
          4384   680.7990708
          4385   680.8850205
          4386   680.9709639
          4387   681.0569009
          4388   681.1428315
          4389   681.2287557
          4390   681.3146735
          4391    681.400585
          4392   681.4864889
          4393   681.5723864
          4394   681.6582775
          4395   681.7441622
          4396   681.8300406
          4397   681.9159126
          4398   682.0017783
          4399   682.0876365
          4400   682.1734883
          4401   682.2593336
          4402   682.3451727
          4403   682.4310053
          4404   682.5168317
          4405   682.6026517
          4406   682.6884644
          4407   682.7742705
          4408   682.8600702
          4409   682.9458637
          4410   683.0316508
          4411   683.1174316
          4412   683.2032061
          4413   683.2889733
          4414   683.3747339
          4415   683.4604882
          4416   683.5462362
          4417   683.6319779
          4418   683.7177133
          4419   683.8034424
          4420   683.8891642
          4421   683.9748795
          4422   684.0605884
          4423   684.1462911
          4424   684.2319875
          4425   684.3176776
          4426   684.4033614
          4427    684.489038
          4428   684.5747081
          4429   684.6603718
          4430   684.7460293
          4431   684.8316805
          4432   684.9173255
          4433   685.0029642
          4434   685.0885957
          4435   685.1742206
          4436   685.2598393
          4437   685.3454517
          4438   685.4310579
          4439   685.5166579
          4440   685.6022516
          4441    685.687838
          4442    685.773418
          4443   685.8589917
          4444   685.9445592
          4445   686.0301205
          4446   686.1156756
          4447   686.2012244
          4448   686.2867659
          4449   686.3723011
          4450     686.45783
          4451   686.5433527
          4452   686.6288692
          4453   686.7143796
          4454   686.7998837
          4455   686.8853803
          4456   686.9708708
          4457    687.056355
          4458   687.1418331
          4459    687.227305
          4460   687.3127707
          4461     687.39823
          4462   687.4836821
          4463    687.569128
          4464   687.6545677
          4465   687.7400012
          4466   687.8254286
          4467   687.9108498
          4468   687.9962645
          4469   688.0816721
          4470   688.1670735
          4471   688.2524688
          4472   688.3378579
          4473   688.4232409
          4474   688.5086178
          4475   688.5939879
          4476   688.6793512
          4477   688.7647083
          4478   688.8500593
          4479   688.9354042
          4480   689.0207429
          4481   689.1060755
          4482   689.1914012
          4483   689.2767203
          4484   689.3620333
          4485   689.4473401
          4486   689.5326408
          4487   689.6179354
          4488   689.7032239
          4489   689.7885053
          4490   689.8737803
          4491   689.9590492
          4492    690.044312
          4493   690.1295687
          4494   690.2148193
          4495   690.3000638
          4496   690.3853009
          4497    690.470532
          4498    690.555757
          4499   690.6409758
          4500   690.7261887
          4501   690.8113954
          4502   690.8965957
          4503   690.9817891
          4504   691.0669763
          4505   691.1521575
          4506   691.2373326
          4507   691.3225016
          4508   691.4076646
          4509   691.4928209
          4510   691.5779705
          4511    691.663114
          4512   691.7482515
          4513    691.833383
          4514   691.9185084
          4515   692.0036278
          4516   692.0887401
          4517   692.1738461
          4518   692.2589461
          4519     692.34404
          4520    692.429128
          4521   692.5142098
          4522   692.5992857
          4523   692.6843542
          4524   692.7694168
          4525   692.8544733
          4526   692.9395238
          4527   693.0245683
          4528   693.1096068
          4529   693.1946389
          4530   693.2796641
          4531   693.3646833
          4532   693.4496965
          4533   693.5347038
          4534    693.619705
          4535   693.7047002
          4536   693.7896886
          4537   693.8746706
          4538   693.9596466
          4539   694.0446166
          4540   694.1295807
          4541   694.2145387
          4542   694.2994908
          4543   694.3844356
          4544   694.4693745
          4545   694.5543074
          4546   694.6392344
          4547   694.7241554
          4548   694.8090704
          4549    694.893979
          4550   694.9788808
          4551   695.0637767
          4552   695.1486667
          4553   695.2335507
          4554   695.3184288
          4555   695.4033009
          4556   695.4881661
          4557    695.573025
          4558   695.6578781
          4559   695.7427252
          4560   695.8275664
          4561   695.9124016
          4562   695.9972307
          4563   696.0820529
          4564   696.1668691
          4565   696.2516794
          4566   696.3364838
          4567   696.4212822
          4568   696.5060748
          4569   696.5908607
          4570   696.6756402
          4571   696.7604138
          4572   696.8451815
          4573   696.9299433
          4574   697.0146992
          4575   697.0994491
          4576    697.184192
          4577   697.2689289
          4578     697.35366
          4579   697.4383852
          4580   697.5231045
          4581   697.6078179
          4582   697.6925249
          4583   697.7772253
          4584   697.8619198
          4585   697.9466085
          4586   698.0312913
          4587   698.1159683
          4588   698.2006394
          4589   698.2853034
          4590   698.3699615
          4591   698.4546137
          4592   698.5392601
          4593   698.6239007
          4594   698.7085354
          4595   698.7931637
          4596   698.8777855
          4597   698.9624014
          4598   699.0470115
          4599   699.1316157
          4600   699.2162142
          4601   699.3008068
          4602   699.3853923
          4603    699.469972
          4604   699.5545458
          4605   699.6391139
          4606   699.7236761
          4607   699.8082325
          4608   699.8927825
          4609    699.977326
          4610   700.0618637
          4611   700.1463956
          4612   700.2309217
          4613   700.3154421
          4614   700.3999566
          4615    700.484464
          4616   700.5689657
          4617   700.6534615
          4618   700.7379516
          4619   700.8224359
          4620   700.9069144
          4621   700.9913864
          4622   701.0758521
          4623    701.160312
          4624   701.2447661
          4625   701.3292145
          4626   701.4136571
          4627   701.4980938
          4628   701.5825235
          4629   701.6669476
          4630   701.7513658
          4631   701.8357784
          4632   701.9201851
          4633   702.0045862
          4634   702.0889805
          4635   702.1733688
          4636   702.2577513
          4637    702.342128
          4638    702.426499
          4639   702.5108643
          4640   702.5952235
          4641    702.679576
          4642   702.7639229
          4643   702.8482639
          4644   702.9325993
          4645    703.016929
          4646   703.1012529
          4647   703.1855699
          4648   703.2698811
          4649   703.3541866
          4650   703.4384864
          4651   703.5227805
          4652   703.6070689
          4653   703.6913509
          4654   703.7756266
          4655   703.8598966
          4656   703.9441609
          4657   704.0284195
          4658   704.1126724
          4659   704.1969194
          4660   704.2811597
          4661   704.3653942
          4662   704.4496231
          4663   704.5338464
          4664   704.6180639
          4665   704.7022758
          4666   704.7864809
          4667   704.8706801
          4668   704.9548737
          4669   705.0390616
          4670   705.1232439
          4671   705.2074205
          4672   705.2915908
          4673   705.3757548
          4674   705.4599131
          4675   705.5440658
          4676   705.6282129
          4677   705.7123543
          4678   705.7964898
          4679   705.8806186
          4680   705.9647418
          4681   706.0488593
          4682   706.1329713
          4683   706.2170776
          4684   706.3011782
          4685   706.3852721
          4686   706.4693602
          4687   706.5534427
          4688   706.6375196
          4689   706.7215909
          4690   706.8056565
          4691   706.8897157
          4692   706.9737689
          4693   707.0578164
          4694   707.1418583
          4695   707.2258947
          4696   707.3099254
          4697     707.39395
          4698   707.4779683
          4699   707.5619809
          4700    707.645988
          4701   707.7299894
          4702   707.8139853
          4703   707.8979755
          4704   707.9819589
          4705   708.0659367
          4706    708.149909
          4707   708.2338757
          4708   708.3178368
          4709   708.4017923
          4710   708.4857411
          4711   708.5696843
          4712   708.6536218
          4713   708.7375538
          4714   708.8214802
          4715   708.9054011
          4716   708.9893156
          4717    709.073224
          4718    709.157127
          4719   709.2410243
          4720   709.3249162
          4721   709.4088025
          4722   709.4926826
          4723   709.5765565
          4724   709.6604249
          4725   709.7442877
          4726   709.8281451
          4727   709.9119968
          4728   709.9958428
          4729   710.0796822
          4730   710.1635161
          4731   710.2473445
          4732   710.3311674
          4733   710.4149847
          4734   710.4987965
          4735   710.5826015
          4736    710.666401
          4737    710.750195
          4738   710.8339836
          4739   710.9177666
          4740   711.0015441
          4741   711.0853149
          4742   711.1690802
          4743   711.2528399
          4744   711.3365941
          4745   711.4203429
          4746   711.5040861
          4747   711.5878229
          4748   711.6715539
          4749   711.7552795
          4750   711.8389995
          4751   711.9227141
          4752   712.0064232
          4753    712.090126
          4754   712.1738228
          4755   712.2575142
          4756   712.3412002
          4757   712.4248806
          4758   712.5085556
          4759   712.5922246
          4760   712.6758873
          4761   712.7595447
          4762   712.8431966
          4763    712.926843
          4764    713.010484
          4765   713.0941191
          4766   713.1777479
          4767   713.2613713
          4768   713.3449892
          4769   713.4286017
          4770   713.5122088
          4771   713.5958101
          4772    713.679405
          4773   713.7629944
          4774   713.8465785
          4775   713.9301571
          4776   714.0137303
          4777   714.0972979
          4778    714.180859
          4779   714.2644147
          4780   714.3479649
          4781   714.4315098
          4782   714.5150492
          4783   714.5985831
          4784   714.6821105
          4785   714.7656324
          4786   714.8491489
          4787   714.9326601
          4788   715.0161658
          4789   715.0996661
          4790   715.1831598
          4791   715.2666481
          4792    715.350131
          4793   715.4336085
          4794   715.5170806
          4795   715.6005474
          4796   715.6840075
          4797   715.7674622
          4798   715.8509115
          4799   715.9343555
          4800   716.0177941
          4801   716.1012273
          4802   716.1846539
          4803   716.2680751
          4804    716.351491
          4805   716.4349015
          4806   716.5183066
          4807   716.6017064
          4808   716.6850996
          4809   716.7684874
          4810   716.8518699
          4811   716.9352469
          4812   717.0186187
          4813   717.1019851
          4814    717.185345
          4815   717.2686995
          4816   717.3520486
          4817   717.4353924
          4818   717.5187308
          4819   717.6020639
          4820   717.6853906
          4821   717.7687117
          4822   717.8520276
          4823   717.9353381
          4824   718.0186434
          4825   718.1019433
          4826   718.1852367
          4827   718.2685247
          4828   718.3518074
          4829   718.4350847
          4830   718.5183568
          4831   718.6016236
          4832   718.6848839
          4833   718.7681387
          4834   718.8513883
          4835   718.9346326
          4836   719.0178716
          4837   719.1011053
          4838   719.1843325
          4839   719.2675543
          4840   719.3507709
          4841   719.4339821
          4842   719.5171881
          4843   719.6003889
          4844    719.683583
          4845   719.7667719
          4846   719.8499555
          4847   719.9331338
          4848   720.0163069
          4849   720.0994747
          4850   720.1826359
          4851   720.2657919
          4852   720.3489426
          4853   720.4320881
          4854   720.5152284
          4855   720.5983632
          4856   720.6814916
          4857   720.7646148
          4858   720.8477327
          4859   720.9308454
          4860   721.0139529
          4861   721.0970549
          4862   721.1801506
          4863    721.263241
          4864   721.3463262
          4865   721.4294062
          4866    721.512481
          4867   721.5955502
          4868   721.6786132
          4869    721.761671
          4870   721.8447235
          4871   721.9277709
          4872   722.0108131
          4873   722.0938495
          4874   722.1768799
          4875   722.2599051
          4876   722.3429251
          4877   722.4259399
          4878   722.5089495
          4879   722.5919533
          4880   722.6749512
          4881   722.7579439
          4882   722.8409314
          4883   722.9239137
          4884   723.0068908
          4885    723.089862
          4886   723.1728274
          4887   723.2557877
          4888   723.3387428
          4889   723.4216927
          4890   723.5046374
          4891    723.587576
          4892   723.6705091
          4893    723.753437
          4894   723.8363597
          4895   723.9192773
          4896   724.0021897
          4897   724.0850958
          4898   724.1679966
          4899   724.2508922
          4900   724.3337826
          4901   724.4166679
          4902   724.4995481
          4903   724.5824218
          4904   724.6652903
          4905   724.7481537
          4906    724.831012
          4907   724.9138651
          4908   724.9967128
          4909   725.0795544
          4910   725.1623907
          4911    725.245222
          4912   725.3280481
          4913   725.4108692
          4914   725.4936846
          4915    725.576494
          4916   725.6592983
          4917   725.7420975
          4918   725.8248916
          4919   725.9076806
          4920   725.9904637
          4921   726.0732411
          4922   726.1560134
          4923   726.2387806
          4924   726.3215427
          4925   726.4042997
          4926   726.4870506
          4927   726.5697961
          4928   726.6525365
          4929   726.7352718
          4930    726.818002
          4931   726.9007271
          4932   726.9834458
          4933   727.0661594
          4934   727.1488679
          4935   727.2315714
          4936   727.3142698
          4937   727.3969628
          4938   727.4796497
          4939   727.5623315
          4940   727.6450082
          4941   727.7276799
          4942   727.8103465
          4943   727.8930075
          4944   727.9756626
          4945   728.0583127
          4946   728.1409577
          4947   728.2235977
          4948   728.3062326
          4949   728.3888616
          4950   728.4714851
          4951   728.5541035
          4952   728.6367169
          4953   728.7193252
          4954   728.8019285
          4955   728.8845255
          4956   728.9671174
          4957   729.0497043
          4958   729.1322861
          4959   729.2148628
          4960   729.2974344
          4961   729.3799998
          4962   729.4625601
          4963   729.5451154
          4964   729.6276657
          4965    729.710211
          4966   729.7927507
          4967   729.8752846
          4968   729.9578135
          4969   730.0403374
          4970   730.1228563
          4971   730.2053702
          4972   730.2878781
          4973   730.3703806
          4974   730.4528781
          4975   730.5353707
          4976   730.6178582
          4977   730.7003407
          4978   730.7828169
          4979   730.8652881
          4980   730.9477543
          4981   731.0302155
          4982   731.1126718
          4983   731.1951227
          4984   731.2775676
          4985   731.3600075
          4986   731.4424425
          4987   731.5248725
          4988   731.6072975
          4989   731.6897167
          4990   731.7721305
          4991   731.8545392
          4992    731.936943
          4993   732.0193419
          4994   732.1017357
          4995   732.1841234
          4996    732.266506
          4997   732.3488837
          4998   732.4312564
          4999   732.5136241
          5000   732.5959866
          5001   732.6783431
          5002   732.7606947
          5003   732.8430413
          5004   732.9253829
          5005   733.0077197
          5006   733.0900507
          5007   733.1723762
          5008   733.2546968
          5009   733.3370124
          5010   733.4193231
          5011   733.5016289
          5012   733.5839285
          5013   733.6662231
          5014   733.7485128
          5015   733.8307975
          5016   733.9130773
          5017   733.9953518
          5018   734.0776205
          5019   734.1598842
          5020    734.242143
          5021   734.3243969
          5022   734.4066459
          5023   734.4888892
          5024    734.571127
          5025   734.6533599
          5026    734.735588
          5027   734.8178111
          5028   734.9000293
          5029   734.9822413
          5030   735.0644484
          5031   735.1466507
          5032    735.228848
          5033   735.3110404
          5034   735.3932275
          5035   735.4754088
          5036   735.5575852
          5037   735.6397568
          5038   735.7219235
          5039   735.8040853
          5040   735.8862412
          5041   735.9683919
          5042   736.0505378
          5043   736.1326788
          5044   736.2148149
          5045   736.2969459
          5046   736.3790709
          5047   736.4611911
          5048   736.5433065
          5049   736.6254169
          5050   736.7075225
          5051   736.7896225
          5052   736.8717171
          5053   736.9538068
          5054   737.0358917
          5055   737.1179717
          5056   737.2000469
          5057   737.2821159
          5058     737.36418
          5059   737.4462393
          5060   737.5282938
          5061   737.6103435
          5062   737.6923877
          5063   737.7744264
          5064   737.8564602
          5065   737.9384891
          5066   738.0205133
          5067   738.1025326
          5068    738.184546
          5069   738.2665543
          5070   738.3485579
          5071   738.4305566
          5072   738.5125505
          5073   738.5945392
          5074   738.6765221
          5075   738.7585002
          5076   738.8404736
          5077   738.9224421
          5078   739.0044058
          5079   739.0863637
          5080   739.1683165
          5081   739.2502644
          5082   739.3322076
          5083    739.414146
          5084   739.4960793
          5085   739.5780068
          5086   739.6599294
          5087   739.7418473
          5088   739.8237604
          5089   739.9056687
          5090   739.9875713
          5091   740.0694688
          5092   740.1513614
          5093   740.2332493
          5094   740.3151324
          5095   740.3970105
          5096   740.4788827
          5097   740.5607501
          5098   740.6426128
          5099   740.7244707
          5100   740.8063238
          5101   740.8881713
          5102   740.9700136
          5103   741.0518511
          5104   741.1336839
          5105   741.2155119
          5106    741.297335
          5107   741.3791522
          5108   741.4609646
          5109   741.5427723
          5110   741.6245752
          5111   741.7063734
          5112    741.788166
          5113   741.8699534
          5114    741.951736
          5115   742.0335139
          5116   742.1152871
          5117   742.1970553
          5118   742.2788177
          5119   742.3605753
          5120   742.4423282
          5121   742.5240764
          5122   742.6058199
          5123   742.6875577
          5124   742.7692904
          5125   742.8510184
          5126   742.9327416
          5127   743.0144602
          5128   743.0961737
          5129   743.1778815
          5130   743.2595846
          5131   743.3412829
          5132   743.4229766
          5133   743.5046656
          5134   743.5863488
          5135    743.668027
          5136   743.7497006
          5137   743.8313694
          5138   743.9130335
          5139   743.9946926
          5140    744.076346
          5141   744.1579947
          5142   744.2396387
          5143   744.3212781
          5144   744.4029127
          5145   744.4845416
          5146   744.5661655
          5147   744.6477848
          5148   744.7293994
          5149   744.8110094
          5150   744.8926141
          5151   744.9742134
          5152   745.0558079
          5153   745.1373979
          5154   745.2189831
          5155   745.3005637
          5156   745.3821383
          5157   745.4637083
          5158   745.5452735
          5159   745.6268341
          5160   745.7083901
          5161   745.7899407
          5162    745.871486
          5163   745.9530267
          5164   746.0345627
          5165   746.1160941
          5166   746.1976206
          5167   746.2791414
          5168   746.3606575
          5169   746.4421689
          5170   746.5236758
          5171    746.605178
          5172   746.6866746
          5173   746.7681661
          5174   746.8496531
          5175   746.9311354
          5176   747.0126132
          5177   747.0940858
          5178   747.1755529
          5179   747.2570154
          5180   747.3384733
          5181   747.4199266
          5182   747.5013752
          5183    747.582818
          5184   747.6642561
          5185   747.7456896
          5186   747.8271184
          5187   747.9085427
          5188   747.9899616
          5189   748.0713753
          5190   748.1527844
          5191   748.2341889
          5192   748.3155889
          5193    748.396984
          5194   748.4783733
          5195   748.5597581
          5196   748.6411383
          5197   748.7225139
          5198   748.8038849
          5199   748.8852503
          5200   748.9666108
          5201   749.0479667
          5202   749.1293181
          5203   749.2106648
          5204   749.2920065
          5205   749.3733427
          5206   749.4546744
          5207   749.5360016
          5208   749.6173241
          5209    749.698642
          5210   749.7799541
          5211   749.8612616
          5212   749.9425645
          5213   750.0238629
          5214   750.1051568
          5215   750.1864451
          5216   750.2677285
          5217   750.3490073
          5218   750.4302815
          5219   750.5115513
          5220   750.5928159
          5221   750.6740752
          5222   750.7553299
          5223   750.8365801
          5224   750.9178258
          5225   750.9990668
          5226    751.080302
          5227   751.1615327
          5228   751.2427589
          5229   751.3239805
          5230   751.4051976
          5231   751.4864092
          5232   751.5676159
          5233    751.648818
          5234   751.7300157
          5235   751.8112088
          5236   751.8923968
          5237   751.9735795
          5238   752.0547578
          5239   752.1359314
          5240   752.2171006
          5241   752.2982652
          5242    752.379424
          5243   752.4605783
          5244   752.5417281
          5245   752.6228734
          5246   752.7040142
          5247   752.7851494
          5248   752.8662798
          5249   752.9474057
          5250   753.0285272
          5251   753.1096441
          5252   753.1907559
          5253   753.2718625
          5254   753.3529647
          5255   753.4340623
          5256   753.5151554
          5257   753.5962438
          5258   753.6773267
          5259    753.758405
          5260   753.8394789
          5261   753.9205483
          5262   754.0016132
          5263   754.0826724
          5264    754.163727
          5265   754.2447772
          5266   754.3258228
          5267   754.4068641
          5268   754.4878999
          5269   754.5689309
          5270   754.6499573
          5271   754.7309793
          5272   754.8119969
          5273   754.8930095
          5274   754.9740168
          5275   755.0550196
          5276    755.136018
          5277   755.2170119
          5278   755.2980012
          5279   755.3789849
          5280   755.4599641
          5281   755.5409389
          5282   755.6219093
          5283   755.7028752
          5284   755.7838355
          5285   755.8647912
          5286   755.9457424
          5287   756.0266892
          5288   756.1076316
          5289   756.1885687
          5290   756.2695009
          5291   756.3504286
          5292   756.4313519
          5293   756.5122708
          5294   756.5931848
          5295   756.6740935
          5296   756.7549978
          5297   756.8358976
          5298   756.9167931
          5299    756.997684
          5300   757.0785692
          5301   757.1594501
          5302   757.2403265
          5303   757.3211985
          5304   757.4020662
          5305   757.4829282
          5306   757.5637857
          5307   757.6446387
          5308   757.7254874
          5309   757.8063317
          5310   757.8871707
          5311   757.9680048
          5312   758.0488345
          5313   758.1296599
          5314   758.2104808
          5315   758.2912968
          5316   758.3721076
          5317   758.4529141
          5318   758.5337161
          5319   758.6145138
          5320   758.6953068
          5321   758.7760944
          5322   758.8568776
          5323   758.9376564
          5324   759.0184309
          5325   759.0992009
          5326   759.1799652
          5327   759.2607252
          5328   759.3414809
          5329   759.4222321
          5330    759.502979
          5331   759.5837204
          5332   759.6644572
          5333   759.7451897
          5334   759.8259178
          5335   759.9066416
          5336   759.9873601
          5337   760.0680738
          5338   760.1487831
          5339   760.2294881
          5340   760.3101888
          5341   760.3908845
          5342   760.4715751
          5343   760.5522613
          5344   760.6329433
          5345   760.7136208
          5346   760.7942937
          5347   760.8749613
          5348   760.9556245
          5349   761.0362834
          5350    761.116938
          5351    761.197588
          5352   761.2782326
          5353   761.3588728
          5354   761.4395087
          5355   761.5201403
          5356   761.6007676
          5357   761.6813892
          5358   761.7620065
          5359   761.8426195
          5360   761.9232281
          5361   762.0038324
          5362   762.0844314
          5363   762.1650257
          5364   762.2456158
          5365   762.3262015
          5366    762.406783
          5367   762.4873592
          5368   762.5679307
          5369   762.6484979
          5370   762.7290608
          5371   762.8096193
          5372    762.890173
          5373   762.9707216
          5374   763.0512659
          5375    763.131806
          5376   763.2123418
          5377   763.2928728
          5378   763.3733986
          5379   763.4539202
          5380   763.5344374
          5381   763.6149504
          5382   763.6954588
          5383   763.7759619
          5384   763.8564607
          5385   763.9369553
          5386   764.0174455
          5387   764.0979314
          5388   764.1784118
          5389   764.2588878
          5390   764.3393597
          5391   764.4198273
          5392   764.5002906
          5393   764.5807483
          5394   764.6612017
          5395   764.7416509
          5396   764.8220958
          5397   764.9025364
          5398   764.9829717
          5399   765.0634024
          5400    765.143829
          5401   765.2242513
          5402   765.3046693
          5403   765.3850821
          5404   765.4654903
          5405   765.5458943
          5406    765.626294
          5407   765.7066895
          5408   765.7870798
          5409   765.8674655
          5410   765.9478469
          5411   766.0282241
          5412    766.108597
          5413    766.188965
          5414   766.2693281
          5415    766.349687
          5416   766.4300417
          5417   766.5103922
          5418   766.5907378
          5419   766.6710784
          5420   766.7514149
          5421   766.8317471
          5422   766.9120751
          5423   766.9923984
          5424   767.0727166
          5425   767.1530306
          5426   767.2333404
          5427    767.313646
          5428    767.393947
          5429   767.4742428
          5430   767.5545344
          5431   767.6348218
          5432    767.715105
          5433   767.7953837
          5434   767.8756572
          5435   767.9559265
          5436   768.0361916
          5437   768.1164524
          5438   768.1967089
          5439   768.2769601
          5440    768.357207
          5441   768.4374498
          5442   768.5176884
          5443   768.5979226
          5444   768.6781515
          5445   768.7583762
          5446   768.8385967
          5447    768.918813
          5448   768.9990251
          5449   769.0792317
          5450   769.1594342
          5451   769.2396324
          5452   769.3198265
          5453   769.4000165
          5454   769.4802009
          5455   769.5603811
          5456   769.6405572
          5457   769.7207291
          5458   769.8008969
          5459   769.8810592
          5460   769.9612173
          5461   770.0413712
          5462    770.121521
          5463   770.2016666
          5464   770.2818069
          5465   770.3619428
          5466   770.4420747
          5467   770.5222023
          5468   770.6023259
          5469   770.6824441
          5470   770.7625579
          5471   770.8426677
          5472   770.9227733
          5473   771.0028748
          5474   771.0829709
          5475   771.1630628
          5476   771.2431505
          5477    771.323234
          5478   771.4033135
          5479   771.4833877
          5480   771.5634575
          5481   771.6435232
          5482   771.7235848
          5483   771.8036422
          5484   771.8836945
          5485   771.9637423
          5486   772.0437861
          5487   772.1238257
          5488   772.2038612
          5489   772.2838915
          5490   772.3639174
          5491   772.4439393
          5492    772.523957
          5493   772.6039706
          5494    772.683979
          5495    772.763983
          5496   772.8439829
          5497   772.9239788
          5498   773.0039705
          5499   773.0839571
          5500   773.1639392
          5501   773.2439173
          5502   773.3238913
          5503   773.4038612
          5504   773.4838259
          5505   773.5637862
          5506   773.6437425
          5507   773.7236947
          5508   773.8036428
          5509   773.8835857
          5510   773.9635243
          5511   774.0434588
          5512   774.1233892
          5513   774.2033155
          5514   774.2832366
          5515   774.3631535
          5516   774.4430662
          5517   774.5229749
          5518   774.6028795
          5519   774.6827789
          5520    774.762674
          5521   774.8425651
          5522   774.9224521
          5523    775.002335
          5524   775.0822126
          5525   775.1620861
          5526   775.2419555
          5527   775.3218208
          5528   775.4016821
          5529   775.4815381
          5530   775.5613899
          5531   775.6412376
          5532   775.7210813
          5533    775.800921
          5534   775.8807553
          5535   775.9605855
          5536   776.0404117
          5537   776.1202338
          5538   776.2000519
          5539   776.2798646
          5540   776.3596733
          5541   776.4394779
          5542   776.5192785
          5543    776.599075
          5544   776.6788661
          5545   776.7586532
          5546   776.8384363
          5547   776.9182154
          5548   776.9979903
          5549     777.07776
          5550   777.1575256
          5551   777.2372872
          5552   777.3170448
          5553   777.3967982
          5554   777.4765464
          5555   777.5562906
          5556   777.6360308
          5557   777.7157669
          5558   777.7954988
          5559   777.8752255
          5560   777.9549483
          5561   778.0346671
          5562   778.1143818
          5563   778.1940922
          5564   778.2737976
          5565    778.353499
          5566   778.4331964
          5567   778.5128898
          5568   778.5925787
          5569   778.6722627
          5570   778.7519428
          5571   778.8316188
          5572   778.9112909
          5573   778.9909584
          5574   779.0706211
          5575   779.1502798
          5576   779.2299346
          5577   779.3095854
          5578   779.3892314
          5579   779.4688729
          5580   779.5485103
          5581   779.6281438
          5582   779.7077734
          5583   779.7873981
          5584   779.8670183
          5585   779.9466345
          5586   780.0262468
          5587   780.1058551
          5588   780.1854584
          5589   780.2650574
          5590   780.3446524
          5591   780.4242435
          5592   780.5038306
          5593   780.5834127
          5594   780.6629905
          5595   780.7425644
          5596   780.8221343
          5597   780.9017003
          5598    780.981261
          5599   781.0608177
          5600   781.1403705
          5601   781.2199193
          5602   781.2994641
          5603   781.3790036
          5604   781.4585392
          5605   781.5380709
          5606   781.6175986
          5607   781.6971221
          5608   781.7766406
          5609   781.8561551
          5610   781.9356657
          5611   782.0151724
          5612   782.0946748
          5613   782.1741722
          5614   782.2536657
          5615   782.3331553
          5616   782.4126409
          5617   782.4921221
          5618   782.5715986
          5619   782.6510711
          5620   782.7305396
          5621   782.8100043
          5622   782.8894644
          5623   782.9689198
          5624   783.0483714
          5625    783.127819
          5626   783.2072627
          5627   783.2867017
          5628   783.3661362
          5629   783.4455668
          5630   783.5249936
          5631   783.6044164
          5632   783.6838342
          5633   783.7632479
          5634   783.8426576
          5635   783.9220634
          5636   784.0014654
          5637   784.0808621
          5638   784.1602549
          5639   784.2396438
          5640   784.3190288
          5641   784.3984098
          5642   784.4777857
          5643   784.5571576
          5644   784.6365257
          5645   784.7158899
          5646   784.7952498
          5647   784.8746049
          5648   784.9539561
          5649   785.0333033
          5650   785.1126468
          5651   785.1919858
          5652     785.27132
          5653   785.3506505
          5654    785.429977
          5655   785.5092997
          5656   785.5886177
          5657   785.6679313
          5658   785.7472409
          5659   785.8265468
          5660   785.9058487
          5661   785.9851458
          5662   786.0644387
          5663   786.1437277
          5664   786.2230129
          5665   786.3022941
          5666   786.3815704
          5667   786.4608426
          5668   786.5401109
          5669   786.6193754
          5670    786.698636
          5671   786.7778914
          5672    786.857143
          5673   786.9363907
          5674   787.0156346
          5675   787.0948743
          5676   787.1741092
          5677   787.2533402
          5678   787.3325673
          5679   787.4117906
          5680   787.4910095
          5681   787.5702238
          5682   787.6494342
          5683   787.7286408
          5684   787.8078436
          5685   787.8870417
          5686   787.9662354
          5687   788.0454253
          5688   788.1246114
          5689   788.2037937
          5690    788.282971
          5691   788.3621443
          5692   788.4413137
          5693   788.5204793
          5694   788.5996411
          5695   788.6787977
          5696   788.7579505
          5697   788.8370994
          5698   788.9162446
          5699   788.9953857
          5700   789.0745218
          5701   789.1536542
          5702   789.2327827
          5703   789.3119075
          5704   789.3910279
          5705   789.4701436
          5706   789.5492556
          5707   789.6283638
          5708   789.7074681
          5709   789.7865678
          5710   789.8656632
          5711   789.9447549
          5712   790.0238427
          5713   790.1029267
          5714   790.1820058
          5715   790.2610808
          5716   790.3401521
          5717   790.4192196
          5718   790.4982832
          5719   790.5773418
          5720   790.6563966
          5721   790.7354476
          5722   790.8144948
          5723   790.8935378
          5724   790.9725761
          5725   791.0516106
          5726   791.1306414
          5727   791.2096683
          5728   791.2886908
          5729   791.3677088
          5730   791.4467231
          5731   791.5257336
          5732   791.6047404
          5733   791.6837423
          5734   791.7627402
          5735   791.8417343
          5736   791.9207246
          5737   791.9997111
          5738   792.0786926
          5739   792.1576702
          5740   792.2366442
          5741   792.3156143
          5742   792.3945804
          5743   792.4735417
          5744   792.5524992
          5745    792.631453
          5746   792.7104031
          5747   792.7893487
          5748   792.8682899
          5749   792.9472273
          5750    793.026161
          5751   793.1050909
          5752   793.1840161
          5753   793.2629372
          5754   793.3418546
          5755   793.4207682
          5756   793.4996781
          5757   793.5785829
          5758   793.6574839
          5759   793.7363813
          5760   793.8152749
          5761   793.8941644
          5762   793.9730491
          5763   794.0519302
          5764   794.1308075
          5765   794.2096811
          5766   794.2885502
          5767    794.367415
          5768   794.4462761
          5769   794.5251335
          5770   794.6039871
          5771   794.6828359
          5772   794.7616807
          5773   794.8405219
          5774   794.9193593
          5775   794.9981929
          5776   795.0770215
          5777   795.1558464
          5778   795.2346676
          5779   795.3134851
          5780   795.3922984
          5781   795.4711071
          5782   795.5499122
          5783   795.6287135
          5784   795.7075111
          5785   795.7863042
          5786   795.8650931
          5787   795.9438782
          5788   796.0226597
          5789   796.1014375
          5790   796.1802103
          5791   796.2589794
          5792   796.3377447
          5793   796.4165064
          5794   796.4952641
          5795    796.574017
          5796   796.6527662
          5797   796.7315118
          5798   796.8102537
          5799   796.8889912
          5800   796.9677243
          5801   797.0464538
          5802   797.1251796
          5803   797.2039017
          5804   797.2826191
          5805   797.3613325
          5806   797.4400423
          5807   797.5187483
          5808   797.5974506
          5809    797.676148
          5810   797.7548417
          5811   797.8335317
          5812   797.9122181
          5813   797.9909003
          5814    798.069578
          5815    798.148252
          5816   798.2269224
          5817   798.3055891
          5818   798.3842512
          5819   798.4629092
          5820   798.5415636
          5821   798.6202144
          5822   798.6988614
          5823   798.7775035
          5824   798.8561419
          5825   798.9347767
          5826   799.0134078
          5827   799.0920348
          5828   799.1706573
          5829   799.2492762
          5830   799.3278914
          5831    799.406503
          5832   799.4851099
          5833   799.5637129
          5834   799.6423122
          5835   799.7209078
          5836   799.7994998
          5837   799.8780869
          5838   799.9566703
          5839   800.0352501
          5840   800.1138262
          5841   800.1923983
          5842   800.2709658
          5843   800.3495297
          5844     800.42809
          5845   800.5066467
          5846   800.5851988
          5847   800.6637468
          5848   800.7422913
          5849   800.8208321
          5850   800.8993693
          5851   800.9779015
          5852   801.0564302
          5853   801.1349552
          5854   801.2134766
          5855   801.2919939
          5856   801.3705067
          5857   801.4490159
          5858   801.5275216
          5859   801.6060236
          5860    801.684521
          5861   801.7630144
          5862   801.8415043
          5863   801.9199905
          5864   801.9984731
          5865   802.0769508
          5866   802.1554249
          5867   802.2338954
          5868   802.3123623
          5869    802.390825
          5870   802.4692834
          5871   802.5477382
          5872   802.6261894
          5873    802.704637
          5874   802.7830799
          5875    802.861519
          5876   802.9399545
          5877   803.0183864
          5878   803.0968145
          5879   803.1752379
          5880   803.2536577
          5881   803.3320739
          5882   803.4104866
          5883    803.488895
          5884   803.5672991
          5885   803.6456997
          5886   803.7240967
          5887   803.8024901
          5888   803.8808788
          5889   803.9592638
          5890   804.0376451
          5891   804.1160229
          5892   804.1943968
          5893   804.2727662
          5894   804.3511319
          5895   804.4294941
          5896   804.5078528
          5897    804.586207
          5898   804.6645572
          5899   804.7429038
          5900   804.8212469
          5901   804.8995864
          5902    804.977921
          5903    805.056252
          5904   805.1345796
          5905   805.2129035
          5906   805.2912234
          5907   805.3695389
          5908   805.4478509
          5909   805.5261593
          5910   805.6044642
          5911   805.6827644
          5912   805.7610609
          5913   805.8393538
          5914   805.9176432
          5915   805.9959287
          5916   806.0742097
          5917   806.1524871
          5918    806.230761
          5919   806.3090313
          5920   806.3872973
          5921   806.4655593
          5922   806.5438177
          5923   806.6220726
          5924   806.7003239
          5925   806.7785704
          5926   806.8568134
          5927   806.9350528
          5928   807.0132887
          5929   807.0915206
          5930   807.1697481
          5931   807.2479721
          5932   807.3261926
          5933   807.4044096
          5934    807.482622
          5935   807.5608306
          5936   807.6390357
          5937   807.7172372
          5938    807.795435
          5939   807.8736282
          5940   807.9518179
          5941   808.0300041
          5942   808.1081868
          5943   808.1863652
          5944   808.2645395
          5945   808.3427104
          5946   808.4208777
          5947   808.4990415
          5948   808.5772005
          5949    808.655356
          5950    808.733508
          5951   808.8116565
          5952   808.8898009
          5953   808.9679411
          5954   809.0460777
          5955   809.1242109
          5956   809.2023407
          5957   809.2804657
          5958   809.3585871
          5959    809.436705
          5960   809.5148194
          5961   809.5929299
          5962    809.671036
          5963   809.7491387
          5964   809.8272378
          5965   809.9053335
          5966   809.9834247
          5967   810.0615121
          5968    810.139596
          5969   810.2176764
          5970   810.2957531
          5971   810.3738253
          5972   810.4518939
          5973   810.5299592
          5974   810.6080209
          5975   810.6860783
          5976   810.7641318
          5977   810.8421818
          5978   810.9202284
          5979   810.9982713
          5980   811.0763096
          5981   811.1543444
          5982   811.2323758
          5983   811.3104037
          5984   811.3884275
          5985   811.4664471
          5986   811.5444633
          5987   811.6224761
          5988   811.7004854
          5989   811.7784899
          5990   811.8564909
          5991   811.9344886
          5992   812.0124827
          5993   812.0904729
          5994   812.1684588
          5995   812.2464413
          5996   812.3244203
          5997    812.402396
          5998   812.4803669
          5999   812.5583343
          6000   812.6362983
          6001   812.7142588
          6002   812.7922154
          6003   812.8701677
          6004   812.9481166
          6005    813.026062
          6006   813.1040041
          6007   813.1819415
          6008   813.2598754
          6009   813.3378058
          6010   813.4157327
          6011   813.4936559
          6012   813.5715747
          6013     813.64949
          6014    813.727402
          6015   813.8053105
          6016   813.8832146
          6017   813.9611149
          6018   814.0390118
          6019   814.1169053
          6020   814.1947951
          6021   814.2726805
          6022   814.3505624
          6023   814.4284409
          6024   814.5063161
          6025   814.5841868
          6026   814.6620538
          6027   814.7399173
          6028   814.8177775
          6029    814.895634
          6030    814.973486
          6031   815.0513346
          6032   815.1291798
          6033   815.2070216
          6034   815.2848591
          6035   815.3626927
          6036    815.440523
          6037   815.5183499
          6038   815.5961732
          6039   815.6739919
          6040   815.7518073
          6041   815.8296193
          6042   815.9074279
          6043   815.9852322
          6044   816.0630327
          6045   816.1408298
          6046   816.2186235
          6047   816.2964136
          6048   816.3741992
          6049   816.4519814
          6050   816.5297603
          6051   816.6075357
          6052   816.6853069
          6053   816.7630743
          6054   816.8408383
          6055    816.918599
          6056    816.996356
          6057   817.0741085
          6058   817.1518577
          6059   817.2296035
          6060    817.307346
          6061   817.3850842
          6062   817.4628185
          6063   817.5405495
          6064   817.6182772
          6065   817.6960012
          6066   817.7737208
          6067    817.851437
          6068   817.9291499
          6069   818.0068594
          6070   818.0845646
          6071   818.1622661
          6072   818.2399642
          6073   818.3176589
          6074   818.3953501
          6075   818.4730368
          6076   818.5507201
          6077   818.6284001
          6078   818.7060768
          6079   818.7837492
          6080   818.8614178
          6081   818.9390831
          6082    819.016745
          6083   819.0944033
          6084   819.1720572
          6085   819.2497078
          6086   819.3273551
          6087    819.404999
          6088   819.4826385
          6089   819.5602744
          6090    819.637907
          6091   819.7155362
          6092   819.7931617
          6093    819.870783
          6094   819.9484009
          6095   820.0260155
          6096   820.1036267
          6097   820.1812335
          6098   820.2588368
          6099   820.3364367
          6100   820.4140334
          6101   820.4916262
          6102   820.5692148
          6103   820.6468001
          6104   820.7243821
          6105   820.8019608
          6106    820.879535
          6107   820.9571057
          6108   821.0346731
          6109   821.1122372
          6110   821.1897974
          6111   821.2673535
          6112   821.3449063
          6113   821.4224558
          6114   821.5000021
          6115   821.5775436
          6116   821.6550819
          6117   821.7326168
          6118   821.8101485
          6119   821.8876761
          6120   821.9651998
          6121   822.0427203
          6122   822.1202374
          6123   822.1977511
          6124   822.2752603
          6125   822.3527662
          6126   822.4302688
          6127   822.5077681
          6128   822.5852632
          6129   822.6627546
          6130   822.7402427
          6131   822.8177275
          6132   822.8952088
          6133   822.9726857
          6134   823.0501593
          6135   823.1276296
          6136   823.2050967
          6137   823.2825594
          6138   823.3600186
          6139   823.4374745
          6140   823.5149271
          6141   823.5923759
          6142   823.6698207
          6143   823.7472621
          6144   823.8247003
          6145   823.9021351
          6146   823.9795655
          6147   824.0569926
          6148   824.1344163
          6149   824.2118368
          6150   824.2892533
          6151   824.3666659
          6152   824.4440753
          6153   824.5214814
          6154   824.5988841
          6155   824.6762823
          6156   824.7536773
          6157    824.831069
          6158   824.9084574
          6159   824.9858418
          6160   825.0632223
          6161   825.1405997
          6162   825.2179737
          6163   825.2953443
          6164   825.3727105
          6165   825.4500735
          6166   825.5274333
          6167   825.6047897
          6168   825.6821419
          6169   825.7594906
          6170    825.836836
          6171   825.9141782
          6172   825.9915166
          6173   826.0688509
          6174    826.146182
          6175   826.2235099
          6176   826.3008345
          6177   826.3781546
          6178   826.4554715
          6179    826.532785
          6180   826.6100954
          6181   826.6874018
          6182   826.7647043
          6183   826.8420036
          6184   826.9192997
          6185   826.9965924
          6186   827.0738807
          6187   827.1511657
          6188   827.2284476
          6189   827.3057262
          6190   827.3830006
          6191   827.4602714
          6192    827.537539
          6193   827.6148034
          6194   827.6920641
          6195   827.7693207
          6196   827.8465741
          6197   827.9238243
          6198   828.0010713
          6199   828.0783138
          6200    828.155553
          6201    828.232789
          6202   828.3100218
          6203   828.3872506
          6204   828.4644756
          6205   828.5416974
          6206   828.6189161
          6207   828.6961313
          6208   828.7733421
          6209   828.8505498
          6210   828.9277543
          6211   829.0049555
          6212   829.0821526
          6213   829.1593461
          6214   829.2365364
          6215   829.3137236
          6216    829.390907
          6217   829.4680864
          6218   829.5452626
          6219   829.6224356
          6220   829.6996054
          6221   829.7767707
          6222   829.8539329
          6223   829.9310918
          6224   830.0082475
          6225   830.0853992
          6226   830.1625473
          6227   830.2396921
          6228   830.3168338
          6229   830.3939719
          6230   830.4711059
          6231   830.5482367
          6232   830.6253643
          6233   830.7024887
          6234   830.7796088
          6235   830.8567256
          6236   830.9338391
          6237   831.0109495
          6238   831.0880561
          6239   831.1651588
          6240   831.2422583
          6241   831.3193547
          6242   831.3964477
          6243   831.4735365
          6244    831.550622
          6245   831.6277044
          6246   831.7047836
          6247   831.7818586
          6248   831.8589302
          6249   831.9359985
          6250   832.0130638
          6251   832.0901253
          6252   832.1671829
          6253   832.2442373
          6254   832.3212886
          6255   832.3983366
          6256   832.4753802
          6257   832.5524207
          6258    832.629458
          6259   832.7064922
          6260   832.7835223
          6261   832.8605488
          6262   832.9375722
          6263   833.0145925
          6264   833.0916091
          6265   833.1686217
          6266   833.2456312
          6267   833.3226376
          6268   833.3996407
          6269   833.4766395
          6270   833.5536351
          6271   833.6306275
          6272   833.7076168
          6273   833.7846021
          6274   833.8615838
          6275   833.9385624
          6276   834.0155378
          6277   834.0925097
          6278   834.1694776
          6279   834.2464423
          6280   834.3234039
          6281   834.4003623
          6282   834.4773163
          6283   834.5542672
          6284    834.631215
          6285   834.7081596
          6286   834.7851002
          6287   834.8620373
          6288   834.9389712
          6289    835.015902
          6290   835.0928293
          6291   835.1697526
          6292   835.2466727
          6293   835.3235897
          6294   835.4005036
          6295   835.4774131
          6296   835.5543194
          6297   835.6312226
          6298   835.7081227
          6299   835.7850189
          6300   835.8619115
          6301   835.9388009
          6302   836.0156873
          6303   836.0925701
          6304   836.1694489
          6305   836.2463246
          6306   836.3231972
          6307   836.4000667
          6308   836.4769318
          6309   836.5537938
          6310   836.6306526
          6311   836.7075084
          6312   836.7843602
          6313   836.8612085
          6314   836.9380536
          6315   837.0148957
          6316   837.0917342
          6317   837.1685688
          6318   837.2454002
          6319   837.3222286
          6320   837.3990538
          6321   837.4758747
          6322   837.5526925
          6323   837.6295072
          6324   837.7063188
          6325   837.7831264
          6326   837.8599305
          6327   837.9367315
          6328   838.0135295
          6329   838.0903238
          6330   838.1671143
          6331   838.2439017
          6332    838.320686
          6333   838.3974671
          6334   838.4742439
          6335   838.5510177
          6336   838.6277884
          6337    838.704556
          6338   838.7813195
          6339   838.8580796
          6340   838.9348367
          6341   839.0115908
          6342    839.088341
          6343   839.1650876
          6344   839.2418311
          6345   839.3185715
          6346   839.3953086
          6347   839.4720416
          6348   839.5487715
          6349   839.6254984
          6350   839.7022222
          6351   839.7789417
          6352   839.8556581
          6353   839.9323714
          6354   840.0090817
          6355   840.0857881
          6356   840.1624909
          6357   840.2391906
          6358   840.3158874
          6359   840.3925806
          6360   840.4692699
          6361   840.5459561
          6362   840.6226393
          6363   840.6993195
          6364   840.7759952
          6365    840.852668
          6366   840.9293377
          6367   841.0060043
          6368    841.082667
          6369   841.1593262
          6370   841.2359824
          6371   841.3126356
          6372   841.3892851
          6373   841.4659309
          6374   841.5425736
          6375   841.6192133
          6376   841.6958498
          6377   841.7724821
          6378   841.8491114
          6379   841.9257376
          6380   842.0023609
          6381   842.0789799
          6382   842.1555957
          6383   842.2322085
          6384   842.3088183
          6385   842.3854243
          6386   842.4620267
          6387   842.5386261
          6388   842.6152225
          6389   842.6918154
          6390   842.7684044
          6391   842.8449904
          6392   842.9215734
          6393   842.9981532
          6394   843.0747289
          6395   843.1513015
          6396   843.2278711
          6397   843.3044377
          6398   843.3810002
          6399   843.4575594
          6400   843.5341157
          6401   843.6106689
          6402   843.6872184
          6403   843.7637643
          6404   843.8403071
          6405    843.916847
          6406   843.9933835
          6407   844.0699161
          6408   844.1464456
          6409   844.2229722
          6410   844.2994957
          6411   844.3760149
          6412   844.4525311
          6413   844.5290444
          6414   844.6055546
          6415   844.6820608
          6416   844.7585637
          6417   844.8350637
          6418   844.9115606
          6419   844.9880539
          6420   845.0645435
          6421   845.1410302
          6422   845.2175138
          6423   845.2939942
          6424   845.3704705
          6425   845.4469439
          6426   845.5234143
          6427   845.5998817
          6428   845.6763448
          6429   845.7528049
          6430   845.8292621
          6431   845.9057162
          6432   845.9821664
          6433   846.0586133
          6434   846.1350572
          6435   846.2114982
          6436   846.2879354
          6437   846.3643691
          6438   846.4407998
          6439   846.5172275
          6440   846.5936519
          6441   846.6700724
          6442   846.7464899
          6443   846.8229044
          6444   846.8993159
          6445   846.9757232
          6446   847.0521275
          6447   847.1285288
          6448   847.2049272
          6449   847.2813216
          6450   847.3577127
          6451   847.4341009
          6452   847.5104861
          6453   847.5868676
          6454   847.6632456
          6455   847.7396206
          6456   847.8159927
          6457   847.8923614
          6458   847.9687262
          6459   848.0450881
          6460    848.121447
          6461   848.1978029
          6462   848.2741546
          6463   848.3505034
          6464   848.4268492
          6465    848.503192
          6466   848.5795308
          6467   848.6558665
          6468   848.7321992
          6469    848.808529
          6470   848.8848549
          6471   848.9611775
          6472   849.0374971
          6473   849.1138138
          6474    849.190127
          6475   849.2664365
          6476   849.3427431
          6477   849.4190467
          6478   849.4953471
          6479   849.5716436
          6480   849.6479371
          6481   849.7242276
          6482   849.8005153
          6483   849.8767987
          6484   849.9530791
          6485   850.0293567
          6486   850.1056313
          6487    850.181902
          6488   850.2581694
          6489   850.3344339
          6490   850.4106955
          6491   850.4869534
          6492   850.5632078
          6493   850.6394594
          6494   850.7157079
          6495   850.7919532
          6496   850.8681946
          6497   850.9444331
          6498   851.0206687
          6499   851.0969012
          6500   851.1731297
          6501   851.2493552
          6502   851.3255778
          6503   851.4017975
          6504   851.4780131
          6505   851.5542257
          6506   851.6304354
          6507   851.7066421
          6508    851.782845
          6509   851.8590447
          6510   851.9352414
          6511   852.0114352
          6512   852.0876254
          6513   852.1638121
          6514   852.2399959
          6515   852.3161768
          6516   852.3923544
          6517   852.4685282
          6518   852.5446991
          6519   852.6208671
          6520    852.697032
          6521   852.7731929
          6522   852.8493509
          6523    852.925506
          6524   853.0016582
          6525   853.0778063
          6526   853.1539514
          6527   853.2300936
          6528    853.306233
          6529   853.3823684
          6530   853.4585007
          6531     853.53463
          6532   853.6107565
          6533   853.6868794
          6534   853.7629988
          6535   853.8391153
          6536   853.9152289
          6537   853.9913392
          6538   854.0674457
          6539   854.1435494
          6540   854.2196502
          6541   854.2957479
          6542   854.3718416
          6543   854.4479325
          6544   854.5240205
          6545   854.6001056
          6546   854.6761865
          6547   854.7522646
          6548   854.8283397
          6549   854.9044121
          6550   854.9804804
          6551   855.0565457
          6552   855.1326081
          6553   855.2086676
          6554   855.2847235
          6555    855.360776
          6556   855.4368256
          6557   855.5128724
          6558   855.5889157
          6559   855.6649554
          6560   855.7409923
          6561   855.8170263
          6562   855.8930571
          6563   855.9690841
          6564   856.0451082
          6565   856.1211295
          6566   856.1971478
          6567    856.273162
          6568   856.3491734
          6569    856.425182
          6570   856.5011877
          6571   856.5771893
          6572    856.653188
          6573   856.7291839
          6574   856.8051769
          6575    856.881166
          6576    856.957152
          6577   857.0331352
          6578   857.1091155
          6579   857.1850921
          6580   857.2610655
          6581   857.3370359
          6582   857.4130036
          6583   857.4889678
          6584   857.5649284
          6585   857.6408863
          6586   857.7168413
          6587    857.792793
          6588    857.868741
          6589   857.9446862
          6590   858.0206285
          6591   858.0965678
          6592   858.1725032
          6593   858.2484357
          6594   858.3243655
          6595   858.4002923
          6596   858.4762151
          6597    858.552135
          6598   858.6280521
          6599   858.7039664
          6600   858.7798767
          6601    858.855784
          6602   858.9316885
          6603   859.0075902
          6604   859.0834881
          6605   859.1593829
          6606   859.2352748
          6607   859.3111639
          6608   859.3870494
          6609   859.4629316
          6610   859.5388109
          6611   859.6146874
          6612   859.6905606
          6613   859.7664302
          6614    859.842297
          6615    859.918161
          6616   859.9940218
          6617   860.0698788
          6618   860.1457331
          6619   860.2215845
          6620    860.297433
          6621   860.3732775
          6622   860.4491192
          6623   860.5249581
          6624   860.6007942
          6625   860.6766262
          6626   860.7524554
          6627   860.8282818
          6628   860.9041054
          6629   860.9799251
          6630   861.0557418
          6631   861.1315557
          6632   861.2073668
          6633   861.2831742
          6634   861.3589784
          6635   861.4347798
          6636   861.5105784
          6637   861.5863735
          6638   861.6621652
          6639   861.7379542
          6640   861.8137403
          6641   861.8895231
          6642   861.9653024
          6643   862.0410789
          6644   862.1168526
          6645   862.1926231
          6646   862.2683899
          6647    862.344154
          6648   862.4199153
          6649   862.4956735
          6650   862.5714279
          6651   862.6471795
          6652   862.7229284
          6653   862.7986744
          6654   862.8744164
          6655   862.9501556
          6656    863.025892
          6657   863.1016257
          6658   863.1773554
          6659   863.2530822
          6660   863.3288063
          6661   863.4045275
          6662    863.480245
          6663   863.5559594
          6664   863.6316711
          6665     863.70738
          6666   863.7830852
          6667   863.8587873
          6668   863.9344866
          6669   864.0101831
          6670   864.0858762
          6671   864.1615659
          6672   864.2372528
          6673    864.312937
          6674   864.3886178
          6675   864.4642952
          6676   864.5399698
          6677   864.6156417
          6678   864.6913103
          6679   864.7669754
          6680   864.8426377
          6681   864.9182972
          6682   864.9939537
          6683   865.0696064
          6684   865.1452564
          6685   865.2209037
          6686    865.296548
          6687   865.3721884
          6688   865.4478261
          6689    865.523461
          6690   865.5990932
          6691   865.6747214
          6692   865.7503468
          6693   865.8259694
          6694   865.9015894
          6695   865.9772053
          6696   866.0528185
          6697   866.1284289
          6698   866.2040366
          6699   866.2796404
          6700   866.3552413
          6701   866.4308395
          6702   866.5064349
          6703   866.5820266
          6704   866.6576153
          6705   866.7332012
          6706   866.8087844
          6707    866.884364
          6708   866.9599405
          6709   867.0355142
          6710   867.1110851
          6711   867.1866527
          6712   867.2622169
          6713   867.3377784
          6714   867.4133372
          6715   867.4888926
          6716   867.5644447
          6717    867.639994
          6718   867.7155405
          6719   867.7910839
          6720   867.8666238
          6721   867.9421609
          6722   868.0176953
          6723   868.0932266
          6724   868.1687543
          6725   868.2442793
          6726   868.3198015
          6727   868.3953208
          6728   868.4708363
          6729   868.5463491
          6730   868.6218592
          6731   868.6973665
          6732   868.7728698
          6733   868.8483705
          6734   868.9238685
          6735   868.9993637
          6736   869.0748549
          6737   869.1503435
          6738   869.2258293
          6739   869.3013125
          6740   869.3767917
          6741   869.4522681
          6742   869.5277418
          6743   869.6032129
          6744   869.6786801
          6745   869.7541444
          6746   869.8296061
          6747    869.905065
          6748   869.9805202
          6749   870.0559725
          6750    870.131422
          6751   870.2068689
          6752   870.2823121
          6753   870.3577523
          6754   870.4331898
          6755   870.5086246
          6756   870.5840559
          6757    870.659484
          6758   870.7349095
          6759   870.8103322
          6760   870.8857515
          6761   870.9611676
          6762    871.036581
          6763   871.1119918
          6764   871.1873991
          6765   871.2628032
          6766   871.3382046
          6767   871.4136033
          6768   871.4889987
          6769   871.5643908
          6770   871.6397801
          6771   871.7151668
          6772   871.7905503
          6773   871.8659304
          6774   871.9413077
          6775   872.0166824
          6776    872.092054
          6777   872.1674221
          6778   872.2427875
          6779   872.3181502
          6780   872.3935099
          6781    872.468866
          6782   872.5442194
          6783   872.6195701
          6784    872.694918
          6785   872.7702621
          6786   872.8456035
          6787   872.9209423
          6788   872.9962783
          6789   873.0716104
          6790   873.1469399
          6791   873.2222668
          6792   873.2975909
          6793   873.3729111
          6794   873.4482287
          6795   873.5235436
          6796   873.5988558
          6797   873.6741641
          6798   873.7494698
          6799   873.8247728
          6800   873.9000732
          6801   873.9753696
          6802   874.0506633
          6803   874.1259545
          6804   874.2012429
          6805   874.2765275
          6806   874.3518094
          6807   874.4270886
          6808   874.5023652
          6809   874.5776379
          6810   874.6529079
          6811   874.7281753
          6812     874.80344
          6813   874.8787009
          6814   874.9539591
          6815   875.0292145
          6816   875.1044674
          6817   875.1797165
          6818   875.2549628
          6819   875.3302065
          6820   875.4054475
          6821   875.4806848
          6822   875.5559193
          6823   875.6311511
          6824   875.7063803
          6825   875.7816058
          6826   875.8568285
          6827   875.9320484
          6828   876.0072658
          6829   876.0824796
          6830   876.1576904
          6831   876.2328986
          6832   876.3081042
          6833   876.3833062
          6834   876.4585052
          6835   876.5337016
          6836   876.6088954
          6837   876.6840857
          6838   876.7592729
          6839   876.8344575
          6840   876.9096395
          6841   876.9848181
          6842   877.0599935
          6843   877.1351664
          6844   877.2103366
          6845   877.2855034
          6846   877.3606671
          6847   877.4358282
          6848   877.5109867
          6849   877.5861418
          6850   877.6612938
          6851   877.7364431
          6852   877.8115898
          6853   877.8867333
          6854   877.9618735
          6855   878.0370111
          6856   878.1121461
          6857   878.1872778
          6858   878.2624064
          6859   878.3375322
          6860   878.4126555
          6861   878.4877756
          6862   878.5628924
          6863   878.6380066
          6864   878.7131182
          6865   878.7882266
          6866   878.8633317
          6867   878.9384342
          6868   879.0135341
          6869   879.0886308
          6870   879.1637242
          6871   879.2388151
          6872   879.3139033
          6873   879.3889884
          6874   879.4640701
          6875   879.5391493
          6876   879.6142259
          6877   879.6892993
          6878   879.7643694
          6879   879.8394369
          6880   879.9145018
          6881   879.9895637
          6882   880.0646221
          6883    880.139678
          6884   880.2147313
          6885   880.2897815
          6886   880.3648283
          6887   880.4398726
          6888   880.5149142
          6889   880.5899528
          6890    880.664988
          6891   880.7400207
          6892   880.8150507
          6893   880.8900777
          6894   880.9651013
          6895   881.0401224
          6896   881.1151409
          6897   881.1901562
          6898   881.2651683
          6899   881.3401777
          6900   881.4151846
          6901   881.4901884
          6902   881.5651889
          6903   881.6401868
          6904   881.7151821
          6905   881.7901743
          6906   881.8651632
          6907   881.9401496
          6908   882.0151333
          6909    882.090114
          6910   882.1650913
          6911   882.2400661
          6912   882.3150383
          6913   882.3900075
          6914   882.4649733
          6915   882.5399365
          6916   882.6148972
          6917   882.6898548
          6918   882.7648091
          6919   882.8397608
          6920     882.91471
          6921   882.9896561
          6922   883.0645989
          6923   883.1395391
          6924   883.2144767
          6925   883.2894113
          6926   883.3643426
          6927   883.4392713
          6928   883.5141975
          6929   883.5891205
          6930   883.6640403
          6931   883.7389575
          6932   883.8138722
          6933   883.8887838
          6934   883.9636921
          6935   884.0385979
          6936   884.1135011
          6937   884.1884012
          6938    884.263298
          6939   884.3381923
          6940   884.4130841
          6941   884.4879727
          6942   884.5628581
          6943    884.637741
          6944   884.7126213
          6945   884.7874985
          6946   884.8623724
          6947   884.9372438
          6948   885.0121127
          6949   885.0869784
          6950    885.161841
          6951    885.236701
          6952   885.3115585
          6953   885.3864127
          6954   885.4612639
          6955   885.5361125
          6956   885.6109585
          6957   885.6858014
          6958   885.7606411
          6959   885.8354783
          6960    885.910313
          6961   885.9851444
          6962   886.0599727
          6963   886.1347986
          6964   886.2096219
          6965   886.2844418
          6966   886.3592588
          6967   886.4340733
          6968   886.5088852
          6969   886.5836938
          6970   886.6584994
          6971   886.7333025
          6972   886.8081031
          6973   886.8829003
          6974   886.9576946
          6975   887.0324863
          6976   887.1072756
          6977   887.1820614
          6978   887.2568443
          6979   887.3316247
          6980   887.4064026
          6981   887.4811771
          6982   887.5559487
          6983   887.6307178
          6984   887.7054844
          6985   887.7802475
          6986   887.8550078
          6987   887.9297656
          6988   888.0045209
          6989   888.0792726
          6990   888.1540216
          6991   888.2287681
          6992   888.3035121
          6993   888.3782525
          6994   888.4529902
          6995   888.5277254
          6996   888.6024581
          6997   888.6771872
          6998   888.7519137
          6999   888.8266376
          7000    888.901359
          7001   888.9760768
          7002    889.050792
          7003   889.1255047
          7004   889.2002149
          7005   889.2749213
          7006   889.3496252
          7007   889.4243267
          7008   889.4990256
          7009   889.5737208
          7010   889.6484135
          7011   889.7231037
          7012   889.7977913
          7013   889.8724752
          7014   889.9471567
          7015   890.0218357
          7016    890.096512
          7017   890.1711848
          7018   890.2458551
          7019   890.3205228
          7020   890.3951879
          7021   890.4698494
          7022   890.5445085
          7023   890.6191651
          7024   890.6938189
          7025   890.7684692
          7026   890.8431171
          7027   890.9177625
          7028    890.992405
          7029   891.0670442
          7030   891.1416809
          7031   891.2163152
          7032   891.2909465
          7033   891.3655745
          7034      891.4402
          7035   891.5148231
          7036   891.5894431
          7037     891.66406
          7038   891.7386744
          7039   891.8132863
          7040   891.8878952
          7041   891.9625009
          7042   892.0371041
          7043   892.1117049
          7044   892.1863025
          7045   892.2608971
          7046   892.3354892
          7047   892.4100789
          7048   892.4846653
          7049   892.5592488
          7050   892.6338298
          7051   892.7084084
          7052   892.7829836
          7053    892.857556
          7054   892.9321259
          7055   893.0066933
          7056   893.0812574
          7057   893.1558187
          7058   893.2303775
          7059   893.3049339
          7060   893.3794867
          7061   893.4540369
          7062   893.5285847
          7063     893.60313
          7064   893.6776717
          7065   893.7522108
          7066   893.8267475
          7067   893.9012817
          7068   893.9758123
          7069   894.0503404
          7070    894.124866
          7071   894.1993891
          7072   894.2739086
          7073   894.3484256
          7074   894.4229402
          7075   894.4974522
          7076   894.5719606
          7077   894.6464666
          7078   894.7209702
          7079    894.795471
          7080   894.8699684
          7081   894.9444634
          7082   895.0189559
          7083   895.0934457
          7084   895.1679321
          7085   895.2424161
          7086   895.3168976
          7087   895.3913762
          7088   895.4658516
          7089   895.5403246
          7090   895.6147951
          7091   895.6892627
          7092   895.7637271
          7093   895.8381891
          7094   895.9126486
          7095   895.9871051
          7096   896.0615585
          7097   896.1360095
          7098   896.2104581
          7099   896.2849035
          7100    896.359346
          7101    896.433786
          7102   896.5082237
          7103    896.582658
          7104   896.6570895
          7105   896.7315186
          7106   896.8059453
          7107   896.8803686
          7108   896.9547891
          7109   897.0292073
          7110    897.103623
          7111   897.1780353
          7112   897.2524449
          7113   897.3268522
          7114    897.401257
          7115   897.4756582
          7116   897.5500569
          7117   897.6244532
          7118   897.6988471
          7119   897.7732373
          7120   897.8476251
          7121   897.9220105
          7122   897.9963934
          7123   898.0707727
          7124   898.1451496
          7125   898.2195242
          7126    898.293896
          7127   898.3682644
          7128   898.4426305
          7129   898.5169941
          7130   898.5913549
          7131   898.6657125
          7132   898.7400677
          7133   898.8144205
          7134   898.8887703
          7135    898.963117
          7136   899.0374613
          7137   899.1118033
          7138   899.1861421
          7139    899.260478
          7140   899.3348115
          7141   899.4091425
          7142   899.4834704
          7143   899.5577954
          7144   899.6321181
          7145   899.7064383
          7146   899.7807552
          7147   899.8550694
          7148   899.9293813
          7149   900.0036907
          7150   900.0779967
          7151      900.1523
          7152   900.2266011
          7153   900.3008997
          7154   900.3751947
          7155   900.4494873
          7156   900.5237775
          7157   900.5980652
          7158   900.6723494
          7159   900.7466312
          7160   900.8209106
          7161   900.8951874
          7162   900.9694608
          7163   901.0437318
          7164   901.1180005
          7165   901.1922664
          7166    901.266529
          7167   901.3407893
          7168   901.4150471
          7169   901.4893021
          7170    901.563554
          7171   901.6378035
          7172   901.7120506
          7173   901.7862947
          7174   901.8605358
          7175   901.9347746
          7176   902.0090109
          7177   902.0832441
          7178   902.1574745
          7179   902.2317025
          7180   902.3059282
          7181   902.3801505
          7182   902.4543702
          7183   902.5285875
          7184   902.6028024
          7185   902.6770139
          7186   902.7512228
          7187   902.8254294
          7188   902.8996336
          7189   902.9738342
          7190   903.0480325
          7191   903.1222283
          7192   903.1964217
          7193   903.2706116
          7194   903.3447992
          7195   903.4189844
          7196   903.4931669
          7197   903.5673461
          7198    903.641523
          7199   903.7156975
          7200   903.7898692
          7201   903.8640378
          7202    903.938204
          7203   904.0123679
          7204   904.0865287
          7205   904.1606866
          7206   904.2348422
          7207   904.3089954
          7208   904.3831454
          7209   904.4572927
          7210   904.5314376
          7211   904.6055802
          7212   904.6797194
          7213    904.753856
          7214   904.8279903
          7215   904.9021223
          7216   904.9762507
          7217   905.0503767
          7218   905.1245004
          7219   905.1986216
          7220   905.2727393
          7221   905.3468547
          7222   905.4209678
          7223   905.4950782
          7224   905.5691854
          7225   905.6432901
          7226   905.7173926
          7227   905.7914923
          7228   905.8655888
          7229    905.939683
          7230   906.0137749
          7231   906.0878638
          7232   906.1619498
          7233   906.2360334
          7234   906.3101147
          7235   906.3841929
          7236   906.4582683
          7237   906.5323413
          7238    906.606412
          7239   906.6804795
          7240   906.7545443
          7241   906.8286068
          7242   906.9026669
          7243   906.9767237
          7244   907.0507779
          7245   907.1248299
          7246   907.1988795
          7247   907.2729255
          7248   907.3469692
          7249   907.4210107
          7250   907.4950495
          7251    907.569085
          7252   907.6431182
          7253   907.7171491
          7254   907.7911773
          7255   907.8652023
          7256    907.939225
          7257   908.0132454
          7258   908.0872628
          7259   908.1612773
          7260   908.2352895
          7261   908.3092994
          7262   908.3833061
          7263   908.4573101
          7264   908.5313118
          7265   908.6053112
          7266   908.6793073
          7267   908.7533008
          7268   908.8272921
          7269    908.901281
          7270   908.9752664
          7271   909.0492494
          7272   909.1232302
          7273   909.1972085
          7274   909.2711834
          7275    909.345156
          7276   909.4191263
          7277   909.4930939
          7278   909.5670583
          7279   909.6410205
          7280   909.7149803
          7281   909.7889373
          7282   909.8628913
          7283    909.936843
          7284   910.0107924
          7285   910.0847388
          7286   910.1586824
          7287   910.2326236
          7288   910.3065626
          7289   910.3804984
          7290   910.4544315
          7291   910.5283624
          7292   910.6022909
          7293   910.6762161
          7294   910.7501388
          7295   910.8240593
          7296   910.8979773
          7297   910.9718919
          7298   911.0458043
          7299   911.1197143
          7300   911.1936218
          7301    911.267526
          7302    911.341428
          7303   911.4153277
          7304   911.4892245
          7305   911.5631184
          7306     911.63701
          7307   911.7108993
          7308   911.7847855
          7309    911.858669
          7310   911.9325502
          7311   912.0064292
          7312   912.0803049
          7313    912.154178
          7314   912.2280489
          7315   912.3019175
          7316   912.3757826
          7317   912.4496454
          7318   912.5235059
          7319    912.597364
          7320   912.6712188
          7321   912.7450712
          7322   912.8189214
          7323    912.892769
          7324   912.9666134
          7325   913.0404555
          7326   913.1142953
          7327   913.1881324
          7328   913.2619665
          7329   913.3357983
          7330   913.4096278
          7331   913.4834543
          7332   913.5572781
          7333   913.6310996
          7334   913.7049189
          7335   913.7787348
          7336   913.8525483
          7337   913.9263595
          7338   914.0001685
          7339    914.073974
          7340   914.1477772
          7341   914.2215781
          7342   914.2953766
          7343   914.3691718
          7344   914.4429647
          7345   914.5167554
          7346   914.5905433
          7347   914.6643283
          7348   914.7381109
          7349   914.8118913
          7350   914.8856688
          7351   914.9594435
          7352   915.0332159
          7353   915.1069861
          7354   915.1807531
          7355   915.2545175
          7356   915.3282797
          7357   915.4020396
          7358   915.4757961
          7359   915.5495503
          7360   915.6233023
          7361   915.6970518
          7362    915.770798
          7363    915.844542
          7364   915.9182837
          7365   915.9920229
          7366   916.0657589
          7367   916.1394926
          7368   916.2132241
          7369   916.2869528
          7370   916.3606786
          7371   916.4344022
          7372   916.5081235
          7373   916.5818417
          7374   916.6555573
          7375   916.7292707
          7376   916.8029818
          7377   916.8766896
          7378   916.9503951
          7379   917.0240982
          7380   917.0977991
          7381   917.1714966
          7382   917.2451919
          7383   917.3188849
          7384   917.3925753
          7385   917.4662627
          7386   917.5399477
          7387   917.6136306
          7388   917.6873107
          7389   917.7609878
          7390   917.8346628
          7391   917.9083355
          7392   917.9820052
          7393   918.0556722
          7394    918.129337
          7395   918.2029996
          7396   918.2766589
          7397   918.3503158
          7398   918.4239704
          7399   918.4976228
          7400   918.5712718
          7401   918.6449186
          7402   918.7185631
          7403   918.7922051
          7404    918.865844
          7405   918.9394807
          7406   919.0131152
          7407   919.0867468
          7408   919.1603756
          7409   919.2340021
          7410   919.3076265
          7411   919.3812478
          7412   919.4548665
          7413    919.528483
          7414   919.6020972
          7415   919.6757082
          7416   919.7493168
          7417   919.8229232
          7418   919.8965272
          7419    919.970128
          7420   920.0437265
          7421   920.1173229
          7422   920.1909166
          7423   920.2645073
          7424   920.3380958
          7425   920.4116821
          7426   920.4852655
          7427   920.5588461
          7428   920.6324246
          7429   920.7060008
          7430   920.7795739
          7431   920.8531445
          7432   920.9267129
          7433   921.0002791
          7434   921.0738419
          7435   921.1474025
          7436   921.2209608
          7437   921.2945168
          7438   921.3680695
          7439   921.4416201
          7440   921.5151684
          7441   921.5887141
          7442   921.6622568
          7443   921.7357973
          7444   921.8093357
          7445    921.882871
          7446   921.9564038
          7447   922.0299343
          7448   922.1034627
          7449   922.1769878
          7450   922.2505105
          7451   922.3240311
          7452   922.3975493
          7453   922.4710643
          7454    922.544577
          7455   922.6180876
          7456   922.6915956
          7457   922.7651006
          7458   922.8386034
          7459    922.912104
          7460   922.9856018
          7461   923.0590968
          7462   923.1325896
          7463   923.2060803
          7464   923.2795678
          7465   923.3530529
          7466   923.4265357
          7467   923.5000164
          7468   923.5734937
          7469   923.6469689
          7470   923.7204418
          7471   923.7939123
          7472   923.8673796
          7473   923.9408448
          7474   924.0143079
          7475   924.0877681
          7476   924.1612256
          7477   924.2346808
          7478   924.3081339
          7479    924.381584
          7480   924.4550315
          7481   924.5284769
          7482   924.6019201
          7483   924.6753599
          7484   924.7487976
          7485    924.822233
          7486   924.8956661
          7487    924.969096
          7488   925.0425237
